"YEAR","GEOID","NAME","chi_pov_stat_det","chi_below_pov","chi_above_pov"
1990,25025000101,"Census Tract 1.01",254,16,238
1990,25025000102,"Census Tract 1.02",298,19,279
1990,25025000201,"Census Tract 2.01",430,16,414
1990,25025000202,"Census Tract 2.02",648,198,450
1990,25025000301,"Census Tract 3.01",345,20,325
1990,25025000302,"Census Tract 3.02",341,20,321
1990,25025000401,"Census Tract 4.01",429,55,374
1990,25025000402,"Census Tract 4.02",327,45,282
1990,25025000502,"Census Tract 5.02",251,40,211
1990,25025000503,"Census Tract 5.03",125,19,106
1990,25025000505,"Census Tract 5.05",110,17,93
1990,25025000506,"Census Tract 5.06",146,22,124
1990,25025000601,"Census Tract 6.01",307,32,275
1990,25025000603,"Census Tract 6.03",302,102,200
1990,25025000604,"Census Tract 6.04",494,167,327
1990,25025000701,"Census Tract 7.01",231,45,186
1990,25025000703,"Census Tract 7.03",209,38,171
1990,25025000704,"Census Tract 7.04",423,77,346
1990,25025000804,"Census Tract 8.04",411,72,339
1990,25025000805,"Census Tract 8.05",494,88,406
1990,25025000806,"Census Tract 8.06",115,28,87
1990,25025000807,"Census Tract 8.07",105,26,79
1990,25025010103,"Census Tract 101.03",3,0,3
1990,25025010104,"Census Tract 101.04",139,28,111
1990,25025010204,"Census Tract 102.04",100,43,57
1990,25025010205,"Census Tract 102.05",77,33,44
1990,25025010206,"Census Tract 102.06",58,25,33
1990,25025010300,"Census Tract 103",289,156,133
1990,25025010403,"Census Tract 104.03",103,68,35
1990,25025010404,"Census Tract 104.04",136,90,46
1990,25025010405,"Census Tract 104.05",94,29,65
1990,25025010408,"Census Tract 104.08",45,19,26
1990,25025010500,"Census Tract 105",70,6,64
1990,25025010600,"Census Tract 106",34,0,34
1990,25025010701,"Census Tract 107.01",103,0,103
1990,25025010702,"Census Tract 107.02",98,0,98
1990,25025010801,"Census Tract 108.01",117,0,117
1990,25025010802,"Census Tract 108.02",122,0,122
1990,25025020101,"Census Tract 201.01",294,27,267
1990,25025020200,"Census Tract 202",213,26,187
1990,25025020301,"Census Tract 203.01",68,1,67
1990,25025020302,"Census Tract 203.02",41,0,41
1990,25025020304,"Census Tract 203.04",4,0,4
1990,25025020305,"Census Tract 203.05",50,0,50
1990,25025030100,"Census Tract 301",71,21,50
1990,25025030200,"Census Tract 302",144,61,83
1990,25025030301,"Census Tract 303.01",42,14,28
1990,25025030302,"Census Tract 303.02",44,15,29
1990,25025030400,"Census Tract 304",71,28,43
1990,25025030500,"Census Tract 305",153,7,146
1990,25025040100,"Census Tract 401",137,0,137
1990,25025040200,"Census Tract 402",407,127,280
1990,25025040300,"Census Tract 403",653,150,503
1990,25025040401,"Census Tract 404.01",441,39,402
1990,25025040600,"Census Tract 406",230,3,227
1990,25025040801,"Census Tract 408.01",509,185,324
1990,25025050101,"Census Tract 501.01",931,403,528
1990,25025050200,"Census Tract 502",899,244,655
1990,25025050300,"Census Tract 503",501,302,199
1990,25025050400,"Census Tract 504",270,89,181
1990,25025050500,"Census Tract 505",279,42,237
1990,25025050600,"Census Tract 506",341,92,249
1990,25025050700,"Census Tract 507",575,217,358
1990,25025050901,"Census Tract 509.01",615,202,413
1990,25025051000,"Census Tract 510",693,153,540
1990,25025051101,"Census Tract 511.01",1012,325,687
1990,25025051200,"Census Tract 512",321,84,237
1990,25025060101,"Census Tract 601.01",434,16,418
1990,25025060200,"Census Tract 602",434,32,402
1990,25025060301,"Census Tract 603.01",500,32,468
1990,25025060400,"Census Tract 604",769,26,743
1990,25025060501,"Census Tract 605.01",546,122,424
1990,25025060601,"Census Tract 606.01",118,31,87
1990,25025060602,"Census Tract 606.02",8,2,6
1990,25025060603,"Census Tract 606.03",5,1,4
1990,25025060604,"Census Tract 606.04",17,4,13
1990,25025060700,"Census Tract 607",432,228,204
1990,25025060800,"Census Tract 608",554,163,391
1990,25025061000,"Census Tract 610",722,459,263
1990,25025061101,"Census Tract 611.01",517,251,266
1990,25025061201,"Census Tract 612.01",225,72,153
1990,25025061202,"Census Tract 612.02",,,
1990,25025061203,"Census Tract 612.03",25,0,25
1990,25025061204,"Census Tract 612.04",5,0,5
1990,25025070102,"Census Tract 701.02",93,50,43
1990,25025070103,"Census Tract 701.03",6,3,3
1990,25025070104,"Census Tract 701.04",35,19,16
1990,25025070201,"Census Tract 702.01",199,72,127
1990,25025070202,"Census Tract 702.02",426,171,255
1990,25025070301,"Census Tract 703.01",83,6,77
1990,25025070302,"Census Tract 703.02",52,4,48
1990,25025070402,"Census Tract 704.02",451,176,275
1990,25025070501,"Census Tract 705.01",354,100,254
1990,25025070502,"Census Tract 705.02",638,180,458
1990,25025070600,"Census Tract 706",223,16,207
1990,25025070700,"Census Tract 707",366,59,307
1990,25025070801,"Census Tract 708.01",102,18,84
1990,25025070802,"Census Tract 708.02",285,49,236
1990,25025070901,"Census Tract 709.01",165,69,96
1990,25025070902,"Census Tract 709.02",277,116,161
1990,25025071101,"Census Tract 711.01",268,107,161
1990,25025071201,"Census Tract 712.01",307,241,66
1990,25025080100,"Census Tract 801",590,291,299
1990,25025080300,"Census Tract 803",963,596,367
1990,25025080401,"Census Tract 804.01",1002,615,387
1990,25025080500,"Census Tract 805",1005,402,603
1990,25025080601,"Census Tract 806.01",510,202,308
1990,25025080801,"Census Tract 808.01",1377,707,670
1990,25025080900,"Census Tract 809",347,65,282
1990,25025081001,"Census Tract 810.01",891,253,638
1990,25025081101,"Census Tract 811.01",155,47,108
1990,25025081102,"Census Tract 811.02",347,109,238
1990,25025081200,"Census Tract 812",1143,432,711
1990,25025081301,"Census Tract 813.01",570,309,261
1990,25025081302,"Census Tract 813.02",797,432,365
1990,25025081400,"Census Tract 814",784,351,433
1990,25025081500,"Census Tract 815",666,281,385
1990,25025081700,"Census Tract 817",1046,417,629
1990,25025081800,"Census Tract 818",707,190,517
1990,25025081900,"Census Tract 819",983,299,684
1990,25025082000,"Census Tract 820",789,302,487
1990,25025082100,"Census Tract 821",1388,590,798
1990,25025090100,"Census Tract 901",1269,526,743
1990,25025090200,"Census Tract 902",787,256,531
1990,25025090300,"Census Tract 903",946,435,511
1990,25025090400,"Census Tract 904",1070,488,582
1990,25025090600,"Census Tract 906",730,281,449
1990,25025090700,"Census Tract 907",727,127,600
1990,25025090901,"Census Tract 909.01",509,297,212
1990,25025091001,"Census Tract 910.01",562,114,448
1990,25025091100,"Census Tract 911",1109,278,831
1990,25025091200,"Census Tract 912",897,213,684
1990,25025091300,"Census Tract 913",932,441,491
1990,25025091400,"Census Tract 914",662,151,511
1990,25025091500,"Census Tract 915",1452,577,875
1990,25025091600,"Census Tract 916",839,305,534
1990,25025091700,"Census Tract 917",1070,380,690
1990,25025091800,"Census Tract 918",1246,283,963
1990,25025091900,"Census Tract 919",1245,353,892
1990,25025092000,"Census Tract 920",1544,472,1072
1990,25025092101,"Census Tract 921.01",1299,349,950
1990,25025092200,"Census Tract 922",638,216,422
1990,25025092300,"Census Tract 923",1334,552,782
1990,25025092400,"Census Tract 924",1820,927,893
1990,25025100100,"Census Tract 1001",1550,691,859
1990,25025100200,"Census Tract 1002",987,532,455
1990,25025100300,"Census Tract 1003",1055,308,747
1990,25025100400,"Census Tract 1004",1559,262,1297
1990,25025100500,"Census Tract 1005",1758,430,1328
1990,25025100601,"Census Tract 1006.01",1157,133,1024
1990,25025100603,"Census Tract 1006.03",362,73,289
1990,25025100700,"Census Tract 1007",789,71,718
1990,25025100800,"Census Tract 1008",889,107,782
1990,25025100900,"Census Tract 1009",913,116,797
1990,25025101001,"Census Tract 1010.01",1574,334,1240
1990,25025101002,"Census Tract 1010.02",1430,435,995
1990,25025101101,"Census Tract 1011.01",1025,505,520
1990,25025101102,"Census Tract 1011.02",1567,523,1044
1990,25025110104,"Census Tract 1101.04",517,186,331
1990,25025110105,"Census Tract 1101.05",596,220,376
1990,25025110106,"Census Tract 1101.06",347,128,219
1990,25025110201,"Census Tract 1102.01",362,80,282
1990,25025110301,"Census Tract 1103.01",484,38,446
1990,25025110401,"Census Tract 1104.01",920,176,744
1990,25025110403,"Census Tract 1104.03",812,60,752
1990,25025110501,"Census Tract 1105.01",643,67,576
1990,25025110502,"Census Tract 1105.02",729,97,632
1990,25025110601,"Census Tract 1106.01",297,13,284
1990,25025110607,"Census Tract 1106.07",916,74,842
1990,25025120103,"Census Tract 1201.03",237,45,192
1990,25025120104,"Census Tract 1201.04",354,67,287
1990,25025120105,"Census Tract 1201.05",382,72,310
1990,25025120201,"Census Tract 1202.01",825,267,558
1990,25025120301,"Census Tract 1203.01",1471,684,787
1990,25025120400,"Census Tract 1204",708,72,636
1990,25025120500,"Census Tract 1205",772,299,473
1990,25025120600,"Census Tract 1206",500,73,427
1990,25025120700,"Census Tract 1207",258,63,195
1990,25025130101,"Census Tract 1301.01",819,9,810
1990,25025130200,"Census Tract 1302",878,21,857
1990,25025130300,"Census Tract 1303",870,17,853
1990,25025130402,"Census Tract 1304.02",759,46,713
1990,25025130404,"Census Tract 1304.04",361,24,337
1990,25025130406,"Census Tract 1304.06",613,40,573
1990,25025140102,"Census Tract 1401.02",834,45,789
1990,25025140105,"Census Tract 1401.05",807,71,736
1990,25025140106,"Census Tract 1401.06",522,46,476
1990,25025140107,"Census Tract 1401.07",594,52,542
1990,25025140201,"Census Tract 1402.01",391,24,367
1990,25025140202,"Census Tract 1402.02",1030,62,968
1990,25025140300,"Census Tract 1403",1243,167,1076
1990,25025140400,"Census Tract 1404",1927,120,1807
1990,25025980300,"Census Tract 9803",,,
1990,25025980700,"Census Tract 9807",,,
1990,25025980900,"Census Tract 9809",,,
1990,25025981000,"Census Tract 9810",,,
1990,25025981100,"Census Tract 9811",5,5,0
1990,25025981201,"Census Tract 9812.01",,,
1990,25025981202,"Census Tract 9812.02",,,
1990,25025981300,"Census Tract 9813",,,
1990,25025981501,"Census Tract 9815.01",,,
1990,25025981502,"Census Tract 9815.02",,,
1990,25025981600,"Census Tract 9816",,,
1990,25025981700,"Census Tract 9817",,,
1990,25025981800,"Census Tract 9818",,,
1990,25025981900,"Census Tract 9819",,,
2000,25025000101,"Census Tract 1.01",229,34,195
2000,25025000102,"Census Tract 1.02",279,41,238
2000,25025000201,"Census Tract 2.01",411,45,366
2000,25025000202,"Census Tract 2.02",736,200,536
2000,25025000301,"Census Tract 3.01",376,43,333
2000,25025000302,"Census Tract 3.02",259,24,235
2000,25025000401,"Census Tract 4.01",510,54,456
2000,25025000402,"Census Tract 4.02",278,3,275
2000,25025000502,"Census Tract 5.02",54,0,54
2000,25025000503,"Census Tract 5.03",113,45,68
2000,25025000505,"Census Tract 5.05",89,36,53
2000,25025000506,"Census Tract 5.06",122,49,73
2000,25025000601,"Census Tract 6.01",329,24,305
2000,25025000603,"Census Tract 6.03",359,249,110
2000,25025000604,"Census Tract 6.04",433,300,133
2000,25025000701,"Census Tract 7.01",236,51,185
2000,25025000703,"Census Tract 7.03",131,42,89
2000,25025000704,"Census Tract 7.04",262,85,177
2000,25025000804,"Census Tract 8.04",342,65,277
2000,25025000805,"Census Tract 8.05",427,81,346
2000,25025000806,"Census Tract 8.06",110,36,74
2000,25025000807,"Census Tract 8.07",108,35,73
2000,25025010103,"Census Tract 101.03",8,0,8
2000,25025010104,"Census Tract 101.04",67,5,62
2000,25025010204,"Census Tract 102.04",62,9,53
2000,25025010205,"Census Tract 102.05",66,0,66
2000,25025010206,"Census Tract 102.06",43,0,43
2000,25025010300,"Census Tract 103",361,229,132
2000,25025010403,"Census Tract 104.03",77,14,63
2000,25025010404,"Census Tract 104.04",169,31,138
2000,25025010405,"Census Tract 104.05",49,0,49
2000,25025010408,"Census Tract 104.08",36,0,36
2000,25025010500,"Census Tract 105",82,16,66
2000,25025010600,"Census Tract 106",97,0,97
2000,25025010701,"Census Tract 107.01",100,0,100
2000,25025010702,"Census Tract 107.02",115,0,115
2000,25025010801,"Census Tract 108.01",123,0,123
2000,25025010802,"Census Tract 108.02",121,0,121
2000,25025020101,"Census Tract 201.01",322,0,322
2000,25025020200,"Census Tract 202",145,0,145
2000,25025020301,"Census Tract 203.01",128,12,116
2000,25025020302,"Census Tract 203.02",87,9,78
2000,25025020304,"Census Tract 203.04",10,1,9
2000,25025020305,"Census Tract 203.05",183,18,165
2000,25025030100,"Census Tract 301",90,0,90
2000,25025030200,"Census Tract 302",37,3,34
2000,25025030301,"Census Tract 303.01",42,12,30
2000,25025030302,"Census Tract 303.02",51,15,36
2000,25025030400,"Census Tract 304",127,16,111
2000,25025030500,"Census Tract 305",102,4,98
2000,25025040100,"Census Tract 401",208,0,208
2000,25025040200,"Census Tract 402",491,229,262
2000,25025040300,"Census Tract 403",623,218,405
2000,25025040401,"Census Tract 404.01",350,94,256
2000,25025040600,"Census Tract 406",238,17,221
2000,25025040801,"Census Tract 408.01",863,473,390
2000,25025050101,"Census Tract 501.01",1193,298,895
2000,25025050200,"Census Tract 502",1215,266,949
2000,25025050300,"Census Tract 503",786,439,347
2000,25025050400,"Census Tract 504",525,85,440
2000,25025050500,"Census Tract 505",383,77,306
2000,25025050600,"Census Tract 506",442,106,336
2000,25025050700,"Census Tract 507",845,128,717
2000,25025050901,"Census Tract 509.01",844,189,655
2000,25025051000,"Census Tract 510",775,211,564
2000,25025051101,"Census Tract 511.01",1421,363,1058
2000,25025051200,"Census Tract 512",459,38,421
2000,25025060101,"Census Tract 601.01",474,23,451
2000,25025060200,"Census Tract 602",277,41,236
2000,25025060301,"Census Tract 603.01",403,29,374
2000,25025060400,"Census Tract 604",621,71,550
2000,25025060501,"Census Tract 605.01",447,63,384
2000,25025060601,"Census Tract 606.01",95,0,95
2000,25025060602,"Census Tract 606.02",6,0,6
2000,25025060603,"Census Tract 606.03",,,
2000,25025060604,"Census Tract 606.04",26,0,26
2000,25025060700,"Census Tract 607",548,350,198
2000,25025060800,"Census Tract 608",612,107,505
2000,25025061000,"Census Tract 610",957,637,320
2000,25025061101,"Census Tract 611.01",638,364,274
2000,25025061201,"Census Tract 612.01",165,33,132
2000,25025061202,"Census Tract 612.02",,,
2000,25025061203,"Census Tract 612.03",44,9,35
2000,25025061204,"Census Tract 612.04",9,2,7
2000,25025070102,"Census Tract 701.02",83,26,57
2000,25025070103,"Census Tract 701.03",,,
2000,25025070104,"Census Tract 701.04",36,11,25
2000,25025070201,"Census Tract 702.01",247,110,137
2000,25025070202,"Census Tract 702.02",311,132,179
2000,25025070301,"Census Tract 703.01",116,8,108
2000,25025070302,"Census Tract 703.02",83,6,77
2000,25025070402,"Census Tract 704.02",496,201,295
2000,25025070501,"Census Tract 705.01",270,89,181
2000,25025070502,"Census Tract 705.02",479,158,321
2000,25025070600,"Census Tract 706",137,32,105
2000,25025070700,"Census Tract 707",399,111,288
2000,25025070801,"Census Tract 708.01",67,15,52
2000,25025070802,"Census Tract 708.02",173,39,134
2000,25025070901,"Census Tract 709.01",141,68,73
2000,25025070902,"Census Tract 709.02",298,143,155
2000,25025071101,"Census Tract 711.01",221,40,181
2000,25025071201,"Census Tract 712.01",178,79,99
2000,25025080100,"Census Tract 801",537,174,363
2000,25025080300,"Census Tract 803",561,141,420
2000,25025080401,"Census Tract 804.01",712,319,393
2000,25025080500,"Census Tract 805",848,384,464
2000,25025080601,"Census Tract 806.01",659,182,477
2000,25025080801,"Census Tract 808.01",324,161,163
2000,25025080900,"Census Tract 809",398,217,181
2000,25025081001,"Census Tract 810.01",831,427,404
2000,25025081101,"Census Tract 811.01",130,21,109
2000,25025081102,"Census Tract 811.02",292,47,245
2000,25025081200,"Census Tract 812",1001,501,500
2000,25025081301,"Census Tract 813.01",529,178,351
2000,25025081302,"Census Tract 813.02",651,219,432
2000,25025081400,"Census Tract 814",556,151,405
2000,25025081500,"Census Tract 815",500,53,447
2000,25025081700,"Census Tract 817",1134,417,717
2000,25025081800,"Census Tract 818",722,232,490
2000,25025081900,"Census Tract 819",1010,168,842
2000,25025082000,"Census Tract 820",811,373,438
2000,25025082100,"Census Tract 821",1404,536,868
2000,25025090100,"Census Tract 901",1579,380,1199
2000,25025090200,"Census Tract 902",774,309,465
2000,25025090300,"Census Tract 903",1258,567,691
2000,25025090400,"Census Tract 904",1164,489,675
2000,25025090600,"Census Tract 906",601,114,487
2000,25025090700,"Census Tract 907",751,158,593
2000,25025090901,"Census Tract 909.01",928,386,542
2000,25025091001,"Census Tract 910.01",596,138,458
2000,25025091100,"Census Tract 911",1200,302,898
2000,25025091200,"Census Tract 912",974,280,694
2000,25025091300,"Census Tract 913",791,287,504
2000,25025091400,"Census Tract 914",775,314,461
2000,25025091500,"Census Tract 915",1550,409,1141
2000,25025091600,"Census Tract 916",1092,207,885
2000,25025091700,"Census Tract 917",1179,266,913
2000,25025091800,"Census Tract 918",1305,403,902
2000,25025091900,"Census Tract 919",1287,519,768
2000,25025092000,"Census Tract 920",1722,447,1275
2000,25025092101,"Census Tract 921.01",1800,376,1424
2000,25025092200,"Census Tract 922",1042,120,922
2000,25025092300,"Census Tract 923",1044,238,806
2000,25025092400,"Census Tract 924",2473,1236,1237
2000,25025100100,"Census Tract 1001",1939,780,1159
2000,25025100200,"Census Tract 1002",913,212,701
2000,25025100300,"Census Tract 1003",1207,262,945
2000,25025100400,"Census Tract 1004",1325,183,1142
2000,25025100500,"Census Tract 1005",2014,815,1199
2000,25025100601,"Census Tract 1006.01",1439,358,1081
2000,25025100603,"Census Tract 1006.03",329,85,244
2000,25025100700,"Census Tract 1007",856,28,828
2000,25025100800,"Census Tract 1008",1062,101,961
2000,25025100900,"Census Tract 1009",1122,135,987
2000,25025101001,"Census Tract 1010.01",1643,343,1300
2000,25025101002,"Census Tract 1010.02",1613,397,1216
2000,25025101101,"Census Tract 1011.01",1088,322,766
2000,25025101102,"Census Tract 1011.02",1611,438,1173
2000,25025110104,"Census Tract 1101.04",515,133,382
2000,25025110105,"Census Tract 1101.05",559,148,411
2000,25025110106,"Census Tract 1101.06",304,80,224
2000,25025110201,"Census Tract 1102.01",533,28,505
2000,25025110301,"Census Tract 1103.01",588,61,527
2000,25025110401,"Census Tract 1104.01",1070,303,767
2000,25025110403,"Census Tract 1104.03",1009,103,906
2000,25025110501,"Census Tract 1105.01",635,119,516
2000,25025110502,"Census Tract 1105.02",860,124,736
2000,25025110601,"Census Tract 1106.01",537,0,537
2000,25025110607,"Census Tract 1106.07",842,25,817
2000,25025120103,"Census Tract 1201.03",205,0,205
2000,25025120104,"Census Tract 1201.04",354,80,274
2000,25025120105,"Census Tract 1201.05",308,2,306
2000,25025120201,"Census Tract 1202.01",598,143,455
2000,25025120301,"Census Tract 1203.01",1307,444,863
2000,25025120400,"Census Tract 1204",599,60,539
2000,25025120500,"Census Tract 1205",706,144,562
2000,25025120600,"Census Tract 1206",369,88,281
2000,25025120700,"Census Tract 1207",313,122,191
2000,25025130101,"Census Tract 1301.01",842,48,794
2000,25025130200,"Census Tract 1302",932,31,901
2000,25025130300,"Census Tract 1303",889,13,876
2000,25025130402,"Census Tract 1304.02",705,11,694
2000,25025130404,"Census Tract 1304.04",603,139,464
2000,25025130406,"Census Tract 1304.06",1123,258,865
2000,25025140102,"Census Tract 1401.02",1046,93,953
2000,25025140105,"Census Tract 1401.05",987,129,858
2000,25025140106,"Census Tract 1401.06",722,213,509
2000,25025140107,"Census Tract 1401.07",759,224,535
2000,25025140201,"Census Tract 1402.01",387,13,374
2000,25025140202,"Census Tract 1402.02",1333,193,1140
2000,25025140300,"Census Tract 1403",1661,173,1488
2000,25025140400,"Census Tract 1404",2134,267,1867
2000,25025980300,"Census Tract 9803",,,
2000,25025980700,"Census Tract 9807",,,
2000,25025980900,"Census Tract 9809",,,
2000,25025981000,"Census Tract 9810",,,
2000,25025981100,"Census Tract 9811",41,11,30
2000,25025981201,"Census Tract 9812.01",,,
2000,25025981202,"Census Tract 9812.02",,,
2000,25025981300,"Census Tract 9813",,,
2000,25025981501,"Census Tract 9815.01",,,
2000,25025981502,"Census Tract 9815.02",,,
2000,25025981600,"Census Tract 9816",,,
2000,25025981700,"Census Tract 9817",,,
2000,25025981800,"Census Tract 9818",,,
2000,25025981900,"Census Tract 9819",,,
2010,25025000101,"Census Tract 1.01",192,22,170
2010,25025000102,"Census Tract 1.02",254,30,224
2010,25025000201,"Census Tract 2.01",285,27,258
2010,25025000202,"Census Tract 2.02",448,184,264
2010,25025000301,"Census Tract 3.01",232,0,232
2010,25025000302,"Census Tract 3.02",262,13,249
2010,25025000401,"Census Tract 4.01",426,56,370
2010,25025000402,"Census Tract 4.02",404,0,404
2010,25025000502,"Census Tract 5.02",204,0,204
2010,25025000503,"Census Tract 5.03",53,0,53
2010,25025000505,"Census Tract 5.05",35,0,35
2010,25025000506,"Census Tract 5.06",44,0,44
2010,25025000601,"Census Tract 6.01",264,0,264
2010,25025000603,"Census Tract 6.03",159,112,47
2010,25025000604,"Census Tract 6.04",290,204,86
2010,25025000701,"Census Tract 7.01",105,37,68
2010,25025000703,"Census Tract 7.03",31,0,31
2010,25025000704,"Census Tract 7.04",202,79,123
2010,25025000804,"Census Tract 8.04",192,53,139
2010,25025000805,"Census Tract 8.05",220,60,160
2010,25025000806,"Census Tract 8.06",87,21,66
2010,25025000807,"Census Tract 8.07",97,24,73
2010,25025010103,"Census Tract 101.03",8,0,8
2010,25025010104,"Census Tract 101.04",110,24,86
2010,25025010204,"Census Tract 102.04",37,0,37
2010,25025010205,"Census Tract 102.05",94,0,94
2010,25025010206,"Census Tract 102.06",39,0,39
2010,25025010300,"Census Tract 103",106,63,43
2010,25025010403,"Census Tract 104.03",143,57,86
2010,25025010404,"Census Tract 104.04",,0,0
2010,25025010405,"Census Tract 104.05",8,0,8
2010,25025010408,"Census Tract 104.08",12,0,12
2010,25025010500,"Census Tract 105",52,0,52
2010,25025010600,"Census Tract 106",151,0,151
2010,25025010701,"Census Tract 107.01",142,0,142
2010,25025010702,"Census Tract 107.02",95,0,95
2010,25025010801,"Census Tract 108.01",242,0,242
2010,25025010802,"Census Tract 108.02",227,0,227
2010,25025020101,"Census Tract 201.01",593,0,593
2010,25025020200,"Census Tract 202",237,124,113
2010,25025020301,"Census Tract 203.01",99,0,99
2010,25025020302,"Census Tract 203.02",50,0,50
2010,25025020304,"Census Tract 203.04",34,0,34
2010,25025020305,"Census Tract 203.05",232,0,232
2010,25025030100,"Census Tract 301",29,0,29
2010,25025030200,"Census Tract 302",32,0,32
2010,25025030301,"Census Tract 303.01",79,0,79
2010,25025030302,"Census Tract 303.02",133,0,133
2010,25025030400,"Census Tract 304",204,0,204
2010,25025030500,"Census Tract 305",124,0,124
2010,25025040100,"Census Tract 401",352,0,352
2010,25025040200,"Census Tract 402",488,237,251
2010,25025040300,"Census Tract 403",775,214,561
2010,25025040401,"Census Tract 404.01",425,17,408
2010,25025040600,"Census Tract 406",183,28,155
2010,25025040801,"Census Tract 408.01",821,625,196
2010,25025050101,"Census Tract 501.01",1172,351,821
2010,25025050200,"Census Tract 502",1228,88,1140
2010,25025050300,"Census Tract 503",763,340,423
2010,25025050400,"Census Tract 504",374,97,277
2010,25025050500,"Census Tract 505",402,27,375
2010,25025050600,"Census Tract 506",410,0,410
2010,25025050700,"Census Tract 507",881,120,761
2010,25025050901,"Census Tract 509.01",964,220,744
2010,25025051000,"Census Tract 510",762,145,617
2010,25025051101,"Census Tract 511.01",1064,169,895
2010,25025051200,"Census Tract 512",546,197,349
2010,25025060101,"Census Tract 601.01",346,119,227
2010,25025060200,"Census Tract 602",316,65,251
2010,25025060301,"Census Tract 603.01",144,0,144
2010,25025060400,"Census Tract 604",514,34,480
2010,25025060501,"Census Tract 605.01",366,50,316
2010,25025060601,"Census Tract 606.01",72,0,72
2010,25025060602,"Census Tract 606.02",4,0,4
2010,25025060603,"Census Tract 606.03",42,0,42
2010,25025060604,"Census Tract 606.04",23,0,23
2010,25025060700,"Census Tract 607",545,248,297
2010,25025060800,"Census Tract 608",287,0,287
2010,25025061000,"Census Tract 610",1260,867,393
2010,25025061101,"Census Tract 611.01",751,566,185
2010,25025061201,"Census Tract 612.01",117,14,103
2010,25025061202,"Census Tract 612.02",,,
2010,25025061203,"Census Tract 612.03",89,11,78
2010,25025061204,"Census Tract 612.04",41,5,36
2010,25025070102,"Census Tract 701.02",159,9,150
2010,25025070103,"Census Tract 701.03",,,
2010,25025070104,"Census Tract 701.04",89,5,84
2010,25025070201,"Census Tract 702.01",190,40,150
2010,25025070202,"Census Tract 702.02",270,44,226
2010,25025070301,"Census Tract 703.01",133,0,133
2010,25025070302,"Census Tract 703.02",114,0,114
2010,25025070402,"Census Tract 704.02",383,125,258
2010,25025070501,"Census Tract 705.01",349,145,204
2010,25025070502,"Census Tract 705.02",568,236,332
2010,25025070600,"Census Tract 706",191,0,191
2010,25025070700,"Census Tract 707",299,151,148
2010,25025070801,"Census Tract 708.01",76,0,76
2010,25025070802,"Census Tract 708.02",185,0,185
2010,25025070901,"Census Tract 709.01",167,77,90
2010,25025070902,"Census Tract 709.02",307,142,165
2010,25025071101,"Census Tract 711.01",438,66,372
2010,25025071201,"Census Tract 712.01",692,394,298
2010,25025080100,"Census Tract 801",303,198,105
2010,25025080300,"Census Tract 803",324,43,281
2010,25025080401,"Census Tract 804.01",820,568,252
2010,25025080500,"Census Tract 805",743,542,201
2010,25025080601,"Census Tract 806.01",587,342,245
2010,25025080801,"Census Tract 808.01",695,511,184
2010,25025080900,"Census Tract 809",241,0,241
2010,25025081001,"Census Tract 810.01",975,259,716
2010,25025081101,"Census Tract 811.01",92,26,66
2010,25025081102,"Census Tract 811.02",290,81,209
2010,25025081200,"Census Tract 812",1104,540,564
2010,25025081301,"Census Tract 813.01",627,310,317
2010,25025081302,"Census Tract 813.02",854,423,431
2010,25025081400,"Census Tract 814",451,35,416
2010,25025081500,"Census Tract 815",529,346,183
2010,25025081700,"Census Tract 817",1089,323,766
2010,25025081800,"Census Tract 818",755,316,439
2010,25025081900,"Census Tract 819",395,104,291
2010,25025082000,"Census Tract 820",533,206,327
2010,25025082100,"Census Tract 821",1512,796,716
2010,25025090100,"Census Tract 901",1252,345,907
2010,25025090200,"Census Tract 902",700,393,307
2010,25025090300,"Census Tract 903",804,588,216
2010,25025090400,"Census Tract 904",1108,447,661
2010,25025090600,"Census Tract 906",522,126,396
2010,25025090700,"Census Tract 907",694,203,491
2010,25025090901,"Census Tract 909.01",825,374,451
2010,25025091001,"Census Tract 910.01",411,81,330
2010,25025091100,"Census Tract 911",951,296,655
2010,25025091200,"Census Tract 912",654,181,473
2010,25025091300,"Census Tract 913",498,289,209
2010,25025091400,"Census Tract 914",386,186,200
2010,25025091500,"Census Tract 915",1501,626,875
2010,25025091600,"Census Tract 916",1172,350,822
2010,25025091700,"Census Tract 917",860,324,536
2010,25025091800,"Census Tract 918",765,281,484
2010,25025091900,"Census Tract 919",1235,526,709
2010,25025092000,"Census Tract 920",1594,503,1091
2010,25025092101,"Census Tract 921.01",1245,553,692
2010,25025092200,"Census Tract 922",478,139,339
2010,25025092300,"Census Tract 923",550,188,362
2010,25025092400,"Census Tract 924",2102,1051,1051
2010,25025100100,"Census Tract 1001",2164,957,1207
2010,25025100200,"Census Tract 1002",817,191,626
2010,25025100300,"Census Tract 1003",917,326,591
2010,25025100400,"Census Tract 1004",1267,355,912
2010,25025100500,"Census Tract 1005",1057,228,829
2010,25025100601,"Census Tract 1006.01",861,62,799
2010,25025100603,"Census Tract 1006.03",247,0,247
2010,25025100700,"Census Tract 1007",769,0,769
2010,25025100800,"Census Tract 1008",1040,148,892
2010,25025100900,"Census Tract 1009",999,161,838
2010,25025101001,"Census Tract 1010.01",1269,266,1003
2010,25025101002,"Census Tract 1010.02",1509,389,1120
2010,25025101101,"Census Tract 1011.01",1128,265,863
2010,25025101102,"Census Tract 1011.02",1187,653,534
2010,25025110104,"Census Tract 1101.04",504,251,253
2010,25025110105,"Census Tract 1101.05",437,227,210
2010,25025110106,"Census Tract 1101.06",299,155,144
2010,25025110201,"Census Tract 1102.01",416,114,302
2010,25025110301,"Census Tract 1103.01",515,0,515
2010,25025110401,"Census Tract 1104.01",735,80,655
2010,25025110403,"Census Tract 1104.03",902,67,835
2010,25025110501,"Census Tract 1105.01",755,87,668
2010,25025110502,"Census Tract 1105.02",698,166,532
2010,25025110601,"Census Tract 1106.01",414,9,405
2010,25025110607,"Census Tract 1106.07",817,42,775
2010,25025120103,"Census Tract 1201.03",240,0,240
2010,25025120104,"Census Tract 1201.04",362,97,265
2010,25025120105,"Census Tract 1201.05",341,0,341
2010,25025120201,"Census Tract 1202.01",534,136,398
2010,25025120301,"Census Tract 1203.01",772,73,699
2010,25025120400,"Census Tract 1204",535,88,447
2010,25025120500,"Census Tract 1205",617,236,381
2010,25025120600,"Census Tract 1206",308,0,308
2010,25025120700,"Census Tract 1207",158,22,136
2010,25025130101,"Census Tract 1301.01",955,0,955
2010,25025130200,"Census Tract 1302",884,34,850
2010,25025130300,"Census Tract 1303",953,0,953
2010,25025130402,"Census Tract 1304.02",714,0,714
2010,25025130404,"Census Tract 1304.04",524,28,496
2010,25025130406,"Census Tract 1304.06",1442,314,1128
2010,25025140102,"Census Tract 1401.02",1183,157,1026
2010,25025140105,"Census Tract 1401.05",949,85,864
2010,25025140106,"Census Tract 1401.06",760,230,530
2010,25025140107,"Census Tract 1401.07",446,41,405
2010,25025140201,"Census Tract 1402.01",392,64,328
2010,25025140202,"Census Tract 1402.02",1255,244,1011
2010,25025140300,"Census Tract 1403",1322,320,1002
2010,25025140400,"Census Tract 1404",1783,238,1545
2010,25025980300,"Census Tract 9803",,0,0
2010,25025980700,"Census Tract 9807",,,
2010,25025980900,"Census Tract 9809",,,
2010,25025981000,"Census Tract 9810",,,
2010,25025981100,"Census Tract 9811",,0,0
2010,25025981201,"Census Tract 9812.01",,,
2010,25025981202,"Census Tract 9812.02",,,
2010,25025981300,"Census Tract 9813",,,
2010,25025981501,"Census Tract 9815.01",,,
2010,25025981502,"Census Tract 9815.02",26,0,26
2010,25025981600,"Census Tract 9816",,,
2010,25025981700,"Census Tract 9817",,,
2010,25025981800,"Census Tract 9818",,0,0
2010,25025981900,"Census Tract 9819",,,
2020,25025000101,"Census Tract 1.01",134.923076,0,134.923076
2020,25025000102,"Census Tract 1.02",643.17931,179.84556,463.33375
2020,25025000201,"Census Tract 2.01",656.02756,283.52743,372.50013
2020,25025000202,"Census Tract 2.02",587.10056,180.196483,406.904077
2020,25025000301,"Census Tract 3.01",299.27907,0,299.27907
2020,25025000302,"Census Tract 3.02",224.88889,0,224.88889
2020,25025000401,"Census Tract 4.01",262.8462,0,262.8462
2020,25025000402,"Census Tract 4.02",391.58046,17.155588,374.424872
2020,25025000502,"Census Tract 5.02",226.36842,0,226.36842
2020,25025000503,"Census Tract 5.03",38,0,38
2020,25025000505,"Census Tract 5.05",71.61446,0,71.61446
2020,25025000506,"Census Tract 5.06",128.5,0,128.5
2020,25025000601,"Census Tract 6.01",372.07673,0,372.07673
2020,25025000603,"Census Tract 6.03",257.88373,245.47675,12.40698
2020,25025000604,"Census Tract 6.04",155.70625,53.38463,102.32162
2020,25025000701,"Census Tract 7.01",193.54237,52.370057,141.172313
2020,25025000703,"Census Tract 7.03",0,0,0
2020,25025000704,"Census Tract 7.04",383,0,383
2020,25025000804,"Census Tract 8.04",573.5648,20.992171,552.572629
2020,25025000805,"Census Tract 8.05",278.31666,278.31666,0
2020,25025000806,"Census Tract 8.06",96.15888,6.052083,90.106797
2020,25025000807,"Census Tract 8.07",0,0,0
2020,25025010103,"Census Tract 101.03",0,0,0
2020,25025010104,"Census Tract 101.04",83.1,6.285714,76.814286
2020,25025010204,"Census Tract 102.04",64.215686,0,64.215686
2020,25025010205,"Census Tract 102.05",292.14108,178.11046,114.03062
2020,25025010206,"Census Tract 102.06",124.98897,48.713113,76.275857
2020,25025010300,"Census Tract 103",18,0,18
2020,25025010403,"Census Tract 104.03",138,138,0
2020,25025010404,"Census Tract 104.04",108.177915,1.693252,106.484663
2020,25025010405,"Census Tract 104.05",1725.062086,0,1725.062086
2020,25025010408,"Census Tract 104.08",58.783783,19.864865,38.918918
2020,25025010500,"Census Tract 105",774.34864,640.78473,133.56391
2020,25025010600,"Census Tract 106",308.88462,0,308.88462
2020,25025010701,"Census Tract 107.01",326.30061,0,326.30061
2020,25025010702,"Census Tract 107.02",110.46539,0,110.46539
2020,25025010801,"Census Tract 108.01",280.50664,0,280.50664
2020,25025010802,"Census Tract 108.02",193.830791,0,193.830791
2020,25025020101,"Census Tract 201.01",427.67571,0,427.67571
2020,25025020200,"Census Tract 202",183.90304,0,183.90304
2020,25025020301,"Census Tract 203.01",124.76924,0,124.76924
2020,25025020302,"Census Tract 203.02",133.466242,0,133.466242
2020,25025020304,"Census Tract 203.04",166,0,166
2020,25025020305,"Census Tract 203.05",562.58273,23.126386,539.456344
2020,25025030100,"Census Tract 301",28.931624,16.294643,12.636981
2020,25025030200,"Census Tract 302",75.43478,0,75.43478
2020,25025030301,"Census Tract 303.01",118.42667,0,118.42667
2020,25025030302,"Census Tract 303.02",103.82292,0,103.82292
2020,25025030400,"Census Tract 304",303.0013,76.729282,226.272018
2020,25025030500,"Census Tract 305",115.790698,0,115.790698
2020,25025040100,"Census Tract 401",390.75136,14.84208,375.90928
2020,25025040200,"Census Tract 402",415.35393,107.334902,308.019028
2020,25025040300,"Census Tract 403",915.98021,73.022648,842.957562
2020,25025040401,"Census Tract 404.01",476.07597,0,476.07597
2020,25025040600,"Census Tract 406",477.42328,21.06136,456.36192
2020,25025040801,"Census Tract 408.01",731.91834,184.338402,547.579938
2020,25025050101,"Census Tract 501.01",1089.98648,105.162511,984.823969
2020,25025050200,"Census Tract 502",1162.836,291.48103,871.35497
2020,25025050300,"Census Tract 503",654.5849,134.51493,520.06997
2020,25025050400,"Census Tract 504",403.7427,0,403.7427
2020,25025050500,"Census Tract 505",290.3945,20.911315,269.483185
2020,25025050600,"Census Tract 506",344.50238,20.5531136,323.9492664
2020,25025050700,"Census Tract 507",1000.11079,261.87199,738.2388
2020,25025050901,"Census Tract 509.01",905.65131,116.72764,788.92367
2020,25025051000,"Census Tract 510",774.72301,120.56707,654.15594
2020,25025051101,"Census Tract 511.01",972.4647,300.50438,671.96032
2020,25025051200,"Census Tract 512",435.619381,145.557413,290.061968
2020,25025060101,"Census Tract 601.01",360.73865,5.393097,355.345553
2020,25025060200,"Census Tract 602",218.61198,12.255435,206.356545
2020,25025060301,"Census Tract 603.01",393.22631,39.220975,354.005335
2020,25025060400,"Census Tract 604",369.22952,0,369.22952
2020,25025060501,"Census Tract 605.01",362.48968,0,362.48968
2020,25025060601,"Census Tract 606.01",125.03528,0,125.03528
2020,25025060602,"Census Tract 606.02",0,0,0
2020,25025060603,"Census Tract 606.03",45,0,45
2020,25025060604,"Census Tract 606.04",101.7931,0,101.7931
2020,25025060700,"Census Tract 607",481.43614,267.2068,214.22934
2020,25025060800,"Census Tract 608",311.7465,0,311.7465
2020,25025061000,"Census Tract 610",579.64789,370.357448,209.290442
2020,25025061101,"Census Tract 611.01",735.0713,407.14888,327.92242
2020,25025061201,"Census Tract 612.01",127.34498,0,127.34498
2020,25025061202,"Census Tract 612.02",0,0,0
2020,25025061203,"Census Tract 612.03",195.76,9.398496,186.361504
2020,25025061204,"Census Tract 612.04",27,0,27
2020,25025070102,"Census Tract 701.02",521.1774,0,521.1774
2020,25025070103,"Census Tract 701.03",104.88253,0,104.88253
2020,25025070104,"Census Tract 701.04",328.64559,0,328.64559
2020,25025070201,"Census Tract 702.01",146.3371,0,146.3371
2020,25025070202,"Census Tract 702.02",974.77505,650.62241,324.15264
2020,25025070301,"Census Tract 703.01",231.38464,0,231.38464
2020,25025070302,"Census Tract 703.02",157.23661,0,157.23661
2020,25025070402,"Census Tract 704.02",485.813801,245.38008,240.433721
2020,25025070501,"Census Tract 705.01",291.91343,0,291.91343
2020,25025070502,"Census Tract 705.02",449.42655,230.81512,218.61143
2020,25025070600,"Census Tract 706",299.54757,0,299.54757
2020,25025070700,"Census Tract 707",353.31846,176.884,176.43446
2020,25025070801,"Census Tract 708.01",45,0,45
2020,25025070802,"Census Tract 708.02",299.2192,0,299.2192
2020,25025070901,"Census Tract 709.01",213.75971,60.6486,153.11111
2020,25025070902,"Census Tract 709.02",201.17467,22.8188,178.35587
2020,25025071101,"Census Tract 711.01",393.2045,73.67803,319.52647
2020,25025071201,"Census Tract 712.01",548.61473,211.5075,337.10723
2020,25025080100,"Census Tract 801",475.75608,121.686609,354.069471
2020,25025080300,"Census Tract 803",398.69364,258.009467,140.684173
2020,25025080401,"Census Tract 804.01",859.21741,481.99108,377.22633
2020,25025080500,"Census Tract 805",731.06884,339.43813,391.63071
2020,25025080601,"Census Tract 806.01",1411.08059,1166.25758,244.82301
2020,25025080801,"Census Tract 808.01",1604.1344,1346.0256,258.1088
2020,25025080900,"Census Tract 809",254.4027,0,254.4027
2020,25025081001,"Census Tract 810.01",885.57133,340.68779,544.88354
2020,25025081101,"Census Tract 811.01",42,7.945946,34.054054
2020,25025081102,"Census Tract 811.02",225.6,0,225.6
2020,25025081200,"Census Tract 812",785.24275,426.80551,358.43724
2020,25025081301,"Census Tract 813.01",558.5721,363.61393,194.95817
2020,25025081302,"Census Tract 813.02",688.66122,301.32865,387.33257
2020,25025081400,"Census Tract 814",581.0333,159.4337,421.5996
2020,25025081500,"Census Tract 815",531.14458,231.057588,300.086992
2020,25025081700,"Census Tract 817",863.6114,202.1033,661.5081
2020,25025081800,"Census Tract 818",616.17519,203.67003,412.50516
2020,25025081900,"Census Tract 819",741.3647,203.49391,537.87079
2020,25025082000,"Census Tract 820",748.3444,468.20226,280.14214
2020,25025082100,"Census Tract 821",1137.14584,335.71856,801.42728
2020,25025090100,"Census Tract 901",1427.50266,557.43428,870.06838
2020,25025090200,"Census Tract 902",516.967666,155.00412,361.963546
2020,25025090300,"Census Tract 903",1253.65837,520.222598,733.435772
2020,25025090400,"Census Tract 904",1211.23581,312.80588,898.42993
2020,25025090600,"Census Tract 906",596.30719,133.084033,463.223157
2020,25025090700,"Census Tract 907",623.0785,49.25571,573.82279
2020,25025090901,"Census Tract 909.01",914.30166,360.80912,553.49254
2020,25025091001,"Census Tract 910.01",1055.216171,0,1055.216171
2020,25025091100,"Census Tract 911",524.29915,0,524.29915
2020,25025091200,"Census Tract 912",639.5009,324.4734,315.0275
2020,25025091300,"Census Tract 913",666.43137,361.52375,304.90762
2020,25025091400,"Census Tract 914",637.39132,148.510462,488.880858
2020,25025091500,"Census Tract 915",841.137736,475.38967,365.748066
2020,25025091600,"Census Tract 916",733.91494,111.169663,622.745277
2020,25025091700,"Census Tract 917",722.114,351.857881,370.256119
2020,25025091800,"Census Tract 918",903.4207,398.06893,505.35177
2020,25025091900,"Census Tract 919",1058.27222,202.382434,855.889786
2020,25025092000,"Census Tract 920",1015.5214,163.66134,851.86006
2020,25025092101,"Census Tract 921.01",1227.2814,384.46843,842.81297
2020,25025092200,"Census Tract 922",520.81178,75.909091,444.902689
2020,25025092300,"Census Tract 923",857.5695,167.19887,690.37063
2020,25025092400,"Census Tract 924",1543.9766,358.8832469,1185.0933531
2020,25025100100,"Census Tract 1001",1548.9887,443.1748,1105.8139
2020,25025100200,"Census Tract 1002",705.03757,415.21503,289.82254
2020,25025100300,"Census Tract 1003",813.87905,189.56372,624.31533
2020,25025100400,"Census Tract 1004",977.2182,408.19121,569.02699
2020,25025100500,"Census Tract 1005",1173.90147,277.85558,896.04589
2020,25025100601,"Census Tract 1006.01",889.457787,113.48338,775.974407
2020,25025100603,"Census Tract 1006.03",275.16915,16.273973,258.895177
2020,25025100700,"Census Tract 1007",746.73609,14.393475,732.342615
2020,25025100800,"Census Tract 1008",703.0049,101.18113,601.82377
2020,25025100900,"Census Tract 1009",629.24182,86.92187,542.31995
2020,25025101001,"Census Tract 1010.01",980.46657,232.09895,748.36762
2020,25025101002,"Census Tract 1010.02",1078.63936,483.5801,595.05926
2020,25025101101,"Census Tract 1011.01",795.4353,229.144992,566.290308
2020,25025101102,"Census Tract 1011.02",1224.0584,747.57578,476.48262
2020,25025110104,"Census Tract 1101.04",372.36524,155.627528,216.737712
2020,25025110105,"Census Tract 1101.05",282.73101,0,282.73101
2020,25025110106,"Census Tract 1101.06",131.61321,0,131.61321
2020,25025110201,"Census Tract 1102.01",457.90016,42.135514,415.764646
2020,25025110301,"Census Tract 1103.01",318.80575,27.659105,291.146645
2020,25025110401,"Census Tract 1104.01",664.392983,72.930967,591.462016
2020,25025110403,"Census Tract 1104.03",834.66497,80.272563,754.392407
2020,25025110501,"Census Tract 1105.01",573.56721,0,573.56721
2020,25025110502,"Census Tract 1105.02",702.4468,0,702.4468
2020,25025110601,"Census Tract 1106.01",394.18033,0,394.18033
2020,25025110607,"Census Tract 1106.07",769.88293,36.70244,733.18049
2020,25025120103,"Census Tract 1201.03",284.29897,0,284.29897
2020,25025120104,"Census Tract 1201.04",346.95639,16.951878,330.004512
2020,25025120105,"Census Tract 1201.05",379.9032,21.538586,358.364614
2020,25025120201,"Census Tract 1202.01",529.16347,11.78947,517.374
2020,25025120301,"Census Tract 1203.01",771.90614,51.6042,720.30194
2020,25025120400,"Census Tract 1204",582.77916,0,582.77916
2020,25025120500,"Census Tract 1205",384.53574,128.71634,255.8194
2020,25025120600,"Census Tract 1206",390.54677,0,390.54677
2020,25025120700,"Census Tract 1207",227.96355,35.497116,192.466434
2020,25025130101,"Census Tract 1301.01",983.07711,1.631111,981.445999
2020,25025130200,"Census Tract 1302",838.22174,27.69319,810.52855
2020,25025130300,"Census Tract 1303",874.93436,17.699284,857.235076
2020,25025130402,"Census Tract 1304.02",798.9858,15.0265,783.9593
2020,25025130404,"Census Tract 1304.04",445.52363,36.74201,408.78162
2020,25025130406,"Census Tract 1304.06",1539.7637,425.974726,1113.788974
2020,25025140102,"Census Tract 1401.02",996.46,36.47679,959.98321
2020,25025140105,"Census Tract 1401.05",654.92812,131.221228,523.706892
2020,25025140106,"Census Tract 1401.06",511.57287,77.362455,434.210415
2020,25025140107,"Census Tract 1401.07",568.90776,111.311502,457.596258
2020,25025140201,"Census Tract 1402.01",477.92348,0,477.92348
2020,25025140202,"Census Tract 1402.02",988.0586,31.5425,956.5161
2020,25025140300,"Census Tract 1403",1420.47041,50.5852273,1369.8851827
2020,25025140400,"Census Tract 1404",1448.9585,322.46057,1126.49793
2020,25025980101,"Census Tract 9801.01",0,0,0
2020,25025980300,"Census Tract 9803",0,0,0
2020,25025980700,"Census Tract 9807",0,0,0
2020,25025980900,"Census Tract 9809",0,0,0
2020,25025981000,"Census Tract 9810",0,0,0
2020,25025981100,"Census Tract 9811",0,0,0
2020,25025981201,"Census Tract 9812.01",0,0,0
2020,25025981202,"Census Tract 9812.02",0,0,0
2020,25025981300,"Census Tract 9813",0,0,0
2020,25025981501,"Census Tract 9815.01",0,0,0
2020,25025981600,"Census Tract 9816",0,0,0
2020,25025981700,"Census Tract 9817",0,0,0
2020,25025981800,"Census Tract 9818",1,0,1
2020,25025981900,"Census Tract 9819",0,0,0
2020,25025990101,"Census Tract 9901.01",0,0,0
2024,25025000101,"Census Tract 1.01",130.667986,0,130.667986
2024,25025000102,"Census Tract 1.02",525.19288,139.03585,386.15703
2024,25025000201,"Census Tract 2.01",401.14837,146.47933,254.66904
2024,25025000202,"Census Tract 2.02",589.2094,182.526122,406.683278
2024,25025000301,"Census Tract 3.01",276.03578,0,276.03578
2024,25025000302,"Census Tract 3.02",217.58772,0,217.58772
2024,25025000401,"Census Tract 4.01",258.54887,0,258.54887
2024,25025000402,"Census Tract 4.02",354.824155,8.928844,345.895311
2024,25025000502,"Census Tract 5.02",219.05224,0,219.05224
2024,25025000503,"Census Tract 5.03",39.25478,0,39.25478
2024,25025000505,"Census Tract 5.05",80.68755,0,80.68755
2024,25025000506,"Census Tract 5.06",127.68857,0,127.68857
2024,25025000601,"Census Tract 6.01",392.20286,0,392.20286
2024,25025000603,"Census Tract 6.03",230.36058,220.70961,9.65097
2024,25025000604,"Census Tract 6.04",154.75189,53.49437,101.25752
2024,25025000701,"Census Tract 7.01",181.65577,43.70032,137.95545
2024,25025000703,"Census Tract 7.03",0,0,0
2024,25025000704,"Census Tract 7.04",364.27,0,364.27
2024,25025000804,"Census Tract 8.04",502.03856,13.011186,489.027374
2024,25025000805,"Census Tract 8.05",279.84701,279.84701,0
2024,25025000806,"Census Tract 8.06",101.09506,6.424381,94.670679
2024,25025000807,"Census Tract 8.07",0,0,0
2024,25025010103,"Census Tract 101.03",0,0,0
2024,25025010104,"Census Tract 101.04",78.84036,6.613127,72.227233
2024,25025010204,"Census Tract 102.04",64.799068,0,64.799068
2024,25025010205,"Census Tract 102.05",271.14608,163.40328,107.7428
2024,25025010206,"Census Tract 102.06",81.40273,13.481738,67.920992
2024,25025010300,"Census Tract 103",20.65387,0,20.65387
2024,25025010403,"Census Tract 104.03",112.35718,112.35718,0
2024,25025010404,"Census Tract 104.04",105.858387,1.471558,104.386829
2024,25025010405,"Census Tract 104.05",148.390721,0,148.390721
2024,25025010408,"Census Tract 104.08",55.306013,16.812267,38.493746
2024,25025010500,"Census Tract 105",167.93191,24.89543,143.03648
2024,25025010600,"Census Tract 106",321.66681,0,321.66681
2024,25025010701,"Census Tract 107.01",124.40056,0,124.40056
2024,25025010702,"Census Tract 107.02",126.89773,0,126.89773
2024,25025010801,"Census Tract 108.01",141.35988,0,141.35988
2024,25025010802,"Census Tract 108.02",230.498591,0,230.498591
2024,25025020101,"Census Tract 201.01",379.01465,0,379.01465
2024,25025020200,"Census Tract 202",187.893527,0,187.893527
2024,25025020301,"Census Tract 203.01",135.00446,0,135.00446
2024,25025020302,"Census Tract 203.02",107.119592,0,107.119592
2024,25025020304,"Census Tract 203.04",163.64567,0,163.64567
2024,25025020305,"Census Tract 203.05",290.81865,22.854816,267.963834
2024,25025030100,"Census Tract 301",25.913948,14.85252,11.061428
2024,25025030200,"Census Tract 302",72.08605,0,72.08605
2024,25025030301,"Census Tract 303.01",137.43155,0,137.43155
2024,25025030302,"Census Tract 303.02",116.68243,0,116.68243
2024,25025030400,"Census Tract 304",253.28571,63.0261,190.25961
2024,25025030500,"Census Tract 305",100.718802,0,100.718802
2024,25025040100,"Census Tract 401",393.7877,36.51533,357.27237
2024,25025040200,"Census Tract 402",425.7794,111.728729,314.050671
2024,25025040300,"Census Tract 403",873.07567,70.975718,802.099952
2024,25025040401,"Census Tract 404.01",452.58067,0,452.58067
2024,25025040600,"Census Tract 406",450.2948,19.71724,430.57756
2024,25025040801,"Census Tract 408.01",721.181,193.677691,527.503309
2024,25025050101,"Census Tract 501.01",1090.96363,106.62521,984.33842
2024,25025050200,"Census Tract 502",1238.83,294.67003,944.15997
2024,25025050300,"Census Tract 503",482.28748,136.33627,345.95121
2024,25025050400,"Census Tract 504",409.3776,0,409.3776
2024,25025050500,"Census Tract 505",316.65788,21.08296,295.57492
2024,25025050600,"Census Tract 506",344.62108,20.877074,323.744006
2024,25025050700,"Census Tract 507",1068.9366,284.44085,784.49575
2024,25025050901,"Census Tract 509.01",995.90072,135.03407,860.86665
2024,25025051000,"Census Tract 510",831.11579,121.5227751,709.5930149
2024,25025051101,"Census Tract 511.01",1036.1834,319.50616,716.67724
2024,25025051200,"Census Tract 512",475.52584,183.18595,292.33989
2024,25025060101,"Census Tract 601.01",345.04554,6.768836,338.276704
2024,25025060200,"Census Tract 602",211.97498,10.695885,201.279095
2024,25025060301,"Census Tract 603.01",386.51069,40.116709,346.393981
2024,25025060400,"Census Tract 604",334.72013,0,334.72013
2024,25025060501,"Census Tract 605.01",355.34242,0,355.34242
2024,25025060601,"Census Tract 606.01",108.79515,0,108.79515
2024,25025060602,"Census Tract 606.02",0,0,0
2024,25025060603,"Census Tract 606.03",103.68271,0,103.68271
2024,25025060604,"Census Tract 606.04",217.25198,0,217.25198
2024,25025060700,"Census Tract 607",428.41977,234.78197,193.6378
2024,25025060800,"Census Tract 608",277.3668,0,277.3668
2024,25025061000,"Census Tract 610",473.60117,284.78472,188.81645
2024,25025061101,"Census Tract 611.01",638.22321,359.23583,278.98738
2024,25025061201,"Census Tract 612.01",117.51661,0,117.51661
2024,25025061202,"Census Tract 612.02",0,0,0
2024,25025061203,"Census Tract 612.03",196.17794,9.043597,187.134343
2024,25025061204,"Census Tract 612.04",62.20963,0,62.20963
2024,25025070102,"Census Tract 701.02",166.43546,0,166.43546
2024,25025070103,"Census Tract 701.03",101.81948,0,101.81948
2024,25025070104,"Census Tract 701.04",352.63026,0,352.63026
2024,25025070201,"Census Tract 702.01",156.75074,0,156.75074
2024,25025070202,"Census Tract 702.02",523.08716,229.59055,293.49661
2024,25025070301,"Census Tract 703.01",219.484139,0,219.484139
2024,25025070302,"Census Tract 703.02",160.55721,0,160.55721
2024,25025070402,"Census Tract 704.02",266.600236,110.26564,156.334596
2024,25025070501,"Census Tract 705.01",312.4318,0,312.4318
2024,25025070502,"Census Tract 705.02",451.00736,224.41497,226.59239
2024,25025070600,"Census Tract 706",300.90718,0,300.90718
2024,25025070700,"Census Tract 707",397.71714,215.5333,182.18384
2024,25025070801,"Census Tract 708.01",44.25865,0,44.25865
2024,25025070802,"Census Tract 708.02",300.3294,0,300.3294
2024,25025070901,"Census Tract 709.01",223.21924,77.81502,145.40422
2024,25025070902,"Census Tract 709.02",228.6942,40.16688,188.52732
2024,25025071101,"Census Tract 711.01",391.39424,69.45961,321.93463
2024,25025071201,"Census Tract 712.01",533.82437,209.41071,324.41366
2024,25025080100,"Census Tract 801",459.40219,117.81073,341.59146
2024,25025080300,"Census Tract 803",399.18093,260.94679,138.23414
2024,25025080401,"Census Tract 804.01",704.97088,407.51017,297.46071
2024,25025080500,"Census Tract 805",729.4312,340.45383,388.97737
2024,25025080601,"Census Tract 806.01",303.61318,199.82911,103.78407
2024,25025080801,"Census Tract 808.01",602.83196,383.28686,219.5451
2024,25025080900,"Census Tract 809",144.83471,0,144.83471
2024,25025081001,"Census Tract 810.01",678.16936,272.60951,405.55985
2024,25025081101,"Census Tract 811.01",41.82626,7.913076,33.913184
2024,25025081102,"Census Tract 811.02",199.44966,0,199.44966
2024,25025081200,"Census Tract 812",800.57911,434.44833,366.13078
2024,25025081301,"Census Tract 813.01",514.80814,329.37187,185.43627
2024,25025081302,"Census Tract 813.02",665.10027,290.30952,374.79075
2024,25025081400,"Census Tract 814",528.88137,136.214396,392.666974
2024,25025081500,"Census Tract 815",521.29935,218.29321,303.00614
2024,25025081700,"Census Tract 817",874.8342,213.03462,661.79958
2024,25025081800,"Census Tract 818",638.73304,207.97753,430.75551
2024,25025081900,"Census Tract 819",770.0675,213.0935,556.974
2024,25025082000,"Census Tract 820",745.2418,461.24289,283.99891
2024,25025082100,"Census Tract 821",1134.6639,325.46794,809.19596
2024,25025090100,"Census Tract 901",1371.08204,541.68301,829.39903
2024,25025090200,"Census Tract 902",499.655607,160.6332913,339.0223157
2024,25025090300,"Census Tract 903",1111.04764,446.972353,664.075287
2024,25025090400,"Census Tract 904",1231.40333,307.89559,923.50774
2024,25025090600,"Census Tract 906",569.58192,126.661336,442.920584
2024,25025090700,"Census Tract 907",519.60407,45.43595,474.16812
2024,25025090901,"Census Tract 909.01",518.81264,190.639331,328.173309
2024,25025091001,"Census Tract 910.01",349.926726,0,349.926726
2024,25025091100,"Census Tract 911",515.4687,0,515.4687
2024,25025091200,"Census Tract 912",636.17909,305.6656,330.51349
2024,25025091300,"Census Tract 913",678.09834,356.55826,321.54008
2024,25025091400,"Census Tract 914",657.57283,137.63187,519.94096
2024,25025091500,"Census Tract 915",871.058985,466.78829,404.270695
2024,25025091600,"Census Tract 916",659.01123,101.24332,557.76791
2024,25025091700,"Census Tract 917",692.34474,347.899538,344.445202
2024,25025091800,"Census Tract 918",856.0312,373.49098,482.54022
2024,25025091900,"Census Tract 919",995.7884,217.282917,778.505483
2024,25025092000,"Census Tract 920",976.59526,155.2851,821.31016
2024,25025092101,"Census Tract 921.01",1155.5973,345.04418,810.55312
2024,25025092200,"Census Tract 922",508.7392,70.920114,437.819086
2024,25025092300,"Census Tract 923",772.8577,148.00485,624.85285
2024,25025092400,"Census Tract 924",1493.7385,342.0191962,1151.7193038
2024,25025100100,"Census Tract 1001",1479.8123,376.90697,1102.90533
2024,25025100200,"Census Tract 1002",688.26106,424.33991,263.92115
2024,25025100300,"Census Tract 1003",765.52542,154.51966,611.00576
2024,25025100400,"Census Tract 1004",898.655,383.899,514.756
2024,25025100500,"Census Tract 1005",1078.5265,273.36612,805.16038
2024,25025100601,"Census Tract 1006.01",833.826166,125.96769,707.858476
2024,25025100603,"Census Tract 1006.03",244.601441,26.936231,217.66521
2024,25025100700,"Census Tract 1007",694.14127,17.347156,676.794114
2024,25025100800,"Census Tract 1008",641.8944,110.93398,530.96042
2024,25025100900,"Census Tract 1009",633.88512,86.73973,547.14539
2024,25025101001,"Census Tract 1010.01",1016.68589,235.04782,781.63807
2024,25025101002,"Census Tract 1010.02",1117.47523,489.51731,627.95792
2024,25025101101,"Census Tract 1011.01",832.79992,217.120911,615.679009
2024,25025101102,"Census Tract 1011.02",1248.0903,719.29893,528.79137
2024,25025110104,"Census Tract 1101.04",400.24899,142.38745,257.86154
2024,25025110105,"Census Tract 1101.05",253.43162,0,253.43162
2024,25025110106,"Census Tract 1101.06",139.23187,0,139.23187
2024,25025110201,"Census Tract 1102.01",470.96796,43.706846,427.261114
2024,25025110301,"Census Tract 1103.01",324.136079,33.603628,290.532451
2024,25025110401,"Census Tract 1104.01",627.829117,71.920342,555.908775
2024,25025110403,"Census Tract 1104.03",804.50162,72.954345,731.547275
2024,25025110501,"Census Tract 1105.01",589.09096,0,589.09096
2024,25025110502,"Census Tract 1105.02",672.2188,0,672.2188
2024,25025110601,"Census Tract 1106.01",361.73946,0,361.73946
2024,25025110607,"Census Tract 1106.07",752.0506,33.380695,718.669905
2024,25025120103,"Census Tract 1201.03",294.96902,0,294.96902
2024,25025120104,"Census Tract 1201.04",339.95155,16.4471695,323.5043805
2024,25025120105,"Census Tract 1201.05",356.44483,18.827207,337.617623
2024,25025120201,"Census Tract 1202.01",456.47572,11.0862,445.38952
2024,25025120301,"Census Tract 1203.01",738.47692,48.07505,690.40187
2024,25025120400,"Census Tract 1204",594.54524,0,594.54524
2024,25025120500,"Census Tract 1205",383.24192,137.06764,246.17428
2024,25025120600,"Census Tract 1206",412.48381,0,412.48381
2024,25025120700,"Census Tract 1207",215.39591,34.453887,180.942023
2024,25025130101,"Census Tract 1301.01",920.69325,1.457862,919.235388
2024,25025130200,"Census Tract 1302",821.74173,29.13683,792.6049
2024,25025130300,"Census Tract 1303",845.02999,14.925026,830.104964
2024,25025130402,"Census Tract 1304.02",770.57805,12.76115,757.8169
2024,25025130404,"Census Tract 1304.04",456.08113,31.861662,424.219468
2024,25025130406,"Census Tract 1304.06",1308.718,372.186027,936.531973
2024,25025140102,"Census Tract 1401.02",969.74629,30.04564,939.70065
2024,25025140105,"Census Tract 1401.05",614.58745,124.786663,489.800787
2024,25025140106,"Census Tract 1401.06",496.62215,70.61157,426.01058
2024,25025140107,"Census Tract 1401.07",543.52134,106.747512,436.773828
2024,25025140201,"Census Tract 1402.01",450.82622,0,450.82622
2024,25025140202,"Census Tract 1402.02",1001.9948,28.3211989,973.6736011
2024,25025140300,"Census Tract 1403",1366.49919,41.7828478,1324.7163422
2024,25025140400,"Census Tract 1404",1408.6703,307.37445,1101.29585
2024,25025980101,"Census Tract 9801.01",0,0,0
2024,25025980300,"Census Tract 9803",0,0,0
2024,25025980700,"Census Tract 9807",0,0,0
2024,25025980900,"Census Tract 9809",0,0,0
2024,25025981000,"Census Tract 9810",0,0,0
2024,25025981100,"Census Tract 9811",0,0,0
2024,25025981201,"Census Tract 9812.01",0,0,0
2024,25025981202,"Census Tract 9812.02",0,0,0
2024,25025981300,"Census Tract 9813",0,0,0
2024,25025981501,"Census Tract 9815.01",0,0,0
2024,25025981600,"Census Tract 9816",0,0,0
2024,25025981700,"Census Tract 9817",0,0,0
2024,25025981800,"Census Tract 9818",0.9958633,0,0.9958633
2024,25025981900,"Census Tract 9819",0,0,0
2024,25025990101,"Census Tract 9901.01",0,0,0
