"YEAR","GEOID","NAME","total_workers_16_and_over","car_truck_van_alone","car_truck_van_carpool","public_transportation","taxicab","motorcycle","bicycle","walked","other_means","worked_from_home"
1990,"25025000101","Census Tract 1.01",1034,530,110,237,7,3,9,112,12,14
1990,"25025000102","Census Tract 1.02",1214,621,129,278,9,4,11,132,13,17
1990,"25025000201","Census Tract 2.01",2352,1486,204,509,0,0,18,103,6,26
1990,"25025000202","Census Tract 2.02",2211,1130,221,713,0,0,12,113,9,13
1990,"25025000301","Census Tract 3.01",1901,954,260,581,0,0,10,68,0,28
1990,"25025000302","Census Tract 3.02",1883,946,258,575,0,0,9,68,0,27
1990,"25025000401","Census Tract 4.01",3054,1086,413,1344,0,0,59,111,0,41
1990,"25025000402","Census Tract 4.02",1977,956,158,659,0,0,21,132,5,46
1990,"25025000502","Census Tract 5.02",3007,1108,181,1336,0,0,32,298,0,52
1990,"25025000503","Census Tract 5.03",1595,514,118,808,3,6,13,116,4,13
1990,"25025000505","Census Tract 5.05",1401,451,104,709,2,5,12,102,4,12
1990,"25025000506","Census Tract 5.06",1869,602,139,946,3,7,15,136,5,16
1990,"25025000601","Census Tract 6.01",2311,1199,297,538,7,10,9,167,0,84
1990,"25025000603","Census Tract 6.03",874,325,44,366,4,0,16,95,0,24
1990,"25025000604","Census Tract 6.04",1428,531,73,598,6,0,27,155,0,38
1990,"25025000701","Census Tract 7.01",2806,782,256,1474,6,26,24,205,0,33
1990,"25025000703","Census Tract 7.03",1533,423,87,812,1,6,40,156,3,5
1990,"25025000704","Census Tract 7.04",3100,856,176,1642,3,13,81,314,5,10
1990,"25025000804","Census Tract 8.04",1891,613,252,688,0,9,59,226,18,26
1990,"25025000805","Census Tract 8.05",2280,736,298,822,0,11,71,289,22,31
1990,"25025000806","Census Tract 8.06",592,168,33,160,3,0,9,213,3,3
1990,"25025000807","Census Tract 8.07",543,154,30,146,3,0,9,195,3,3
1990,"25025010103","Census Tract 101.03",1791,67,26,363,0,0,64,1231,21,19
1990,"25025010104","Census Tract 101.04",2940,503,38,943,20,8,83,1187,54,104
1990,"25025010204","Census Tract 102.04",1899,331,70,647,13,0,84,718,0,36
1990,"25025010205","Census Tract 102.05",1475,257,54,503,10,0,65,558,0,28
1990,"25025010206","Census Tract 102.06",1092,190,40,372,8,0,48,413,0,21
1990,"25025010300","Census Tract 103",1174,119,31,309,7,0,31,603,18,56
1990,"25025010403","Census Tract 104.03",1795,327,59,701,9,6,31,634,8,20
1990,"25025010404","Census Tract 104.04",2351,429,77,919,11,7,41,830,11,26
1990,"25025010405","Census Tract 104.05",2105,206,139,714,18,0,82,876,0,70
1990,"25025010408","Census Tract 104.08",848,148,31,289,6,0,37,321,0,16
1990,"25025010500","Census Tract 105",1704,421,57,510,10,0,19,636,18,33
1990,"25025010600","Census Tract 106",1129,366,22,338,9,0,8,320,5,61
1990,"25025010701","Census Tract 107.01",1881,421,74,479,29,0,52,721,10,95
1990,"25025010702","Census Tract 107.02",1808,404,71,461,27,0,50,693,10,92
1990,"25025010801","Census Tract 108.01",2223,507,102,473,11,0,38,905,11,176
1990,"25025010802","Census Tract 108.02",2315,529,106,492,11,0,40,943,11,183
1990,"25025020101","Census Tract 201.01",3062,705,74,514,14,0,32,1524,32,167
1990,"25025020200","Census Tract 202",2586,379,66,628,7,0,28,1344,28,106
1990,"25025020301","Census Tract 203.01",1262,233,26,261,16,8,8,664,20,26
1990,"25025020302","Census Tract 203.02",789,147,16,162,11,5,5,415,13,15
1990,"25025020304","Census Tract 203.04",72,14,2,15,1,0,0,38,1,1
1990,"25025020305","Census Tract 203.05",965,180,19,198,13,6,6,508,16,19
1990,"25025030100","Census Tract 301",1285,269,33,454,6,0,13,510,0,0
1990,"25025030200","Census Tract 302",864,159,28,206,11,0,0,421,0,39
1990,"25025030301","Census Tract 303.01",761,175,25,134,0,0,0,384,26,17
1990,"25025030302","Census Tract 303.02",766,176,25,136,0,0,0,387,25,17
1990,"25025030400","Census Tract 304",2520,432,112,598,18,0,0,1242,57,61
1990,"25025030500","Census Tract 305",1382,291,49,302,19,0,9,694,0,18
1990,"25025040100","Census Tract 401",1255,508,132,286,8,0,0,251,0,70
1990,"25025040200","Census Tract 402",515,197,56,139,0,0,0,98,6,19
1990,"25025040300","Census Tract 403",2427,1046,182,840,27,0,0,272,25,35
1990,"25025040401","Census Tract 404.01",1084,405,85,313,0,0,34,228,0,19
1990,"25025040600","Census Tract 406",1436,654,141,445,9,0,0,109,14,64
1990,"25025040801","Census Tract 408.01",1520,620,70,504,0,0,7,255,25,39
1990,"25025050101","Census Tract 501.01",1470,582,173,544,0,0,0,160,0,11
1990,"25025050200","Census Tract 502",1764,599,295,749,0,8,0,79,17,17
1990,"25025050300","Census Tract 503",530,129,31,299,0,0,0,59,5,7
1990,"25025050400","Census Tract 504",967,291,77,476,0,0,0,91,9,23
1990,"25025050500","Census Tract 505",846,230,89,435,10,0,0,82,0,0
1990,"25025050600","Census Tract 506",649,222,155,135,0,0,0,125,6,6
1990,"25025050700","Census Tract 507",1210,511,152,401,9,0,13,117,0,7
1990,"25025050901","Census Tract 509.01",1619,623,224,636,0,19,0,85,13,19
1990,"25025051000","Census Tract 510",1844,861,197,654,0,5,0,75,0,52
1990,"25025051101","Census Tract 511.01",2329,1048,258,869,12,13,0,103,6,20
1990,"25025051200","Census Tract 512",1153,456,62,484,0,0,0,123,28,0
1990,"25025060101","Census Tract 601.01",1582,821,248,435,0,0,0,72,0,6
1990,"25025060200","Census Tract 602",1164,495,135,373,5,0,0,132,0,24
1990,"25025060301","Census Tract 603.01",1636,713,188,535,0,0,20,166,0,14
1990,"25025060400","Census Tract 604",2305,969,326,716,9,0,22,219,19,25
1990,"25025060501","Census Tract 605.01",1775,778,153,593,0,0,6,235,0,10
1990,"25025060601","Census Tract 606.01",500,206,65,97,0,0,4,88,10,30
1990,"25025060602","Census Tract 606.02",36,15,4,8,0,0,0,6,1,2
1990,"25025060603","Census Tract 606.03",21,9,3,4,0,0,0,4,0,1
1990,"25025060604","Census Tract 606.04",73,30,9,14,0,0,1,13,2,4
1990,"25025060700","Census Tract 607",348,60,39,127,14,0,6,93,9,0
1990,"25025060800","Census Tract 608",1619,528,216,510,41,0,8,269,12,35
1990,"25025061000","Census Tract 610",703,230,52,308,5,0,12,73,15,8
1990,"25025061101","Census Tract 611.01",556,204,61,253,5,0,0,33,0,0
1990,"25025061201","Census Tract 612.01",736,314,88,226,0,0,0,93,15,0
1990,"25025061202","Census Tract 612.02",,,,,,,,,,
1990,"25025061203","Census Tract 612.03",385,164,24,116,5,0,12,49,15,0
1990,"25025061204","Census Tract 612.04",73,31,5,22,1,0,2,9,3,0
1990,"25025070102","Census Tract 701.02",384,47,29,97,4,0,0,157,11,39
1990,"25025070103","Census Tract 701.03",27,3,2,7,0,0,0,11,1,3
1990,"25025070104","Census Tract 701.04",147,18,11,37,2,0,0,60,4,15
1990,"25025070201","Census Tract 702.01",418,63,84,80,0,0,0,161,25,5
1990,"25025070202","Census Tract 702.02",1082,152,170,231,4,0,0,426,53,46
1990,"25025070301","Census Tract 703.01",1460,369,51,333,11,0,13,571,0,112
1990,"25025070302","Census Tract 703.02",899,227,31,206,6,0,8,352,0,69
1990,"25025070402","Census Tract 704.02",626,69,156,124,0,0,0,266,11,0
1990,"25025070501","Census Tract 705.01",1138,238,182,350,15,0,14,316,4,19
1990,"25025070502","Census Tract 705.02",2054,430,329,633,27,0,24,571,7,33
1990,"25025070600","Census Tract 706",1890,522,126,431,7,0,32,725,0,47
1990,"25025070700","Census Tract 707",1313,355,67,425,17,0,13,408,8,20
1990,"25025070801","Census Tract 708.01",549,134,39,200,4,0,16,122,8,26
1990,"25025070802","Census Tract 708.02",1530,374,108,559,10,0,45,341,21,72
1990,"25025070901","Census Tract 709.01",623,188,38,280,2,0,3,102,0,10
1990,"25025070902","Census Tract 709.02",1054,318,63,472,4,0,6,173,0,18
1990,"25025071101","Census Tract 711.01",1631,414,207,530,7,12,41,378,11,31
1990,"25025071201","Census Tract 712.01",422,101,68,41,7,0,18,127,32,28
1990,"25025080100","Census Tract 801",618,219,117,210,17,0,0,23,32,0
1990,"25025080300","Census Tract 803",589,143,45,354,0,0,0,36,0,11
1990,"25025080401","Census Tract 804.01",697,264,54,312,4,0,2,49,12,0
1990,"25025080500","Census Tract 805",928,325,47,477,9,0,5,65,0,0
1990,"25025080601","Census Tract 806.01",427,102,32,262,0,0,0,19,0,12
1990,"25025080801","Census Tract 808.01",1186,217,113,361,3,0,14,418,9,51
1990,"25025080900","Census Tract 809",1919,410,167,892,0,0,24,372,7,47
1990,"25025081001","Census Tract 810.01",2220,489,137,929,0,0,14,606,0,45
1990,"25025081101","Census Tract 811.01",576,190,50,244,2,0,7,72,6,5
1990,"25025081102","Census Tract 811.02",1173,385,104,496,4,0,16,146,12,10
1990,"25025081200","Census Tract 812",1122,318,153,465,8,0,29,142,7,0
1990,"25025081301","Census Tract 813.01",532,160,88,216,3,0,9,45,4,7
1990,"25025081302","Census Tract 813.02",746,224,124,303,4,0,13,63,5,10
1990,"25025081400","Census Tract 814",1115,441,214,319,5,0,8,103,0,25
1990,"25025081500","Census Tract 815",890,459,118,251,0,0,0,35,20,7
1990,"25025081700","Census Tract 817",1381,367,206,695,0,0,0,96,7,10
1990,"25025081800","Census Tract 818",1106,452,66,466,24,0,0,37,0,61
1990,"25025081900","Census Tract 819",1436,673,212,405,20,0,0,77,49,0
1990,"25025082000","Census Tract 820",1089,443,149,435,19,0,0,43,0,0
1990,"25025082100","Census Tract 821",1468,489,258,663,16,0,0,17,12,13
1990,"25025090100","Census Tract 901",1729,734,217,640,18,0,0,25,85,10
1990,"25025090200","Census Tract 902",695,135,177,306,26,0,0,11,18,22
1990,"25025090300","Census Tract 903",1025,584,108,267,0,0,0,30,9,27
1990,"25025090400","Census Tract 904",832,354,164,264,0,0,0,17,16,17
1990,"25025090600","Census Tract 906",646,205,131,250,0,0,0,37,19,4
1990,"25025090700","Census Tract 907",1866,735,196,678,6,0,0,194,22,35
1990,"25025090901","Census Tract 909.01",1043,350,142,468,0,0,25,47,0,11
1990,"25025091001","Census Tract 910.01",1229,528,227,408,6,0,23,31,6,0
1990,"25025091100","Census Tract 911",2255,967,287,773,55,0,0,153,7,13
1990,"25025091200","Census Tract 912",1361,732,154,399,0,0,0,56,0,20
1990,"25025091300","Census Tract 913",818,303,188,228,0,0,0,92,7,0
1990,"25025091400","Census Tract 914",927,371,221,257,5,0,0,30,36,7
1990,"25025091500","Census Tract 915",1683,755,351,411,9,0,8,77,72,0
1990,"25025091600","Census Tract 916",1250,530,254,398,11,0,0,37,20,0
1990,"25025091700","Census Tract 917",1348,561,258,449,0,0,0,62,9,9
1990,"25025091800","Census Tract 918",1301,685,196,380,0,0,0,15,0,25
1990,"25025091900","Census Tract 919",1506,621,174,581,24,0,0,47,32,27
1990,"25025092000","Census Tract 920",1978,887,248,774,8,0,0,53,0,8
1990,"25025092101","Census Tract 921.01",2837,1570,363,590,44,0,10,211,40,9
1990,"25025092200","Census Tract 922",1666,797,166,591,0,5,10,52,0,45
1990,"25025092300","Census Tract 923",1296,591,141,505,0,0,0,59,0,0
1990,"25025092400","Census Tract 924",2149,1037,261,736,0,0,0,74,41,0
1990,"25025100100","Census Tract 1001",1482,936,168,345,7,0,0,0,26,0
1990,"25025100200","Census Tract 1002",927,362,113,397,5,0,0,0,15,35
1990,"25025100300","Census Tract 1003",1507,667,211,594,0,0,0,7,7,21
1990,"25025100400","Census Tract 1004",2518,1254,334,815,0,0,6,52,12,45
1990,"25025100500","Census Tract 1005",2849,1343,338,965,0,0,18,111,12,62
1990,"25025100601","Census Tract 1006.01",2444,1406,317,584,0,0,0,82,0,55
1990,"25025100603","Census Tract 1006.03",993,601,84,184,6,0,0,93,7,18
1990,"25025100700","Census Tract 1007",2116,1269,309,384,9,0,0,112,8,25
1990,"25025100800","Census Tract 1008",2636,1408,470,653,0,8,0,87,0,10
1990,"25025100900","Census Tract 1009",2071,1155,223,531,0,0,0,128,0,34
1990,"25025101001","Census Tract 1010.01",3094,1320,666,899,0,0,0,77,53,79
1990,"25025101002","Census Tract 1010.02",2475,1242,279,847,23,0,0,50,7,27
1990,"25025101101","Census Tract 1011.01",1455,716,217,455,7,13,0,35,5,7
1990,"25025101102","Census Tract 1011.02",2162,952,400,732,7,0,0,19,12,40
1990,"25025110104","Census Tract 1101.04",898,356,77,409,0,0,12,20,0,24
1990,"25025110105","Census Tract 1101.05",1016,392,87,473,0,0,14,22,0,28
1990,"25025110106","Census Tract 1101.06",591,228,50,276,0,0,8,13,0,16
1990,"25025110201","Census Tract 1102.01",679,364,71,204,0,0,0,27,5,8
1990,"25025110301","Census Tract 1103.01",1280,718,233,294,0,0,0,8,0,27
1990,"25025110401","Census Tract 1104.01",1750,924,255,536,0,0,0,21,0,14
1990,"25025110403","Census Tract 1104.03",2158,1386,286,412,7,0,0,60,0,7
1990,"25025110501","Census Tract 1105.01",1937,1210,242,413,0,0,0,48,10,14
1990,"25025110502","Census Tract 1105.02",1997,1062,274,534,8,0,5,75,4,35
1990,"25025110601","Census Tract 1106.01",1222,792,162,177,7,0,0,28,7,49
1990,"25025110607","Census Tract 1106.07",2682,1618,264,630,10,8,0,95,19,38
1990,"25025120103","Census Tract 1201.03",941,484,101,230,0,0,15,54,2,55
1990,"25025120104","Census Tract 1201.04",1408,724,151,345,0,0,22,81,3,82
1990,"25025120105","Census Tract 1201.05",1520,781,163,372,0,0,24,88,3,89
1990,"25025120201","Census Tract 1202.01",2139,733,358,788,0,0,23,185,7,45
1990,"25025120301","Census Tract 1203.01",2297,860,392,776,0,0,67,107,15,80
1990,"25025120400","Census Tract 1204",3245,1582,225,1053,0,0,83,194,0,108
1990,"25025120500","Census Tract 1205",1042,298,322,265,0,0,0,114,6,37
1990,"25025120600","Census Tract 1206",1622,723,157,568,0,0,44,76,7,47
1990,"25025120700","Census Tract 1207",1270,607,143,424,7,0,7,69,0,13
1990,"25025130101","Census Tract 1301.01",3146,2347,262,457,0,0,18,0,20,42
1990,"25025130200","Census Tract 1302",2737,1829,279,443,0,0,0,108,21,57
1990,"25025130300","Census Tract 1303",2458,1613,188,561,0,0,0,67,3,26
1990,"25025130402","Census Tract 1304.02",2519,1730,258,312,7,7,12,112,7,74
1990,"25025130404","Census Tract 1304.04",1146,770,169,167,0,0,4,27,0,9
1990,"25025130406","Census Tract 1304.06",1953,1312,288,284,0,0,7,47,0,15
1990,"25025140102","Census Tract 1401.02",2069,1338,250,371,0,8,0,55,10,37
1990,"25025140105","Census Tract 1401.05",1576,957,157,319,9,0,4,79,20,31
1990,"25025140106","Census Tract 1401.06",1019,619,101,206,6,0,3,51,13,20
1990,"25025140107","Census Tract 1401.07",1161,705,116,235,6,0,3,58,15,23
1990,"25025140201","Census Tract 1402.01",1012,655,89,207,0,0,3,43,0,15
1990,"25025140202","Census Tract 1402.02",2666,1726,234,545,0,0,7,115,0,39
1990,"25025140300","Census Tract 1403",2317,1231,297,605,0,6,10,70,0,98
1990,"25025140400","Census Tract 1404",3913,2165,662,894,0,0,0,126,33,33
1990,"25025980300","Census Tract 9803",,,,,,,,,,
1990,"25025980700","Census Tract 9807",,,,,,,,,,
1990,"25025980900","Census Tract 9809",,,,,,,,,,
1990,"25025981000","Census Tract 9810",,,,,,,,,,
1990,"25025981100","Census Tract 9811",2,1,0,1,0,0,0,0,0,0
1990,"25025981201","Census Tract 9812.01",,,,,,,,,,
1990,"25025981202","Census Tract 9812.02",,,,,,,,,,
1990,"25025981300","Census Tract 9813",,,,,,,,,,
1990,"25025981501","Census Tract 9815.01",,,,,,,,,,
1990,"25025981502","Census Tract 9815.02",,,,,,,,,,
1990,"25025981600","Census Tract 9816",,,,,,,,,,
1990,"25025981700","Census Tract 9817",,,,,,,,,,
1990,"25025981800","Census Tract 9818",,,,,,,,,,
1990,"25025981900","Census Tract 9819",,,,,,,,,,
2000,"25025000101","Census Tract 1.01",1029,552,134,242,0,0,15,49,17,20
2000,"25025000102","Census Tract 1.02",1258,676,164,295,0,0,18,59,21,25
2000,"25025000201","Census Tract 2.01",2681,1478,237,808,0,0,24,81,18,35
2000,"25025000202","Census Tract 2.02",2172,1364,202,468,11,0,8,102,0,17
2000,"25025000301","Census Tract 3.01",1625,1004,198,343,0,0,10,45,0,25
2000,"25025000302","Census Tract 3.02",2000,1119,232,520,0,0,28,63,0,38
2000,"25025000401","Census Tract 4.01",2938,1374,213,1116,0,0,45,140,10,40
2000,"25025000402","Census Tract 4.02",2176,1118,167,635,0,3,0,142,0,111
2000,"25025000502","Census Tract 5.02",2088,879,124,929,7,0,18,71,0,60
2000,"25025000503","Census Tract 5.03",1720,541,120,922,0,0,42,69,3,23
2000,"25025000505","Census Tract 5.05",1354,426,94,725,0,0,33,55,3,18
2000,"25025000506","Census Tract 5.06",1839,579,128,985,0,0,45,74,4,24
2000,"25025000601","Census Tract 6.01",1913,1152,90,459,0,0,20,104,0,88
2000,"25025000603","Census Tract 6.03",886,311,74,386,0,0,7,86,4,18
2000,"25025000604","Census Tract 6.04",1069,375,89,465,0,0,9,104,5,22
2000,"25025000701","Census Tract 7.01",3015,1124,253,1340,14,0,69,155,34,26
2000,"25025000703","Census Tract 7.03",1509,399,82,792,4,0,34,149,0,49
2000,"25025000704","Census Tract 7.04",3020,799,163,1584,9,0,68,299,0,98
2000,"25025000804","Census Tract 8.04",1932,653,153,828,0,0,47,224,0,27
2000,"25025000805","Census Tract 8.05",2408,814,191,1030,0,0,59,280,0,34
2000,"25025000806","Census Tract 8.06",447,95,2,112,0,0,7,199,19,13
2000,"25025000807","Census Tract 8.07",443,95,2,112,0,0,6,197,18,13
2000,"25025010103","Census Tract 101.03",1754,84,49,551,0,8,51,975,0,36
2000,"25025010104","Census Tract 101.04",2865,430,107,975,29,8,134,1093,28,61
2000,"25025010204","Census Tract 102.04",1450,208,29,665,9,0,10,520,0,9
2000,"25025010205","Census Tract 102.05",1531,281,62,543,22,0,38,543,7,35
2000,"25025010206","Census Tract 102.06",1007,183,40,357,14,0,25,360,5,23
2000,"25025010300","Census Tract 103",1833,209,127,469,8,0,13,974,0,33
2000,"25025010403","Census Tract 104.03",1672,267,42,634,1,0,62,639,14,13
2000,"25025010404","Census Tract 104.04",3665,584,93,1391,3,0,135,1400,30,29
2000,"25025010405","Census Tract 104.05",1685,149,43,593,0,0,20,816,13,51
2000,"25025010408","Census Tract 104.08",841,155,34,298,12,0,21,298,4,19
2000,"25025010500","Census Tract 105",1429,280,45,693,53,0,6,305,0,47
2000,"25025010600","Census Tract 106",1422,401,40,468,17,0,9,396,24,67
2000,"25025010701","Census Tract 107.01",1563,534,61,257,17,0,34,524,19,117
2000,"25025010702","Census Tract 107.02",1788,612,70,293,20,0,39,600,21,133
2000,"25025010801","Census Tract 108.01",2179,657,46,441,41,5,33,807,32,117
2000,"25025010802","Census Tract 108.02",2144,647,45,434,40,4,33,794,31,116
2000,"25025020101","Census Tract 201.01",2866,674,69,434,47,0,7,1395,27,213
2000,"25025020200","Census Tract 202",2662,433,37,732,14,0,7,1368,23,48
2000,"25025020301","Census Tract 203.01",984,230,37,213,11,0,0,461,1,31
2000,"25025020302","Census Tract 203.02",640,152,25,136,8,0,0,298,0,21
2000,"25025020304","Census Tract 203.04",71,17,3,15,1,0,0,33,0,2
2000,"25025020305","Census Tract 203.05",1358,323,53,289,16,0,0,632,0,45
2000,"25025030100","Census Tract 301",1420,277,49,389,14,0,0,667,0,24
2000,"25025030200","Census Tract 302",1093,183,35,267,10,0,8,551,12,27
2000,"25025030301","Census Tract 303.01",675,148,19,99,3,0,0,386,6,14
2000,"25025030302","Census Tract 303.02",801,176,23,117,3,0,0,459,7,16
2000,"25025030400","Census Tract 304",2444,465,57,559,25,0,31,1241,8,58
2000,"25025030500","Census Tract 305",1797,379,58,485,21,0,10,776,8,60
2000,"25025040100","Census Tract 401",1267,554,40,342,11,0,0,211,17,92
2000,"25025040200","Census Tract 402",549,245,32,183,10,0,0,64,0,15
2000,"25025040300","Census Tract 403",2301,1097,123,741,0,0,17,265,0,58
2000,"25025040401","Census Tract 404.01",1229,525,59,446,6,0,17,126,10,40
2000,"25025040600","Census Tract 406",1317,735,110,307,0,0,5,122,0,38
2000,"25025040801","Census Tract 408.01",1528,699,173,408,0,0,0,204,4,40
2000,"25025050101","Census Tract 501.01",1781,780,225,618,5,0,0,128,0,25
2000,"25025050200","Census Tract 502",2156,620,237,1030,0,0,0,250,0,19
2000,"25025050300","Census Tract 503",497,117,38,282,6,0,0,27,27,0
2000,"25025050400","Census Tract 504",1134,322,69,631,0,0,0,106,6,0
2000,"25025050500","Census Tract 505",772,203,145,378,0,0,0,35,0,11
2000,"25025050600","Census Tract 506",1247,287,141,730,0,0,0,76,2,11
2000,"25025050700","Census Tract 507",1788,540,159,909,8,0,0,156,4,12
2000,"25025050901","Census Tract 509.01",1511,532,277,576,3,0,0,115,8,0
2000,"25025051000","Census Tract 510",1604,684,178,575,4,0,11,147,0,5
2000,"25025051101","Census Tract 511.01",2420,1183,231,958,11,0,0,28,0,9
2000,"25025051200","Census Tract 512",1110,483,87,398,0,0,0,125,10,7
2000,"25025060101","Census Tract 601.01",1598,841,59,634,7,0,0,57,0,0
2000,"25025060200","Census Tract 602",1235,664,131,359,14,0,0,37,0,30
2000,"25025060301","Census Tract 603.01",1717,858,128,587,0,0,0,144,0,0
2000,"25025060400","Census Tract 604",2642,1482,280,695,0,5,21,101,0,58
2000,"25025060501","Census Tract 605.01",1907,890,133,665,0,0,23,196,0,0
2000,"25025060601","Census Tract 606.01",656,233,83,125,40,0,0,128,21,26
2000,"25025060602","Census Tract 606.02",42,15,5,8,3,0,0,8,1,2
2000,"25025060603","Census Tract 606.03",,,,,,,,,,
2000,"25025060604","Census Tract 606.04",183,65,23,35,11,0,0,36,6,7
2000,"25025060700","Census Tract 607",365,103,21,117,0,0,0,112,0,12
2000,"25025060800","Census Tract 608",2090,1003,180,519,32,11,44,260,13,28
2000,"25025061000","Census Tract 610",951,325,130,383,0,0,14,74,5,20
2000,"25025061101","Census Tract 611.01",490,147,62,216,0,0,0,65,0,0
2000,"25025061201","Census Tract 612.01",748,251,49,384,5,0,0,48,4,7
2000,"25025061202","Census Tract 612.02",,,,,,,,,,
2000,"25025061203","Census Tract 612.03",196,66,13,100,1,0,0,13,1,2
2000,"25025061204","Census Tract 612.04",38,13,3,20,0,0,0,2,0,0
2000,"25025070102","Census Tract 701.02",673,104,59,208,5,0,0,270,0,27
2000,"25025070103","Census Tract 701.03",,,,,,,,,,
2000,"25025070104","Census Tract 701.04",324,54,25,91,2,0,0,140,0,12
2000,"25025070201","Census Tract 702.01",863,87,135,228,0,0,3,352,33,25
2000,"25025070202","Census Tract 702.02",1293,150,178,358,3,0,3,525,35,41
2000,"25025070301","Census Tract 703.01",1432,414,62,429,11,0,15,453,11,37
2000,"25025070302","Census Tract 703.02",1016,294,44,305,7,0,10,322,7,27
2000,"25025070402","Census Tract 704.02",488,104,69,144,0,0,0,154,0,17
2000,"25025070501","Census Tract 705.01",1095,360,71,312,7,0,48,252,2,43
2000,"25025070502","Census Tract 705.02",1941,639,126,554,13,0,84,446,4,75
2000,"25025070600","Census Tract 706",1634,505,36,491,6,0,15,469,6,106
2000,"25025070700","Census Tract 707",1377,400,22,491,17,0,0,340,0,107
2000,"25025070801","Census Tract 708.01",654,148,12,284,3,0,8,153,4,42
2000,"25025070802","Census Tract 708.02",1676,381,30,727,7,0,19,393,10,109
2000,"25025070901","Census Tract 709.01",540,199,29,195,0,0,10,82,6,19
2000,"25025070902","Census Tract 709.02",1139,420,62,412,0,0,20,172,12,41
2000,"25025071101","Census Tract 711.01",1452,561,28,474,7,0,20,333,17,12
2000,"25025071201","Census Tract 712.01",423,143,17,104,0,0,9,122,13,15
2000,"25025080100","Census Tract 801",595,204,165,174,0,0,0,44,8,0
2000,"25025080300","Census Tract 803",523,191,85,169,0,0,17,43,18,0
2000,"25025080401","Census Tract 804.01",753,241,80,326,6,0,44,50,0,6
2000,"25025080500","Census Tract 805",714,238,69,333,9,0,18,38,0,9
2000,"25025080601","Census Tract 806.01",714,114,90,379,10,0,9,103,9,0
2000,"25025080801","Census Tract 808.01",1203,193,64,332,8,0,10,544,6,46
2000,"25025080900","Census Tract 809",2003,484,110,917,4,7,23,413,10,35
2000,"25025081001","Census Tract 810.01",2212,519,193,1033,0,0,85,319,8,55
2000,"25025081101","Census Tract 811.01",495,155,38,236,0,0,10,48,2,6
2000,"25025081102","Census Tract 811.02",1119,350,86,535,0,0,24,108,3,13
2000,"25025081200","Census Tract 812",732,310,117,225,6,0,0,53,14,7
2000,"25025081301","Census Tract 813.01",544,231,80,178,0,0,0,38,0,17
2000,"25025081302","Census Tract 813.02",669,284,98,220,0,0,0,47,0,20
2000,"25025081400","Census Tract 814",1246,509,133,434,0,10,12,103,7,38
2000,"25025081500","Census Tract 815",677,288,148,198,6,0,0,22,0,15
2000,"25025081700","Census Tract 817",1365,537,216,486,0,0,6,77,15,28
2000,"25025081800","Census Tract 818",1147,502,152,377,25,0,8,55,12,16
2000,"25025081900","Census Tract 819",1116,542,153,356,11,0,0,26,0,28
2000,"25025082000","Census Tract 820",1045,370,197,403,7,0,0,11,9,48
2000,"25025082100","Census Tract 821",1172,481,187,448,0,0,0,11,36,9
2000,"25025090100","Census Tract 901",1747,689,311,699,0,0,0,27,0,21
2000,"25025090200","Census Tract 902",645,246,134,244,0,0,0,18,3,0
2000,"25025090300","Census Tract 903",1059,488,140,394,0,0,10,6,0,21
2000,"25025090400","Census Tract 904",972,415,184,341,0,0,0,22,10,0
2000,"25025090600","Census Tract 906",725,396,111,188,0,0,0,20,0,10
2000,"25025090700","Census Tract 907",2070,900,261,619,28,0,23,103,111,25
2000,"25025090901","Census Tract 909.01",1296,515,195,487,0,11,0,75,0,13
2000,"25025091001","Census Tract 910.01",1338,624,228,386,0,0,20,42,4,34
2000,"25025091100","Census Tract 911",2162,930,223,794,0,0,70,109,8,28
2000,"25025091200","Census Tract 912",1486,665,112,591,0,0,5,102,0,11
2000,"25025091300","Census Tract 913",885,413,89,281,5,0,0,40,26,31
2000,"25025091400","Census Tract 914",819,385,149,245,0,0,0,20,0,20
2000,"25025091500","Census Tract 915",1625,759,185,525,18,0,6,115,6,11
2000,"25025091600","Census Tract 916",1166,481,222,405,10,0,2,43,0,3
2000,"25025091700","Census Tract 917",1245,493,227,446,3,0,8,40,15,13
2000,"25025091800","Census Tract 918",1363,666,291,342,7,0,0,40,0,17
2000,"25025091900","Census Tract 919",1316,544,154,522,18,0,0,18,19,41
2000,"25025092000","Census Tract 920",1904,891,195,652,13,0,7,114,11,21
2000,"25025092101","Census Tract 921.01",2652,1275,460,695,40,0,0,163,12,7
2000,"25025092200","Census Tract 922",1739,913,229,505,0,0,16,33,17,26
2000,"25025092300","Census Tract 923",1159,462,177,448,27,0,0,15,0,30
2000,"25025092400","Census Tract 924",1922,791,307,717,14,0,0,27,0,66
2000,"25025100100","Census Tract 1001",1451,634,220,519,0,0,0,57,0,21
2000,"25025100200","Census Tract 1002",804,408,98,281,0,0,0,12,0,5
2000,"25025100300","Census Tract 1003",1392,630,237,467,9,0,0,15,18,16
2000,"25025100400","Census Tract 1004",2194,1054,235,724,0,0,0,73,22,86
2000,"25025100500","Census Tract 1005",2327,1154,260,771,0,11,0,40,38,53
2000,"25025100601","Census Tract 1006.01",2208,1188,227,683,13,0,0,69,0,28
2000,"25025100603","Census Tract 1006.03",717,438,78,126,9,0,13,16,11,26
2000,"25025100700","Census Tract 1007",2250,1311,326,500,0,0,8,55,20,30
2000,"25025100800","Census Tract 1008",2799,1598,276,764,0,0,19,78,0,64
2000,"25025100900","Census Tract 1009",1958,1187,199,481,12,17,7,48,0,7
2000,"25025101001","Census Tract 1010.01",2730,1431,374,831,0,0,0,8,22,64
2000,"25025101002","Census Tract 1010.02",2199,1201,245,638,21,0,0,56,14,24
2000,"25025101101","Census Tract 1011.01",1084,483,160,393,0,0,0,28,1,19
2000,"25025101102","Census Tract 1011.02",1570,728,126,668,0,0,0,15,12,21
2000,"25025110104","Census Tract 1101.04",933,421,87,371,0,3,4,22,9,16
2000,"25025110105","Census Tract 1101.05",983,437,89,402,0,3,4,23,10,15
2000,"25025110106","Census Tract 1101.06",535,237,49,219,0,2,2,13,5,8
2000,"25025110201","Census Tract 1102.01",874,475,107,233,0,0,0,34,13,12
2000,"25025110301","Census Tract 1103.01",1135,722,111,264,0,0,23,7,1,7
2000,"25025110401","Census Tract 1104.01",1576,898,235,385,0,0,0,51,0,7
2000,"25025110403","Census Tract 1104.03",2317,1344,329,516,12,0,10,30,27,49
2000,"25025110501","Census Tract 1105.01",1775,1248,188,314,0,0,0,0,0,25
2000,"25025110502","Census Tract 1105.02",1983,1179,214,521,0,0,17,25,0,27
2000,"25025110601","Census Tract 1106.01",1263,879,178,161,0,0,0,5,16,24
2000,"25025110607","Census Tract 1106.07",3005,1735,412,646,0,0,6,62,13,131
2000,"25025120103","Census Tract 1201.03",809,504,45,127,3,0,17,50,0,63
2000,"25025120104","Census Tract 1201.04",1376,624,118,466,7,0,20,60,0,81
2000,"25025120105","Census Tract 1201.05",1214,752,68,196,4,0,25,75,0,94
2000,"25025120201","Census Tract 1202.01",2062,812,181,945,0,6,46,32,0,40
2000,"25025120301","Census Tract 1203.01",2102,824,248,831,0,0,56,115,1,27
2000,"25025120400","Census Tract 1204",3681,1567,326,1258,9,31,80,204,0,206
2000,"25025120500","Census Tract 1205",979,301,118,381,0,0,42,93,9,35
2000,"25025120600","Census Tract 1206",1583,621,130,587,0,0,54,108,5,78
2000,"25025120700","Census Tract 1207",1181,413,88,443,0,0,50,110,5,72
2000,"25025130101","Census Tract 1301.01",2546,1784,232,379,0,0,0,63,0,88
2000,"25025130200","Census Tract 1302",2620,1784,201,462,12,0,0,44,7,110
2000,"25025130300","Census Tract 1303",2351,1476,300,411,0,0,0,107,20,37
2000,"25025130402","Census Tract 1304.02",2299,1770,162,274,0,0,8,58,0,27
2000,"25025130404","Census Tract 1304.04",1036,654,128,219,0,0,0,17,2,16
2000,"25025130406","Census Tract 1304.06",1931,1220,238,407,0,0,0,31,5,30
2000,"25025140102","Census Tract 1401.02",1943,1341,222,307,0,0,0,31,7,35
2000,"25025140105","Census Tract 1401.05",1641,1162,205,192,0,0,0,23,0,59
2000,"25025140106","Census Tract 1401.06",897,497,123,216,0,0,0,49,0,12
2000,"25025140107","Census Tract 1401.07",942,522,129,227,0,0,0,51,0,13
2000,"25025140201","Census Tract 1402.01",932,621,93,186,0,0,0,32,0,0
2000,"25025140202","Census Tract 1402.02",2531,1811,195,379,11,0,7,54,7,67
2000,"25025140300","Census Tract 1403",2533,1282,328,735,27,0,0,103,0,58
2000,"25025140400","Census Tract 1404",3413,1950,522,767,0,0,0,78,16,80
2000,"25025980300","Census Tract 9803",,,,,,,,,,
2000,"25025980700","Census Tract 9807",,,,,,,,,,
2000,"25025980900","Census Tract 9809",,,,,,,,,,
2000,"25025981000","Census Tract 9810",,,,,,,,,,
2000,"25025981100","Census Tract 9811",73,32,7,30,0,0,0,2,1,1
2000,"25025981201","Census Tract 9812.01",,,,,,,,,,
2000,"25025981202","Census Tract 9812.02",,,,,,,,,,
2000,"25025981300","Census Tract 9813",,,,,,,,,,
2000,"25025981501","Census Tract 9815.01",,,,,,,,,,
2000,"25025981502","Census Tract 9815.02",,,,,,,,,,
2000,"25025981600","Census Tract 9816",,,,,,,,,,
2000,"25025981700","Census Tract 9817",,,,,,,,,,
2000,"25025981800","Census Tract 9818",,,,,,,,,,
2000,"25025981900","Census Tract 9819",,,,,,,,,,
2010,"25025000101","Census Tract 1.01",975,509,111,181,4,3,40,108,6,13
2010,"25025000102","Census Tract 1.02",1291,673,146,240,5,5,53,143,9,17
2010,"25025000201","Census Tract 2.01",2525,1506,139,573,0,0,10,219,0,78
2010,"25025000202","Census Tract 2.02",2313,1493,98,500,0,0,0,193,0,29
2010,"25025000301","Census Tract 3.01",1746,947,109,370,0,0,105,117,0,98
2010,"25025000302","Census Tract 3.02",2135,1163,161,703,0,0,9,60,11,28
2010,"25025000401","Census Tract 4.01",2946,1006,152,1381,10,0,144,119,47,87
2010,"25025000402","Census Tract 4.02",2149,982,123,786,0,0,32,88,0,138
2010,"25025000502","Census Tract 5.02",2048,339,125,786,0,0,32,492,77,197
2010,"25025000503","Census Tract 5.03",1533,565,68,797,0,0,0,87,0,16
2010,"25025000505","Census Tract 5.05",1487,451,118,785,0,0,26,80,7,20
2010,"25025000506","Census Tract 5.06",1903,578,150,1005,0,0,34,102,8,26
2010,"25025000601","Census Tract 6.01",2303,1096,231,665,0,0,12,113,11,175
2010,"25025000603","Census Tract 6.03",748,288,6,390,0,0,42,10,5,7
2010,"25025000604","Census Tract 6.04",1365,527,10,712,0,0,76,18,9,13
2010,"25025000701","Census Tract 7.01",2959,883,233,1188,14,0,40,379,0,222
2010,"25025000703","Census Tract 7.03",1588,160,118,685,38,0,174,303,0,110
2010,"25025000704","Census Tract 7.04",3259,622,208,1886,0,24,130,301,0,88
2010,"25025000804","Census Tract 8.04",2385,560,128,1058,0,0,87,468,0,84
2010,"25025000805","Census Tract 8.05",2734,642,146,1213,0,0,99,537,0,97
2010,"25025000806","Census Tract 8.06",393,54,9,56,0,0,6,228,0,40
2010,"25025000807","Census Tract 8.07",442,61,11,63,0,0,7,256,0,44
2010,"25025010103","Census Tract 101.03",1460,102,44,261,0,0,19,881,0,153
2010,"25025010104","Census Tract 101.04",2859,352,104,741,38,0,123,1285,0,216
2010,"25025010204","Census Tract 102.04",1336,262,26,382,0,17,31,602,0,16
2010,"25025010205","Census Tract 102.05",1952,290,23,497,0,9,62,983,0,88
2010,"25025010206","Census Tract 102.06",813,121,10,207,0,4,26,409,0,36
2010,"25025010300","Census Tract 103",2685,73,244,669,14,0,4,1402,0,279
2010,"25025010403","Census Tract 104.03",1665,275,0,595,0,0,11,731,0,53
2010,"25025010404","Census Tract 104.04",2419,325,0,773,0,0,22,1151,0,148
2010,"25025010405","Census Tract 104.05",1294,127,39,437,7,0,0,664,0,20
2010,"25025010408","Census Tract 104.08",1031,204,32,309,0,0,16,429,0,41
2010,"25025010500","Census Tract 105",1640,130,120,426,0,14,7,783,58,102
2010,"25025010600","Census Tract 106",1785,383,22,605,21,0,83,597,0,74
2010,"25025010701","Census Tract 107.01",1554,500,33,461,0,0,31,497,0,32
2010,"25025010702","Census Tract 107.02",1807,408,71,465,0,0,62,747,15,39
2010,"25025010801","Census Tract 108.01",2094,777,115,169,0,9,0,724,29,271
2010,"25025010802","Census Tract 108.02",1910,498,79,471,0,0,47,619,24,172
2010,"25025020101","Census Tract 201.01",2824,390,56,370,0,0,11,1779,21,197
2010,"25025020200","Census Tract 202",2597,369,36,607,167,0,7,1290,16,105
2010,"25025020301","Census Tract 203.01",1283,161,98,360,0,0,0,656,0,8
2010,"25025020302","Census Tract 203.02",685,99,0,150,0,0,0,411,0,25
2010,"25025020304","Census Tract 203.04",177,37,1,36,7,0,5,84,0,7
2010,"25025020305","Census Tract 203.05",1223,254,10,248,45,0,35,581,0,50
2010,"25025030100","Census Tract 301",1449,153,10,332,9,0,43,863,0,39
2010,"25025030200","Census Tract 302",1293,83,11,469,12,0,0,686,19,13
2010,"25025030301","Census Tract 303.01",719,137,7,114,11,0,3,371,20,56
2010,"25025030302","Census Tract 303.02",1221,232,12,194,19,0,6,630,33,95
2010,"25025030400","Census Tract 304",2583,469,39,518,14,0,4,1381,24,134
2010,"25025030500","Census Tract 305",1859,396,35,392,0,0,0,944,0,92
2010,"25025040100","Census Tract 401",1462,709,57,223,12,0,23,350,9,79
2010,"25025040200","Census Tract 402",830,263,134,324,0,0,13,79,0,17
2010,"25025040300","Census Tract 403",2482,1288,153,686,0,0,15,234,16,90
2010,"25025040401","Census Tract 404.01",1285,455,228,361,9,0,0,207,0,25
2010,"25025040600","Census Tract 406",1625,838,119,477,0,0,7,58,0,126
2010,"25025040801","Census Tract 408.01",1529,754,152,423,0,0,18,116,0,66
2010,"25025050101","Census Tract 501.01",2485,647,397,1061,0,0,0,284,0,96
2010,"25025050200","Census Tract 502",3009,772,527,1444,0,0,0,241,0,25
2010,"25025050300","Census Tract 503",590,120,7,405,0,0,0,45,8,5
2010,"25025050400","Census Tract 504",1327,395,86,776,0,0,0,52,0,18
2010,"25025050500","Census Tract 505",1243,440,66,643,0,0,0,72,22,0
2010,"25025050600","Census Tract 506",1084,157,47,786,0,0,0,26,68,0
2010,"25025050700","Census Tract 507",2832,701,531,1291,0,0,0,299,0,10
2010,"25025050901","Census Tract 509.01",2177,708,343,954,0,0,0,172,0,0
2010,"25025051000","Census Tract 510",1694,886,145,508,0,0,27,49,0,79
2010,"25025051101","Census Tract 511.01",3384,945,252,1970,95,0,0,82,0,40
2010,"25025051200","Census Tract 512",1502,563,218,545,0,0,8,158,2,8
2010,"25025060101","Census Tract 601.01",1937,891,119,744,0,0,0,32,77,74
2010,"25025060200","Census Tract 602",1389,869,46,418,19,0,0,26,0,11
2010,"25025060301","Census Tract 603.01",1865,1020,29,589,11,0,12,104,0,100
2010,"25025060400","Census Tract 604",3020,1609,218,840,0,0,26,162,12,153
2010,"25025060501","Census Tract 605.01",2410,1244,84,677,20,0,24,272,0,89
2010,"25025060601","Census Tract 606.01",693,216,49,195,5,0,37,121,22,48
2010,"25025060602","Census Tract 606.02",39,12,3,11,0,0,2,7,1,3
2010,"25025060603","Census Tract 606.03",401,125,29,113,3,0,21,70,12,28
2010,"25025060604","Census Tract 606.04",216,67,15,61,1,0,12,38,7,15
2010,"25025060700","Census Tract 607",592,270,10,291,0,0,0,21,0,0
2010,"25025060800","Census Tract 608",2522,1253,45,824,0,0,21,345,0,34
2010,"25025061000","Census Tract 610",1292,459,74,466,0,0,0,273,0,20
2010,"25025061101","Census Tract 611.01",610,268,0,267,0,0,0,75,0,0
2010,"25025061201","Census Tract 612.01",987,422,42,354,0,0,0,118,0,51
2010,"25025061202","Census Tract 612.02",,,,,,,,,,
2010,"25025061203","Census Tract 612.03",747,320,32,268,0,0,0,89,0,38
2010,"25025061204","Census Tract 612.04",344,147,15,123,0,0,0,41,0,18
2010,"25025070102","Census Tract 701.02",1085,182,14,176,22,0,26,622,0,43
2010,"25025070103","Census Tract 701.03",,,,,,,,,,
2010,"25025070104","Census Tract 701.04",609,102,8,99,12,0,14,350,0,24
2010,"25025070201","Census Tract 702.01",1034,122,55,334,0,0,0,448,5,70
2010,"25025070202","Census Tract 702.02",1583,214,62,421,11,0,13,765,5,92
2010,"25025070301","Census Tract 703.01",1470,270,102,431,0,0,37,523,55,52
2010,"25025070302","Census Tract 703.02",1253,230,87,368,0,0,32,446,46,44
2010,"25025070402","Census Tract 704.02",581,285,38,131,0,0,0,90,37,0
2010,"25025070501","Census Tract 705.01",1370,299,64,428,6,0,22,484,9,58
2010,"25025070502","Census Tract 705.02",2222,486,104,695,10,0,36,784,14,93
2010,"25025070600","Census Tract 706",1809,413,20,590,0,0,22,572,10,182
2010,"25025070700","Census Tract 707",1397,292,26,417,10,0,11,585,10,46
2010,"25025070801","Census Tract 708.01",613,118,13,301,0,0,10,150,0,21
2010,"25025070802","Census Tract 708.02",1480,285,30,727,0,0,24,364,0,50
2010,"25025070901","Census Tract 709.01",586,170,4,212,6,0,7,160,0,27
2010,"25025070902","Census Tract 709.02",1080,314,7,390,10,0,13,295,0,51
2010,"25025071101","Census Tract 711.01",1926,707,41,552,4,0,81,446,17,78
2010,"25025071201","Census Tract 712.01",1233,514,81,278,10,0,0,270,13,67
2010,"25025080100","Census Tract 801",631,303,39,142,0,0,58,63,0,26
2010,"25025080300","Census Tract 803",541,233,25,81,0,0,0,192,10,0
2010,"25025080401","Census Tract 804.01",593,229,65,240,0,0,0,45,0,14
2010,"25025080500","Census Tract 805",801,236,169,304,0,0,0,92,0,0
2010,"25025080601","Census Tract 806.01",1155,238,69,558,0,0,0,290,0,0
2010,"25025080801","Census Tract 808.01",906,234,53,299,0,0,0,320,0,0
2010,"25025080900","Census Tract 809",2005,254,133,601,0,0,345,672,0,0
2010,"25025081001","Census Tract 810.01",2264,513,52,914,0,0,54,672,0,59
2010,"25025081101","Census Tract 811.01",596,184,20,251,0,0,46,87,5,3
2010,"25025081102","Census Tract 811.02",1887,581,62,794,0,0,147,276,17,10
2010,"25025081200","Census Tract 812",1078,321,43,505,0,0,84,63,6,56
2010,"25025081301","Census Tract 813.01",576,285,75,163,0,0,0,15,0,38
2010,"25025081302","Census Tract 813.02",787,389,103,223,0,0,0,20,0,52
2010,"25025081400","Census Tract 814",1815,618,109,663,0,0,68,272,0,85
2010,"25025081500","Census Tract 815",751,383,38,228,0,0,0,34,26,42
2010,"25025081700","Census Tract 817",1275,533,202,326,0,0,12,120,8,74
2010,"25025081800","Census Tract 818",1272,439,132,640,0,0,0,55,0,6
2010,"25025081900","Census Tract 819",1204,489,114,574,10,0,0,17,0,0
2010,"25025082000","Census Tract 820",1188,420,97,521,0,19,0,41,81,9
2010,"25025082100","Census Tract 821",1606,638,231,662,10,12,9,22,16,6
2010,"25025090100","Census Tract 901",1756,657,233,747,0,0,0,44,48,27
2010,"25025090200","Census Tract 902",659,205,133,253,0,0,0,63,0,5
2010,"25025090300","Census Tract 903",732,299,132,234,0,0,0,40,27,0
2010,"25025090400","Census Tract 904",1413,521,109,701,0,0,10,37,25,10
2010,"25025090600","Census Tract 906",871,341,90,357,0,0,0,83,0,0
2010,"25025090700","Census Tract 907",2256,1012,177,868,9,0,23,96,54,17
2010,"25025090901","Census Tract 909.01",1628,633,127,719,0,0,0,126,0,23
2010,"25025091001","Census Tract 910.01",1332,690,112,353,0,0,15,90,0,72
2010,"25025091100","Census Tract 911",2412,1000,285,974,11,24,0,87,10,21
2010,"25025091200","Census Tract 912",1487,732,278,388,17,0,0,61,0,11
2010,"25025091300","Census Tract 913",634,234,87,235,0,0,0,36,42,0
2010,"25025091400","Census Tract 914",1025,345,193,358,9,0,0,108,0,12
2010,"25025091500","Census Tract 915",1831,768,234,642,0,0,25,80,11,71
2010,"25025091600","Census Tract 916",1115,530,84,444,0,0,0,47,10,0
2010,"25025091700","Census Tract 917",1378,458,74,705,0,0,0,94,47,0
2010,"25025091800","Census Tract 918",1441,711,202,480,14,0,0,7,19,8
2010,"25025091900","Census Tract 919",1248,516,162,514,0,0,15,15,0,26
2010,"25025092000","Census Tract 920",1983,715,286,790,0,0,0,27,152,13
2010,"25025092101","Census Tract 921.01",2947,1463,372,897,0,0,16,183,0,16
2010,"25025092200","Census Tract 922",1458,595,170,545,0,0,0,62,0,86
2010,"25025092300","Census Tract 923",1331,601,101,588,0,0,0,16,0,25
2010,"25025092400","Census Tract 924",2300,980,391,917,0,0,0,0,0,12
2010,"25025100100","Census Tract 1001",2060,826,185,981,25,0,0,38,0,5
2010,"25025100200","Census Tract 1002",1342,601,129,581,0,0,0,0,0,31
2010,"25025100300","Census Tract 1003",1407,635,288,351,0,0,0,66,35,32
2010,"25025100400","Census Tract 1004",2058,1080,122,701,0,0,0,88,10,57
2010,"25025100500","Census Tract 1005",2245,1115,101,868,0,0,0,115,0,46
2010,"25025100601","Census Tract 1006.01",2547,1425,252,739,0,0,0,82,0,49
2010,"25025100603","Census Tract 1006.03",1007,623,140,166,0,0,0,43,13,22
2010,"25025100700","Census Tract 1007",2033,1307,165,407,0,0,0,116,12,26
2010,"25025100800","Census Tract 1008",2771,1518,207,726,0,0,34,141,0,145
2010,"25025100900","Census Tract 1009",2118,1049,252,601,0,8,8,103,62,35
2010,"25025101001","Census Tract 1010.01",2526,1098,579,789,22,0,0,21,6,11
2010,"25025101002","Census Tract 1010.02",2601,1322,270,841,9,43,0,9,0,107
2010,"25025101101","Census Tract 1011.01",1642,683,185,660,0,0,0,93,11,10
2010,"25025101102","Census Tract 1011.02",1841,711,206,843,11,0,0,57,0,13
2010,"25025110104","Census Tract 1101.04",1292,545,59,564,0,0,42,40,12,30
2010,"25025110105","Census Tract 1101.05",1106,458,45,494,0,0,37,36,11,25
2010,"25025110106","Census Tract 1101.06",757,314,31,339,0,0,25,24,7,17
2010,"25025110201","Census Tract 1102.01",968,744,31,182,0,0,7,0,0,4
2010,"25025110301","Census Tract 1103.01",1547,763,232,425,0,0,0,16,32,79
2010,"25025110401","Census Tract 1104.01",1773,854,161,638,0,0,11,6,31,72
2010,"25025110403","Census Tract 1104.03",2230,1252,326,524,0,0,0,105,10,13
2010,"25025110501","Census Tract 1105.01",1860,1042,242,401,0,0,10,31,28,106
2010,"25025110502","Census Tract 1105.02",1719,964,63,540,0,0,23,52,0,77
2010,"25025110601","Census Tract 1106.01",1438,1022,91,214,0,0,10,0,0,101
2010,"25025110607","Census Tract 1106.07",2630,1425,306,715,0,0,43,41,16,84
2010,"25025120103","Census Tract 1201.03",969,584,72,192,0,0,36,36,11,38
2010,"25025120104","Census Tract 1201.04",1385,480,96,632,0,0,37,45,1,94
2010,"25025120105","Census Tract 1201.05",1154,813,93,116,0,0,0,44,12,76
2010,"25025120201","Census Tract 1202.01",2658,696,242,1268,0,10,60,286,0,96
2010,"25025120301","Census Tract 1203.01",2898,1065,438,1085,0,0,105,143,5,57
2010,"25025120400","Census Tract 1204",3615,1340,141,1658,0,0,123,197,0,156
2010,"25025120500","Census Tract 1205",1372,494,62,488,0,0,116,202,0,10
2010,"25025120600","Census Tract 1206",1742,544,84,720,10,0,123,170,0,91
2010,"25025120700","Census Tract 1207",1388,534,94,485,0,0,148,107,2,18
2010,"25025130101","Census Tract 1301.01",2393,1900,84,302,0,0,0,0,21,86
2010,"25025130200","Census Tract 1302",2746,1980,205,416,0,0,0,30,0,115
2010,"25025130300","Census Tract 1303",2425,1516,374,342,0,0,0,24,45,124
2010,"25025130402","Census Tract 1304.02",2454,1788,136,389,0,0,0,17,18,106
2010,"25025130404","Census Tract 1304.04",1452,1141,129,139,0,0,0,37,0,6
2010,"25025130406","Census Tract 1304.06",2430,1556,375,440,0,0,0,16,43,0
2010,"25025140102","Census Tract 1401.02",2052,1454,238,278,0,0,0,21,7,54
2010,"25025140105","Census Tract 1401.05",2029,1205,281,539,0,0,0,0,0,4
2010,"25025140106","Census Tract 1401.06",737,323,147,250,0,0,0,17,0,0
2010,"25025140107","Census Tract 1401.07",1324,708,180,323,0,16,0,38,16,43
2010,"25025140201","Census Tract 1402.01",1356,865,97,369,0,0,0,8,0,17
2010,"25025140202","Census Tract 1402.02",2748,1747,125,556,0,0,33,69,58,160
2010,"25025140300","Census Tract 1403",2859,1743,331,617,0,0,0,94,0,74
2010,"25025140400","Census Tract 1404",3877,2387,94,1200,0,0,0,67,0,129
2010,"25025980300","Census Tract 9803",62,26,0,0,0,0,0,23,0,13
2010,"25025980700","Census Tract 9807",,,,,,,,,,
2010,"25025980900","Census Tract 9809",,,,,,,,,,
2010,"25025981000","Census Tract 9810",,,,,,,,,,
2010,"25025981100","Census Tract 9811",6,0,0,6,0,0,0,0,0,0
2010,"25025981201","Census Tract 9812.01",,,,,,,,,,
2010,"25025981202","Census Tract 9812.02",,,,,,,,,,
2010,"25025981300","Census Tract 9813",,,,,,,,,,
2010,"25025981501","Census Tract 9815.01",,,,,,,,,,
2010,"25025981502","Census Tract 9815.02",14,14,0,0,0,0,0,0,0,0
2010,"25025981600","Census Tract 9816",,,,,,,,,,
2010,"25025981700","Census Tract 9817",,,,,,,,,,
2010,"25025981800","Census Tract 9818",78,9,0,0,0,0,69,0,0,0
2010,"25025981900","Census Tract 9819",,,,,,,,,,
2020,"25025000101","Census Tract 1.01",1302,639,87,267,5,0,119,147,0,38
2020,"25025000102","Census Tract 1.02",2611,1626,145,566,34,0,68,66,0,106
2020,"25025000201","Census Tract 2.01",3022,1696,312,669,0,0,93,65,39,148
2020,"25025000202","Census Tract 2.02",2427,1435,105,564,0,0,32,145,0,146
2020,"25025000301","Census Tract 3.01",2031,1135,90,579,0,0,22,125,8,72
2020,"25025000302","Census Tract 3.02",2323,1347,150,451,0,0,4,202,23,146
2020,"25025000401","Census Tract 4.01",3603,1211,139,1593,0,0,129,143,9,379
2020,"25025000402","Census Tract 4.02",2407,831,355,582,8,0,8,303,0,320
2020,"25025000502","Census Tract 5.02",2921,730,82,1043,36,0,35,650,121,224
2020,"25025000503","Census Tract 5.03",1517,372,48,823,0,0,13,124,9,128
2020,"25025000505","Census Tract 5.05",1397,657,102,516,0,0,38,67,0,17
2020,"25025000506","Census Tract 5.06",1754,507,51,867,64,0,10,74,0,181
2020,"25025000601","Census Tract 6.01",2922,1276,230,847,45,0,81,208,32,203
2020,"25025000603","Census Tract 6.03",724,123,102,353,0,0,17,31,0,98
2020,"25025000604","Census Tract 6.04",1496,383,0,587,0,0,239,84,0,203
2020,"25025000701","Census Tract 7.01",3570,885,114,1367,0,0,209,193,0,802
2020,"25025000703","Census Tract 7.03",1210,208,3,555,5,0,61,242,0,136
2020,"25025000704","Census Tract 7.04",2904,551,34,1300,30,23,254,417,115,180
2020,"25025000804","Census Tract 8.04",2160,920,117,698,89,0,60,211,0,65
2020,"25025000805","Census Tract 8.05",1905,507,27,682,0,18,91,355,41,184
2020,"25025000806","Census Tract 8.06",800,217,27,90,18,0,62,347,0,39
2020,"25025000807","Census Tract 8.07",1392,118,0,181,0,0,0,1013,0,80
2020,"25025010103","Census Tract 101.03",1258,66,56,214,10,0,8,798,28,78
2020,"25025010104","Census Tract 101.04",2633,362,67,624,17,0,61,1160,15,327
2020,"25025010204","Census Tract 102.04",1650,177,44,357,25,0,48,855,17,127
2020,"25025010205","Census Tract 102.05",2413,293,0,559,17,0,225,1215,22,82
2020,"25025010206","Census Tract 102.06",1360,287,0,301,0,0,46,428,67,231
2020,"25025010300","Census Tract 103",2365,256,84,293,4,0,29,1528,0,171
2020,"25025010403","Census Tract 104.03",1511,118,17,412,20,0,129,754,19,42
2020,"25025010404","Census Tract 104.04",1831,160,79,527,3,0,48,893,10,111
2020,"25025010405","Census Tract 104.05",2531,218,153,674,28,0,58,1269,6,125
2020,"25025010408","Census Tract 104.08",959,127,15,241,21,0,33,472,0,50
2020,"25025010500","Census Tract 105",1474,425,0,355,12,0,33,496,10,143
2020,"25025010600","Census Tract 106",2039,391,47,474,31,0,46,872,36,142
2020,"25025010701","Census Tract 107.01",1573,292,40,448,9,0,23,621,50,90
2020,"25025010702","Census Tract 107.02",1724,489,22,333,37,0,8,565,17,253
2020,"25025010801","Census Tract 108.01",1713,332,67,160,24,0,27,949,46,108
2020,"25025010802","Census Tract 108.02",2421,400,25,600,20,0,87,917,7,365
2020,"25025020101","Census Tract 201.01",3050,463,156,414,10,0,152,1452,0,403
2020,"25025020200","Census Tract 202",2767,291,0,481,19,0,46,1578,56,296
2020,"25025020301","Census Tract 203.01",1430,164,12,358,9,0,16,510,67,294
2020,"25025020302","Census Tract 203.02",729,83,0,197,30,0,18,341,4,56
2020,"25025020304","Census Tract 203.04",762,258,0,155,0,0,32,255,0,62
2020,"25025020305","Census Tract 203.05",1644,381,10,269,19,0,34,684,70,177
2020,"25025030100","Census Tract 301",1732,253,10,462,0,0,9,739,0,259
2020,"25025030200","Census Tract 302",1386,355,23,256,0,0,23,619,0,110
2020,"25025030301","Census Tract 303.01",714,150,64,120,0,0,0,294,0,86
2020,"25025030302","Census Tract 303.02",1427,176,9,341,26,0,23,716,2,134
2020,"25025030400","Census Tract 304",2993,523,24,734,37,0,64,1363,25,223
2020,"25025030500","Census Tract 305",1893,348,0,297,7,0,17,914,0,310
2020,"25025040100","Census Tract 401",1520,680,22,91,0,0,111,380,6,230
2020,"25025040200","Census Tract 402",894,431,75,180,0,0,4,143,14,47
2020,"25025040300","Census Tract 403",3058,1062,140,1011,0,0,189,419,9,228
2020,"25025040401","Census Tract 404.01",1718,695,48,444,56,0,14,347,9,105
2020,"25025040600","Census Tract 406",2587,1080,138,728,9,0,52,295,24,261
2020,"25025040801","Census Tract 408.01",2402,898,131,688,0,0,61,409,23,192
2020,"25025050101","Census Tract 501.01",2893,1115,231,1291,0,0,36,149,0,71
2020,"25025050200","Census Tract 502",3263,855,127,1569,18,0,0,283,52,359
2020,"25025050300","Census Tract 503",1406,446,80,625,8,0,11,104,7,125
2020,"25025050400","Census Tract 504",1464,204,108,996,5,0,0,103,0,48
2020,"25025050500","Census Tract 505",1430,326,66,794,0,0,11,79,62,92
2020,"25025050600","Census Tract 506",1739,345,222,959,0,0,0,98,0,115
2020,"25025050700","Census Tract 507",3475,616,169,2393,7,0,0,190,20,80
2020,"25025050901","Census Tract 509.01",2806,843,152,1663,0,0,0,86,0,62
2020,"25025051000","Census Tract 510",2856,875,245,1138,20,0,8,100,12,458
2020,"25025051101","Census Tract 511.01",4174,1955,173,1686,45,0,13,96,49,157
2020,"25025051200","Census Tract 512",2000,625,68,867,21,0,0,76,25,318
2020,"25025060101","Census Tract 601.01",2447,1306,81,736,35,0,24,172,9,84
2020,"25025060200","Census Tract 602",1593,569,111,569,0,39,13,52,60,180
2020,"25025060301","Census Tract 603.01",3029,1072,106,998,68,39,60,163,39,484
2020,"25025060400","Census Tract 604",3902,1955,53,1125,6,0,0,306,23,434
2020,"25025060501","Census Tract 605.01",3210,1383,284,963,87,0,10,323,93,67
2020,"25025060601","Census Tract 606.01",1420,432,0,523,39,0,56,330,25,15
2020,"25025060602","Census Tract 606.02",273,67,0,45,0,0,27,125,0,9
2020,"25025060603","Census Tract 606.03",867,241,63,164,0,0,0,294,14,91
2020,"25025060604","Census Tract 606.04",1256,381,9,116,0,0,21,628,6,95
2020,"25025060700","Census Tract 607",697,269,11,279,0,0,2,90,1,45
2020,"25025060800","Census Tract 608",3262,1243,173,1030,75,0,53,435,161,92
2020,"25025061000","Census Tract 610",1792,642,105,773,10,0,0,175,17,70
2020,"25025061101","Census Tract 611.01",932,275,50,440,31,0,8,89,10,29
2020,"25025061201","Census Tract 612.01",1280,246,0,563,30,31,63,188,74,85
2020,"25025061202","Census Tract 612.02",,,,,,,,,,
2020,"25025061203","Census Tract 612.03",1458,350,49,610,0,0,48,278,0,123
2020,"25025061204","Census Tract 612.04",864,210,167,41,0,0,45,381,0,20
2020,"25025070102","Census Tract 701.02",1232,222,25,293,0,0,0,624,0,68
2020,"25025070103","Census Tract 701.03",284,48,0,41,0,0,0,175,0,20
2020,"25025070104","Census Tract 701.04",1276,311,0,130,8,0,56,534,41,196
2020,"25025070201","Census Tract 702.01",1309,106,30,285,0,0,61,729,21,77
2020,"25025070202","Census Tract 702.02",1605,215,45,183,24,19,3,753,110,253
2020,"25025070301","Census Tract 703.01",1742,522,0,366,34,0,67,656,40,57
2020,"25025070302","Census Tract 703.02",1166,213,0,252,51,0,16,542,63,29
2020,"25025070402","Census Tract 704.02",1460,317,130,181,16,0,59,621,5,131
2020,"25025070501","Census Tract 705.01",1319,402,45,147,12,0,56,565,4,88
2020,"25025070502","Census Tract 705.02",1551,338,119,368,38,37,19,447,37,148
2020,"25025070600","Census Tract 706",1616,487,73,278,38,0,47,469,9,215
2020,"25025070700","Census Tract 707",1569,298,27,452,11,0,57,491,89,144
2020,"25025070801","Census Tract 708.01",537,128,0,175,0,0,17,188,0,29
2020,"25025070802","Census Tract 708.02",1721,232,36,624,0,0,54,527,118,130
2020,"25025070901","Census Tract 709.01",802,155,62,416,17,0,0,127,0,25
2020,"25025070902","Census Tract 709.02",1252,382,72,294,6,8,63,350,8,69
2020,"25025071101","Census Tract 711.01",2200,519,73,626,0,0,186,526,0,270
2020,"25025071201","Census Tract 712.01",1569,439,150,428,31,0,38,413,0,70
2020,"25025080100","Census Tract 801",730,274,31,244,0,0,26,136,15,4
2020,"25025080300","Census Tract 803",1020,307,193,368,19,0,73,26,18,16
2020,"25025080401","Census Tract 804.01",1175,497,59,409,0,0,26,147,31,6
2020,"25025080500","Census Tract 805",1325,474,86,567,0,0,20,132,4,42
2020,"25025080601","Census Tract 806.01",1436,297,83,470,0,0,16,506,0,64
2020,"25025080801","Census Tract 808.01",1886,401,49,575,0,0,0,813,23,25
2020,"25025080900","Census Tract 809",2057,347,103,841,0,0,62,606,0,98
2020,"25025081001","Census Tract 810.01",2300,422,96,783,7,0,39,656,0,297
2020,"25025081101","Census Tract 811.01",789,108,7,298,0,0,0,223,0,153
2020,"25025081102","Census Tract 811.02",1576,397,96,439,0,0,17,589,0,38
2020,"25025081200","Census Tract 812",1416,441,83,511,8,0,103,220,0,50
2020,"25025081301","Census Tract 813.01",995,555,23,376,0,0,0,0,0,41
2020,"25025081302","Census Tract 813.02",756,450,0,117,0,0,27,118,0,44
2020,"25025081400","Census Tract 814",1761,598,32,727,19,0,105,196,26,58
2020,"25025081500","Census Tract 815",1261,592,66,417,17,0,44,45,32,48
2020,"25025081700","Census Tract 817",1635,852,77,461,0,0,0,121,10,114
2020,"25025081800","Census Tract 818",1214,562,36,401,5,0,0,176,25,9
2020,"25025081900","Census Tract 819",2014,715,327,850,0,0,43,66,0,13
2020,"25025082000","Census Tract 820",1704,678,202,800,0,0,0,0,0,24
2020,"25025082100","Census Tract 821",2233,710,201,924,0,0,97,163,43,95
2020,"25025090100","Census Tract 901",2189,982,119,801,38,0,6,147,29,67
2020,"25025090200","Census Tract 902",806,235,22,418,0,0,9,71,21,30
2020,"25025090300","Census Tract 903",1460,597,212,517,0,0,21,113,0,0
2020,"25025090400","Census Tract 904",2041,845,207,710,27,0,79,148,0,25
2020,"25025090600","Census Tract 906",1301,457,113,557,8,0,8,131,23,4
2020,"25025090700","Census Tract 907",2523,906,133,1185,0,0,35,92,21,151
2020,"25025090901","Census Tract 909.01",1239,349,112,489,19,0,7,164,16,83
2020,"25025091001","Census Tract 910.01",1708,568,47,798,0,0,17,79,7,192
2020,"25025091100","Census Tract 911",3171,1086,367,1145,0,0,27,429,38,79
2020,"25025091200","Census Tract 912",1853,748,148,616,0,0,50,71,0,220
2020,"25025091300","Census Tract 913",1277,525,158,470,0,0,14,90,12,8
2020,"25025091400","Census Tract 914",1574,564,181,590,0,0,18,127,29,65
2020,"25025091500","Census Tract 915",1983,877,280,719,9,0,13,58,0,27
2020,"25025091600","Census Tract 916",1607,822,136,526,25,0,35,58,5,0
2020,"25025091700","Census Tract 917",1645,617,129,774,11,0,0,32,67,15
2020,"25025091800","Census Tract 918",1596,660,127,700,35,0,0,7,41,26
2020,"25025091900","Census Tract 919",2125,1055,210,646,61,0,0,16,11,126
2020,"25025092000","Census Tract 920",2996,1400,421,991,0,0,12,121,7,44
2020,"25025092101","Census Tract 921.01",3637,1538,420,1038,0,0,110,254,123,154
2020,"25025092200","Census Tract 922",1973,698,182,688,0,0,10,16,0,379
2020,"25025092300","Census Tract 923",1919,869,219,406,7,0,28,61,68,261
2020,"25025092400","Census Tract 924",2659,1135,160,1021,0,0,35,49,214,45
2020,"25025100100","Census Tract 1001",3247,1271,213,1506,0,0,0,52,12,193
2020,"25025100200","Census Tract 1002",1722,797,132,503,0,0,18,10,113,149
2020,"25025100300","Census Tract 1003",1992,1090,174,544,0,0,0,66,81,37
2020,"25025100400","Census Tract 1004",2733,1300,257,836,13,0,60,52,25,190
2020,"25025100500","Census Tract 1005",3258,1304,381,1169,0,0,0,173,54,177
2020,"25025100601","Census Tract 1006.01",3724,1510,200,1320,45,0,126,18,194,311
2020,"25025100603","Census Tract 1006.03",1459,964,84,190,0,0,35,168,0,18
2020,"25025100700","Census Tract 1007",2368,1860,37,314,14,0,0,18,9,116
2020,"25025100800","Census Tract 1008",3868,2101,287,1027,70,0,22,0,0,361
2020,"25025100900","Census Tract 1009",2430,999,279,719,0,0,11,106,52,264
2020,"25025101001","Census Tract 1010.01",3109,1553,298,963,23,0,0,69,77,126
2020,"25025101002","Census Tract 1010.02",2914,1411,318,865,0,0,0,154,0,166
2020,"25025101101","Census Tract 1011.01",1636,1010,119,413,12,0,23,28,0,31
2020,"25025101102","Census Tract 1011.02",2414,1180,311,760,0,0,0,52,15,96
2020,"25025110104","Census Tract 1101.04",936,495,160,146,0,0,0,71,64,0
2020,"25025110105","Census Tract 1101.05",2153,877,78,757,0,0,100,0,0,341
2020,"25025110106","Census Tract 1101.06",953,217,102,478,0,0,38,24,0,94
2020,"25025110201","Census Tract 1102.01",1162,716,41,345,6,0,0,16,0,38
2020,"25025110301","Census Tract 1103.01",1580,858,87,524,0,0,2,5,28,76
2020,"25025110401","Census Tract 1104.01",2178,1357,67,624,0,0,36,10,9,75
2020,"25025110403","Census Tract 1104.03",2802,1410,280,792,0,0,50,0,0,270
2020,"25025110501","Census Tract 1105.01",2183,1256,66,569,29,12,22,65,26,138
2020,"25025110502","Census Tract 1105.02",2866,1566,136,638,26,0,101,90,0,309
2020,"25025110601","Census Tract 1106.01",1461,988,70,192,0,0,54,0,10,147
2020,"25025110607","Census Tract 1106.07",3180,1591,157,860,0,0,94,201,0,277
2020,"25025120103","Census Tract 1201.03",1176,487,38,221,0,0,87,192,0,151
2020,"25025120104","Census Tract 1201.04",1474,497,68,644,0,0,128,25,50,62
2020,"25025120105","Census Tract 1201.05",1150,656,51,132,6,0,37,80,11,177
2020,"25025120201","Census Tract 1202.01",2681,1200,73,938,34,0,191,20,39,186
2020,"25025120301","Census Tract 1203.01",3228,1159,101,1301,0,0,263,143,0,261
2020,"25025120400","Census Tract 1204",4006,1114,345,1608,0,0,208,230,0,501
2020,"25025120500","Census Tract 1205",1660,545,59,725,0,0,156,72,4,99
2020,"25025120600","Census Tract 1206",2061,503,21,822,14,0,133,80,10,478
2020,"25025120700","Census Tract 1207",1399,525,9,625,0,0,58,85,0,97
2020,"25025130101","Census Tract 1301.01",4000,2600,131,414,22,0,0,75,32,726
2020,"25025130200","Census Tract 1302",2726,1808,174,439,0,0,0,82,40,183
2020,"25025130300","Census Tract 1303",2510,1633,196,306,0,0,9,17,37,312
2020,"25025130402","Census Tract 1304.02",3171,2149,273,426,0,0,11,39,0,273
2020,"25025130404","Census Tract 1304.04",1769,1340,52,183,0,0,52,18,24,100
2020,"25025130406","Census Tract 1304.06",2846,1487,186,916,21,0,0,15,21,200
2020,"25025140102","Census Tract 1401.02",2645,1748,238,458,0,9,13,41,63,75
2020,"25025140105","Census Tract 1401.05",2220,1332,89,586,17,0,7,23,50,116
2020,"25025140106","Census Tract 1401.06",1132,542,122,346,0,0,20,31,30,41
2020,"25025140107","Census Tract 1401.07",1539,1086,167,209,0,0,0,30,5,42
2020,"25025140201","Census Tract 1402.01",1577,970,195,235,0,0,0,14,0,163
2020,"25025140202","Census Tract 1402.02",3450,1974,312,820,0,14,0,80,30,220
2020,"25025140300","Census Tract 1403",3294,1803,403,915,0,0,18,77,16,62
2020,"25025140400","Census Tract 1404",4663,2675,331,1308,0,0,60,125,76,88
2020,"25025980300","Census Tract 9803",24,9,0,15,0,0,0,0,0,0
2020,"25025980700","Census Tract 9807",,,,,,,,,,
2020,"25025980900","Census Tract 9809",,,,,,,,,,
2020,"25025981000","Census Tract 9810",,,,,,,,,,
2020,"25025981100","Census Tract 9811",5,5,0,0,0,0,0,0,0,0
2020,"25025981201","Census Tract 9812.01",,,,,,,,,,
2020,"25025981202","Census Tract 9812.02",199,73,0,0,0,0,0,56,0,70
2020,"25025981300","Census Tract 9813",5,0,0,5,0,0,0,0,0,0
2020,"25025981501","Census Tract 9815.01",,,,,,,,,,
2020,"25025981502","Census Tract 9815.02",,,,,,,,,,
2020,"25025981600","Census Tract 9816",,,,,,,,,,
2020,"25025981700","Census Tract 9817",,,,,,,,,,
2020,"25025981800","Census Tract 9818",15,15,0,0,0,0,0,0,0,0
2020,"25025981900","Census Tract 9819",,,,,,,,,,
