YEAR,GEOID,ilf_f,ilf_m,nilf_f,nilf_m,NAME
1950,25025000101,344,730,640,186,Census Tract 1.01
1950,25025000102,404,859,753,218,Census Tract 1.02
1950,25025000201,671,1277,1247,309,Census Tract 2.01
1950,25025000202,695,1323,1292,321,Census Tract 2.02
1950,25025000301,404,757,811,270,Census Tract 3.01
1950,25025000302,400,749,803,268,Census Tract 3.02
1950,25025000401,870,1581,1653,618,Census Tract 4.01
1950,25025000402,538,978,1022,383,Census Tract 4.02
1950,25025000502,806,1313,1456,296,Census Tract 5.02
1950,25025000503,346,564,625,127,Census Tract 5.03
1950,25025000505,304,495,549,112,Census Tract 5.05
1950,25025000506,406,661,733,149,Census Tract 5.06
1950,25025000601,578,818,843,231,Census Tract 6.01
1950,25025000603,295,417,430,118,Census Tract 6.03
1950,25025000604,481,681,701,192,Census Tract 6.04
1950,25025000701,968,1252,1252,296,Census Tract 7.01
1950,25025000703,525,679,679,160,Census Tract 7.03
1950,25025000704,1061,1373,1373,324,Census Tract 7.04
1950,25025000804,357,734,593,363,Census Tract 8.04
1950,25025000805,441,907,732,449,Census Tract 8.05
1950,25025000806,208,427,345,211,Census Tract 8.06
1950,25025000807,190,390,315,193,Census Tract 8.07
1950,25025010103,465,463,631,640,Census Tract 101.03
1950,25025010104,697,695,947,960,Census Tract 101.04
1950,25025010204,1034,1058,886,311,Census Tract 102.04
1950,25025010205,804,822,689,242,Census Tract 102.05
1950,25025010206,595,608,510,179,Census Tract 102.06
1950,25025010300,547,469,968,402,Census Tract 103
1950,25025010403,620,664,642,362,Census Tract 104.03
1950,25025010404,813,870,841,475,Census Tract 104.04
1950,25025010405,1061,1125,1131,626,Census Tract 104.05
1950,25025010408,463,473,396,139,Census Tract 104.08
1950,25025010500,913,1263,1051,496,Census Tract 105
1950,25025010600,819,1140,966,528,Census Tract 106
1950,25025010701,1150,757,1024,464,Census Tract 107.01
1950,25025010702,1104,727,984,446,Census Tract 107.02
1950,25025010801,816,680,936,531,Census Tract 108.01
1950,25025010802,851,708,976,553,Census Tract 108.02
1950,25025020101,1668,1254,1453,741,Census Tract 201.01
1950,25025020200,1388,1445,1010,536,Census Tract 202
1950,25025020301,1087,2041,1671,672,Census Tract 203.01
1950,25025020302,604,1353,747,529,Census Tract 203.02
1950,25025020304,54,121,67,47,Census Tract 203.04
1950,25025020305,838,1690,1356,527,Census Tract 203.05
1950,25025030100,564,1258,1067,397,Census Tract 301
1950,25025030200,428,922,769,275,Census Tract 302
1950,25025030301,36,158,52,40,Census Tract 303.01
1950,25025030302,199,840,254,349,Census Tract 303.02
1950,25025030400,716,1697,1282,474,Census Tract 304
1950,25025030500,385,1694,794,298,Census Tract 305
1950,25025040100,463,911,861,425,Census Tract 401
1950,25025040200,344,764,856,273,Census Tract 402
1950,25025040300,872,1925,1949,574,Census Tract 403
1950,25025040401,560,1275,1195,1017,Census Tract 404.01
1950,25025040600,680,1325,1296,469,Census Tract 406
1950,25025040801,158,5032,556,160,Census Tract 408.01
1950,25025050101,625,1444,1323,406,Census Tract 501.01
1950,25025050200,784,1860,1596,521,Census Tract 502
1950,25025050300,295,746,778,271,Census Tract 503
1950,25025050400,364,954,780,305,Census Tract 504
1950,25025050500,385,879,723,197,Census Tract 505
1950,25025050600,342,840,790,282,Census Tract 506
1950,25025050700,777,1685,1552,535,Census Tract 507
1950,25025050901,786,1836,1626,517,Census Tract 509.01
1950,25025051000,618,1305,1138,310,Census Tract 510
1950,25025051101,769,1745,1656,468,Census Tract 511.01
1950,25025051200,601,1515,1187,351,Census Tract 512
1950,25025060101,681,1652,1249,376,Census Tract 601.01
1950,25025060200,447,957,908,292,Census Tract 602
1950,25025060301,814,1543,1369,513,Census Tract 603.01
1950,25025060400,1266,2173,1917,641,Census Tract 604
1950,25025060501,877,2139,1627,590,Census Tract 605.01
1950,25025060601,233,457,408,161,Census Tract 606.01
1950,25025060602,17,33,29,11,Census Tract 606.02
1950,25025060603,10,20,18,7,Census Tract 606.03
1950,25025060604,33,66,58,23,Census Tract 606.04
1950,25025060700,113,995,1077,155,Census Tract 607
1950,25025060800,980,1870,1655,636,Census Tract 608
1950,25025061000,569,1453,1434,393,Census Tract 610
1950,25025061101,317,777,952,265,Census Tract 611.01
1950,25025061201,381,859,664,245,Census Tract 612.01
1950,25025061203,180,341,277,111,Census Tract 612.03
1950,25025061204,35,65,53,21,Census Tract 612.04
1950,25025070102,30,191,60,108,Census Tract 701.02
1950,25025070103,1,9,3,5,Census Tract 701.03
1950,25025070104,11,73,23,41,Census Tract 701.04
1950,25025070201,166,522,248,277,Census Tract 702.01
1950,25025070202,311,1107,426,569,Census Tract 702.02
1950,25025070301,693,1116,742,434,Census Tract 703.01
1950,25025070302,423,696,459,280,Census Tract 703.02
1950,25025070402,475,1078,826,342,Census Tract 704.02
1950,25025070501,465,1276,710,660,Census Tract 705.01
1950,25025070502,824,2002,1391,1023,Census Tract 705.02
1950,25025070600,809,1714,1199,803,Census Tract 706
1950,25025070700,598,1064,676,347,Census Tract 707
1950,25025070801,282,485,327,204,Census Tract 708.01
1950,25025070802,788,1355,912,571,Census Tract 708.02
1950,25025070901,367,646,422,241,Census Tract 709.01
1950,25025070902,619,1090,712,406,Census Tract 709.02
1950,25025071101,1667,1668,1678,620,Census Tract 711.01
1950,25025071201,623,1524,1233,620,Census Tract 712.01
1950,25025080100,683,1281,1342,439,Census Tract 801
1950,25025080300,678,1397,1455,503,Census Tract 803
1950,25025080401,947,1860,2049,729,Census Tract 804.01
1950,25025080500,1010,1670,1830,648,Census Tract 805
1950,25025080601,954,1676,1662,759,Census Tract 806.01
1950,25025080801,792,1299,1862,624,Census Tract 808.01
1950,25025080900,802,1182,1368,474,Census Tract 809
1950,25025081001,1554,1656,1758,497,Census Tract 810.01
1950,25025081101,252,333,435,88,Census Tract 811.01
1950,25025081102,517,703,904,189,Census Tract 811.02
1950,25025081200,580,1272,1350,417,Census Tract 812
1950,25025081301,270,553,573,147,Census Tract 813.01
1950,25025081302,377,774,802,206,Census Tract 813.02
1950,25025081400,1148,2097,1963,635,Census Tract 814
1950,25025081500,778,1461,1588,605,Census Tract 815
1950,25025081700,1452,2601,2578,844,Census Tract 817
1950,25025081800,935,1752,1645,524,Census Tract 818
1950,25025081900,1102,2135,2118,585,Census Tract 819
1950,25025082000,726,1592,1675,532,Census Tract 820
1950,25025082100,703,2077,2215,507,Census Tract 821
1950,25025090100,851,2342,2450,614,Census Tract 901
1950,25025090200,345,990,982,204,Census Tract 902
1950,25025090300,707,1687,1688,471,Census Tract 903
1950,25025090400,1131,2384,2294,674,Census Tract 904
1950,25025090600,734,1554,1440,481,Census Tract 906
1950,25025090700,1162,2208,1766,500,Census Tract 907
1950,25025090901,265,692,655,172,Census Tract 909.01
1950,25025091001,357,930,880,231,Census Tract 910.01
1950,25025091100,1039,1904,1762,534,Census Tract 911
1950,25025091200,658,1067,1283,309,Census Tract 912
1950,25025091300,578,1219,1119,289,Census Tract 913
1950,25025091400,633,1226,1147,343,Census Tract 914
1950,25025091500,839,1659,1508,348,Census Tract 915
1950,25025091600,679,1316,1188,374,Census Tract 916
1950,25025091700,599,1234,1145,275,Census Tract 917
1950,25025091800,749,1587,1524,457,Census Tract 918
1950,25025091900,748,1518,1547,387,Census Tract 919
1950,25025092000,1023,1859,1887,516,Census Tract 920
1950,25025092101,1208,2636,2543,670,Census Tract 921.01
1950,25025092200,742,1202,1313,349,Census Tract 922
1950,25025092300,596,1270,1279,326,Census Tract 923
1950,25025092400,878,2368,2472,584,Census Tract 924
1950,25025100100,680,2401,2482,528,Census Tract 1001
1950,25025100200,397,1496,1434,323,Census Tract 1002
1950,25025100300,600,1504,1453,371,Census Tract 1003
1950,25025100400,900,1604,1648,436,Census Tract 1004
1950,25025100500,1162,2293,2352,661,Census Tract 1005
1950,25025100601,981,1945,1984,615,Census Tract 1006.01
1950,25025100603,377,746,761,236,Census Tract 1006.03
1950,25025100700,736,1732,1655,451,Census Tract 1007
1950,25025100800,983,1835,1852,517,Census Tract 1008
1950,25025100900,537,1184,1235,326,Census Tract 1009
1950,25025101001,476,1191,1188,423,Census Tract 1010.01
1950,25025101002,441,1096,1095,385,Census Tract 1010.02
1950,25025101101,478,1440,1520,401,Census Tract 1011.01
1950,25025101102,640,2002,1978,449,Census Tract 1011.02
1950,25025110104,331,642,1293,670,Census Tract 1101.04
1950,25025110105,367,730,1384,698,Census Tract 1101.05
1950,25025110106,219,425,872,457,Census Tract 1101.06
1950,25025110201,190,416,379,109,Census Tract 1102.01
1950,25025110301,340,721,678,171,Census Tract 1103.01
1950,25025110401,479,1046,1005,285,Census Tract 1104.01
1950,25025110403,558,1223,1150,315,Census Tract 1104.03
1950,25025110501,600,1272,1294,375,Census Tract 1105.01
1950,25025110502,658,1398,1421,411,Census Tract 1105.02
1950,25025110601,392,759,825,234,Census Tract 1106.01
1950,25025110607,888,1722,1871,531,Census Tract 1106.07
1950,25025120103,285,426,492,144,Census Tract 1201.03
1950,25025120104,426,637,736,215,Census Tract 1201.04
1950,25025120105,459,686,792,232,Census Tract 1201.05
1950,25025120201,603,1416,1372,353,Census Tract 1202.01
1950,25025120301,1001,2124,2035,514,Census Tract 1203.01
1950,25025120400,1302,2331,2641,783,Census Tract 1204
1950,25025120500,523,1064,976,253,Census Tract 1205
1950,25025120600,612,1122,1012,250,Census Tract 1206
1950,25025120700,352,605,658,184,Census Tract 1207
1950,25025130101,623,1600,1663,433,Census Tract 1301.01
1950,25025130200,838,1559,1749,461,Census Tract 1302
1950,25025130300,815,1510,1700,519,Census Tract 1303
1950,25025130402,357,871,911,247,Census Tract 1304.02
1950,25025130404,175,435,453,122,Census Tract 1304.04
1950,25025130406,316,786,777,203,Census Tract 1304.06
1950,25025140102,321,799,739,186,Census Tract 1401.02
1950,25025140105,268,667,617,155,Census Tract 1401.05
1950,25025140106,173,431,399,100,Census Tract 1401.06
1950,25025140107,197,491,454,114,Census Tract 1401.07
1950,25025140201,182,541,529,144,Census Tract 1402.01
1950,25025140202,480,1427,1396,380,Census Tract 1402.02
1950,25025140300,855,1836,1726,525,Census Tract 1403
1950,25025140400,778,1647,1573,415,Census Tract 1404
1950,25025980101,,,,,Census Tract 9801.01
1950,25025980300,,,,,Census Tract 9803
1950,25025980700,,,,,Census Tract 9807
1950,25025980900,,,,,Census Tract 9809
1950,25025981000,,,,,Census Tract 9810
1950,25025981100,,,,,Census Tract 9811
1950,25025981201,,,,,Census Tract 9812.01
1950,25025981202,,,,,Census Tract 9812.02
1950,25025981300,,,,,Census Tract 9813
1950,25025981501,,,,,Census Tract 9815.01
1950,25025981502,,,,,Census Tract 9815.02
1950,25025981600,,,,,Census Tract 9816
1950,25025981700,,,,,Census Tract 9817
1950,25025981800,,,,,Census Tract 9818
1950,25025981900,,,,,Census Tract 9819
1960,25025000101,368,547,461,178,Census Tract 1.01
1960,25025000102,432,643,543,210,Census Tract 1.02
1960,25025000201,822,1276,1094,284,Census Tract 2.01
1960,25025000202,852,1323,1134,295,Census Tract 2.02
1960,25025000301,462,799,667,174,Census Tract 3.01
1960,25025000302,457,791,660,172,Census Tract 3.02
1960,25025000401,1137,1458,1220,556,Census Tract 4.01
1960,25025000402,704,902,755,344,Census Tract 4.02
1960,25025000502,1029,1148,1150,254,Census Tract 5.02
1960,25025000503,442,493,494,109,Census Tract 5.03
1960,25025000505,388,433,434,96,Census Tract 5.05
1960,25025000506,518,577,579,128,Census Tract 5.06
1960,25025000601,685,970,929,261,Census Tract 6.01
1960,25025000603,349,494,474,133,Census Tract 6.03
1960,25025000604,570,807,773,217,Census Tract 6.04
1960,25025000701,1134,1075,867,263,Census Tract 7.01
1960,25025000703,616,583,470,142,Census Tract 7.03
1960,25025000704,1244,1179,951,288,Census Tract 7.04
1960,25025000804,374,683,408,306,Census Tract 8.04
1960,25025000805,462,843,504,378,Census Tract 8.05
1960,25025000806,218,398,238,178,Census Tract 8.06
1960,25025000807,199,363,217,163,Census Tract 8.07
1960,25025010103,603,546,829,545,Census Tract 101.03
1960,25025010104,905,819,1244,818,Census Tract 101.04
1960,25025010204,1067,967,586,308,Census Tract 102.04
1960,25025010205,829,752,456,239,Census Tract 102.05
1960,25025010206,613,556,337,177,Census Tract 102.06
1960,25025010300,1092,659,953,207,Census Tract 103
1960,25025010403,620,642,443,230,Census Tract 104.03
1960,25025010404,813,842,580,302,Census Tract 104.04
1960,25025010405,1106,1106,804,394,Census Tract 104.05
1960,25025010408,477,433,262,138,Census Tract 104.08
1960,25025010500,705,1016,606,317,Census Tract 105
1960,25025010600,680,725,511,352,Census Tract 106
1960,25025010701,1287,901,569,265,Census Tract 107.01
1960,25025010702,1237,865,547,255,Census Tract 107.02
1960,25025010801,1300,913,646,336,Census Tract 108.01
1960,25025010802,1355,952,674,350,Census Tract 108.02
1960,25025020101,1770,1695,1241,330,Census Tract 201.01
1960,25025020200,1120,1416,578,441,Census Tract 202
1960,25025020301,304,267,217,210,Census Tract 203.01
1960,25025020302,498,997,426,364,Census Tract 203.02
1960,25025020304,44,89,38,32,Census Tract 203.04
1960,25025020305,163,192,130,104,Census Tract 203.05
1960,25025030100,516,966,856,351,Census Tract 301
1960,25025030200,326,645,536,192,Census Tract 302
1960,25025030301,19,45,17,4,Census Tract 303.01
1960,25025030302,200,648,199,320,Census Tract 303.02
1960,25025030400,550,1095,899,418,Census Tract 304
1960,25025030500,349,766,623,311,Census Tract 305
1960,25025040100,350,718,526,238,Census Tract 401
1960,25025040200,310,590,629,169,Census Tract 402
1960,25025040300,795,1519,1458,449,Census Tract 403
1960,25025040401,515,983,738,247,Census Tract 404.01
1960,25025040600,600,1019,863,285,Census Tract 406
1960,25025040801,220,519,476,147,Census Tract 408.01
1960,25025050101,593,1209,1060,332,Census Tract 501.01
1960,25025050200,630,1450,1324,441,Census Tract 502
1960,25025050300,264,446,581,225,Census Tract 503
1960,25025050400,272,658,564,210,Census Tract 504
1960,25025050500,343,632,525,195,Census Tract 505
1960,25025050600,314,622,544,245,Census Tract 506
1960,25025050700,685,1371,1174,408,Census Tract 507
1960,25025050901,756,1338,1200,491,Census Tract 509.01
1960,25025051000,639,1132,948,303,Census Tract 510
1960,25025051101,947,1938,1767,515,Census Tract 511.01
1960,25025051200,534,1103,907,310,Census Tract 512
1960,25025060101,639,1169,1018,298,Census Tract 601.01
1960,25025060200,561,882,678,210,Census Tract 602
1960,25025060301,825,1242,1036,384,Census Tract 603.01
1960,25025060400,1067,1746,1595,543,Census Tract 604
1960,25025060501,603,1357,1254,415,Census Tract 605.01
1960,25025060601,103,237,263,106,Census Tract 606.01
1960,25025060602,8,17,18,8,Census Tract 606.02
1960,25025060603,5,10,12,5,Census Tract 606.03
1960,25025060604,15,34,38,15,Census Tract 606.04
1960,25025060700,193,591,877,223,Census Tract 607
1960,25025060800,826,1414,1161,522,Census Tract 608
1960,25025061000,551,964,1087,371,Census Tract 610
1960,25025061101,266,493,907,278,Census Tract 611.01
1960,25025061201,296,522,504,243,Census Tract 612.01
1960,25025061203,106,178,161,86,Census Tract 612.03
1960,25025061204,20,34,31,17,Census Tract 612.04
1960,25025070102,22,136,45,41,Census Tract 701.02
1960,25025070103,1,7,2,2,Census Tract 701.03
1960,25025070104,8,52,17,15,Census Tract 701.04
1960,25025070201,180,353,79,164,Census Tract 702.01
1960,25025070202,349,999,233,442,Census Tract 702.02
1960,25025070301,499,896,485,356,Census Tract 703.01
1960,25025070302,311,554,294,219,Census Tract 703.02
1960,25025070402,294,579,406,265,Census Tract 704.02
1960,25025070501,346,969,392,490,Census Tract 705.01
1960,25025070502,644,1466,738,716,Census Tract 705.02
1960,25025070600,440,1120,711,628,Census Tract 706
1960,25025070700,490,649,320,326,Census Tract 707
1960,25025070801,211,352,188,76,Census Tract 708.01
1960,25025070802,590,983,526,211,Census Tract 708.02
1960,25025070901,219,381,155,130,Census Tract 709.01
1960,25025070902,369,642,261,220,Census Tract 709.02
1960,25025071101,918,1106,868,472,Census Tract 711.01
1960,25025071201,320,540,782,361,Census Tract 712.01
1960,25025080100,515,793,814,310,Census Tract 801
1960,25025080300,658,948,936,351,Census Tract 803
1960,25025080401,640,868,978,362,Census Tract 804.01
1960,25025080500,601,743,899,330,Census Tract 805
1960,25025080601,548,718,816,356,Census Tract 806.01
1960,25025080801,1030,1005,1411,428,Census Tract 808.01
1960,25025080900,866,987,928,371,Census Tract 809
1960,25025081001,1398,1293,1473,522,Census Tract 810.01
1960,25025081101,249,294,362,100,Census Tract 811.01
1960,25025081102,514,618,764,212,Census Tract 811.02
1960,25025081200,682,1061,1393,415,Census Tract 812
1960,25025081301,294,422,387,127,Census Tract 813.01
1960,25025081302,412,589,541,177,Census Tract 813.02
1960,25025081400,983,1283,1089,457,Census Tract 814
1960,25025081500,801,1033,831,317,Census Tract 815
1960,25025081700,1314,1751,1441,552,Census Tract 817
1960,25025081800,876,1175,1120,408,Census Tract 818
1960,25025081900,1220,1590,1258,373,Census Tract 819
1960,25025082000,1005,1227,935,393,Census Tract 820
1960,25025082100,1141,1671,1338,364,Census Tract 821
1960,25025090100,1037,1793,1610,499,Census Tract 901
1960,25025090200,539,687,593,198,Census Tract 902
1960,25025090300,791,1072,1005,348,Census Tract 903
1960,25025090400,971,1680,1445,514,Census Tract 904
1960,25025090600,557,943,857,331,Census Tract 906
1960,25025090700,1026,1625,1366,512,Census Tract 907
1960,25025090901,395,763,972,304,Census Tract 909.01
1960,25025091001,525,1015,1295,404,Census Tract 910.01
1960,25025091100,1071,1630,1445,560,Census Tract 911
1960,25025091200,695,980,936,332,Census Tract 912
1960,25025091300,531,944,735,240,Census Tract 913
1960,25025091400,711,1010,816,276,Census Tract 914
1960,25025091500,867,1376,1180,370,Census Tract 915
1960,25025091600,692,1099,846,312,Census Tract 916
1960,25025091700,649,1168,910,203,Census Tract 917
1960,25025091800,842,1401,1128,328,Census Tract 918
1960,25025091900,799,1395,1206,310,Census Tract 919
1960,25025092000,1101,1740,1482,415,Census Tract 920
1960,25025092101,1326,2121,1937,578,Census Tract 921.01
1960,25025092200,822,1146,1151,355,Census Tract 922
1960,25025092300,609,1014,1045,349,Census Tract 923
1960,25025092400,1073,2099,2168,656,Census Tract 924
1960,25025100100,975,2056,2041,616,Census Tract 1001
1960,25025100200,595,1150,1059,319,Census Tract 1002
1960,25025100300,727,1326,1112,298,Census Tract 1003
1960,25025100400,1034,1485,1411,380,Census Tract 1004
1960,25025100500,1201,1963,1805,521,Census Tract 1005
1960,25025100601,1021,1810,1664,525,Census Tract 1006.01
1960,25025100603,392,695,638,201,Census Tract 1006.03
1960,25025100700,887,1519,1422,450,Census Tract 1007
1960,25025100800,1268,1583,1475,470,Census Tract 1008
1960,25025100900,746,1230,1132,312,Census Tract 1009
1960,25025101001,622,1392,1278,478,Census Tract 1010.01
1960,25025101002,571,1268,1164,433,Census Tract 1010.02
1960,25025101101,608,1266,1213,344,Census Tract 1011.01
1960,25025101102,811,1725,1536,381,Census Tract 1011.02
1960,25025110104,434,728,1226,595,Census Tract 1101.04
1960,25025110105,493,830,1423,696,Census Tract 1101.05
1960,25025110106,287,483,829,405,Census Tract 1101.06
1960,25025110201,211,367,343,107,Census Tract 1102.01
1960,25025110301,383,728,651,145,Census Tract 1103.01
1960,25025110401,561,1007,884,251,Census Tract 1104.01
1960,25025110403,652,1173,1008,277,Census Tract 1104.03
1960,25025110501,656,1191,1077,280,Census Tract 1105.01
1960,25025110502,720,1308,1184,308,Census Tract 1105.02
1960,25025110601,504,775,725,225,Census Tract 1106.01
1960,25025110607,1144,1757,1644,511,Census Tract 1106.07
1960,25025120103,363,486,485,124,Census Tract 1201.03
1960,25025120104,543,727,726,185,Census Tract 1201.04
1960,25025120105,584,782,781,199,Census Tract 1201.05
1960,25025120201,719,1201,924,277,Census Tract 1202.01
1960,25025120301,1028,1831,1568,401,Census Tract 1203.01
1960,25025120400,1432,1928,1981,950,Census Tract 1204
1960,25025120500,552,847,661,174,Census Tract 1205
1960,25025120600,694,953,782,207,Census Tract 1206
1960,25025120700,420,622,526,262,Census Tract 1207
1960,25025130101,914,1673,1571,408,Census Tract 1301.01
1960,25025130200,956,1626,1683,456,Census Tract 1302
1960,25025130300,904,1449,1513,492,Census Tract 1303
1960,25025130402,597,1034,889,291,Census Tract 1304.02
1960,25025130404,300,521,444,145,Census Tract 1304.04
1960,25025130406,495,922,800,237,Census Tract 1304.06
1960,25025140102,449,911,808,210,Census Tract 1401.02
1960,25025140105,375,761,674,175,Census Tract 1401.05
1960,25025140106,242,492,436,113,Census Tract 1401.06
1960,25025140107,276,560,497,129,Census Tract 1401.07
1960,25025140201,262,621,565,150,Census Tract 1402.01
1960,25025140202,692,1636,1488,395,Census Tract 1402.02
1960,25025140300,966,1676,1423,451,Census Tract 1403
1960,25025140400,942,1661,1484,504,Census Tract 1404
1960,25025980101,,,,,Census Tract 9801.01
1960,25025980300,,,,,Census Tract 9803
1960,25025980700,,,,,Census Tract 9807
1960,25025980900,,,,,Census Tract 9809
1960,25025981000,,,,,Census Tract 9810
1960,25025981100,,,,,Census Tract 9811
1960,25025981201,,,,,Census Tract 9812.01
1960,25025981202,,,,,Census Tract 9812.02
1960,25025981300,,,,,Census Tract 9813
1960,25025981501,,,,,Census Tract 9815.01
1960,25025981502,,,,,Census Tract 9815.02
1960,25025981600,,,,,Census Tract 9816
1960,25025981700,,,,,Census Tract 9817
1960,25025981800,,,,,Census Tract 9818
1960,25025981900,,,,,Census Tract 9819
1970,25025000101,385,475,332,133,Census Tract 1.01
1970,25025000102,452,560,390,157,Census Tract 1.02
1970,25025000201,926,1176,923,338,Census Tract 2.01
1970,25025000202,960,1218,956,350,Census Tract 2.02
1970,25025000301,758,915,697,243,Census Tract 3.01
1970,25025000302,750,907,691,241,Census Tract 3.02
1970,25025000401,1258,1315,1190,655,Census Tract 4.01
1970,25025000402,779,814,736,405,Census Tract 4.02
1970,25025000502,1278,824,729,339,Census Tract 5.02
1970,25025000503,549,354,313,145,Census Tract 5.03
1970,25025000505,482,311,275,128,Census Tract 5.05
1970,25025000506,643,414,367,170,Census Tract 5.06
1970,25025000601,940,880,945,400,Census Tract 6.01
1970,25025000603,478,448,481,204,Census Tract 6.03
1970,25025000604,781,731,785,332,Census Tract 6.04
1970,25025000701,1385,902,694,471,Census Tract 7.01
1970,25025000703,752,490,377,256,Census Tract 7.03
1970,25025000704,1520,989,761,517,Census Tract 7.04
1970,25025000804,533,580,438,578,Census Tract 8.04
1970,25025000805,658,717,541,714,Census Tract 8.05
1970,25025000806,310,338,255,336,Census Tract 8.06
1970,25025000807,283,309,233,307,Census Tract 8.07
1970,25025010103,1219,642,1433,761,Census Tract 101.03
1970,25025010104,1823,960,2143,1137,Census Tract 101.04
1970,25025010204,940,760,589,358,Census Tract 102.04
1970,25025010205,730,591,458,278,Census Tract 102.05
1970,25025010206,540,437,339,206,Census Tract 102.06
1970,25025010300,1029,435,1355,588,Census Tract 103
1970,25025010403,590,635,579,510,Census Tract 104.03
1970,25025010404,773,832,759,668,Census Tract 104.04
1970,25025010405,1007,1084,989,871,Census Tract 104.05
1970,25025010408,420,340,264,160,Census Tract 104.08
1970,25025010500,546,775,532,544,Census Tract 105
1970,25025010600,486,774,437,131,Census Tract 106
1970,25025010701,1489,991,758,379,Census Tract 107.01
1970,25025010702,1431,952,728,364,Census Tract 107.02
1970,25025010801,1157,887,679,275,Census Tract 108.01
1970,25025010802,1205,924,708,286,Census Tract 108.02
1970,25025020101,1882,1783,998,351,Census Tract 201.01
1970,25025020200,1293,1475,470,336,Census Tract 202
1970,25025020301,620,616,258,233,Census Tract 203.01
1970,25025020302,387,381,162,148,Census Tract 203.02
1970,25025020304,36,35,15,14,Census Tract 203.04
1970,25025020305,473,467,199,181,Census Tract 203.05
1970,25025030100,651,903,679,282,Census Tract 301
1970,25025030200,361,565,457,172,Census Tract 302
1970,25025030301,112,102,50,18,Census Tract 303.01
1970,25025030302,118,113,59,22,Census Tract 303.02
1970,25025030400,750,945,672,364,Census Tract 304
1970,25025030500,268,567,441,302,Census Tract 305
1970,25025040100,424,516,294,122,Census Tract 401
1970,25025040200,349,643,408,207,Census Tract 402
1970,25025040300,735,1305,1178,367,Census Tract 403
1970,25025040401,334,499,370,164,Census Tract 404.01
1970,25025040600,441,662,521,207,Census Tract 406
1970,25025040801,164,301,468,64,Census Tract 408.01
1970,25025050101,649,1007,822,282,Census Tract 501.01
1970,25025050200,726,1118,983,349,Census Tract 502
1970,25025050300,275,293,402,188,Census Tract 503
1970,25025050400,306,543,473,165,Census Tract 504
1970,25025050500,341,465,399,165,Census Tract 505
1970,25025050600,286,445,322,112,Census Tract 506
1970,25025050700,723,1052,920,385,Census Tract 507
1970,25025050901,680,1140,951,303,Census Tract 509.01
1970,25025051000,949,1310,1007,397,Census Tract 510
1970,25025051101,1186,1715,1615,556,Census Tract 511.01
1970,25025051200,442,757,685,329,Census Tract 512
1970,25025060101,844,1101,956,350,Census Tract 601.01
1970,25025060200,474,641,554,197,Census Tract 602
1970,25025060301,842,1106,852,268,Census Tract 603.01
1970,25025060400,1067,1505,1516,573,Census Tract 604
1970,25025060501,782,1333,922,338,Census Tract 605.01
1970,25025060601,134,203,173,63,Census Tract 606.01
1970,25025060602,10,14,12,5,Census Tract 606.02
1970,25025060603,6,9,8,3,Census Tract 606.03
1970,25025060604,19,29,25,9,Census Tract 606.04
1970,25025060700,296,409,915,245,Census Tract 607
1970,25025060800,717,947,817,413,Census Tract 608
1970,25025061000,452,678,956,281,Census Tract 610
1970,25025061101,291,299,663,175,Census Tract 611.01
1970,25025061201,441,549,472,228,Census Tract 612.01
1970,25025061203,105,114,74,56,Census Tract 612.03
1970,25025061204,20,22,14,11,Census Tract 612.04
1970,25025070102,103,187,85,60,Census Tract 701.02
1970,25025070103,7,13,6,4,Census Tract 701.03
1970,25025070104,39,71,32,23,Census Tract 701.04
1970,25025070201,100,176,122,114,Census Tract 702.01
1970,25025070202,270,482,289,251,Census Tract 702.02
1970,25025070301,372,803,273,255,Census Tract 703.01
1970,25025070302,226,487,168,157,Census Tract 703.02
1970,25025070402,293,284,377,223,Census Tract 704.02
1970,25025070501,236,538,277,302,Census Tract 705.01
1970,25025070502,426,972,501,547,Census Tract 705.02
1970,25025070600,360,893,487,400,Census Tract 706
1970,25025070700,153,191,126,60,Census Tract 707
1970,25025070801,128,206,142,71,Census Tract 708.01
1970,25025070802,356,575,396,200,Census Tract 708.02
1970,25025070901,141,220,134,85,Census Tract 709.01
1970,25025070902,238,371,226,143,Census Tract 709.02
1970,25025071101,675,527,503,278,Census Tract 711.01
1970,25025071201,262,408,638,223,Census Tract 712.01
1970,25025080100,339,469,589,292,Census Tract 801
1970,25025080300,398,482,754,330,Census Tract 803
1970,25025080401,275,303,469,155,Census Tract 804.01
1970,25025080500,263,177,417,160,Census Tract 805
1970,25025080601,300,254,396,204,Census Tract 806.01
1970,25025080801,814,625,1523,518,Census Tract 808.01
1970,25025080900,1043,955,773,323,Census Tract 809
1970,25025081001,1298,1303,1111,525,Census Tract 810.01
1970,25025081101,253,203,210,186,Census Tract 811.01
1970,25025081102,514,421,459,380,Census Tract 811.02
1970,25025081200,424,597,1219,384,Census Tract 812
1970,25025081301,285,329,354,138,Census Tract 813.01
1970,25025081302,398,460,494,192,Census Tract 813.02
1970,25025081400,604,632,700,345,Census Tract 814
1970,25025081500,505,517,613,280,Census Tract 815
1970,25025081700,705,752,962,369,Census Tract 817
1970,25025081800,658,714,878,370,Census Tract 818
1970,25025081900,897,912,825,335,Census Tract 819
1970,25025082000,619,722,753,395,Census Tract 820
1970,25025082100,992,1032,1186,369,Census Tract 821
1970,25025090100,1074,1288,1087,402,Census Tract 901
1970,25025090200,474,428,437,167,Census Tract 902
1970,25025090300,513,597,611,198,Census Tract 903
1970,25025090400,626,908,919,316,Census Tract 904
1970,25025090600,336,500,554,292,Census Tract 906
1970,25025090700,1099,1307,1030,414,Census Tract 907
1970,25025090901,382,401,990,308,Census Tract 909.01
1970,25025091001,708,942,747,264,Census Tract 910.01
1970,25025091100,1128,1613,1181,388,Census Tract 911
1970,25025091200,748,940,753,301,Census Tract 912
1970,25025091300,328,588,609,236,Census Tract 913
1970,25025091400,409,648,769,284,Census Tract 914
1970,25025091500,879,1202,1269,454,Census Tract 915
1970,25025091600,566,820,770,263,Census Tract 916
1970,25025091700,685,873,696,303,Census Tract 917
1970,25025091800,627,962,903,324,Census Tract 918
1970,25025091900,730,1013,1018,345,Census Tract 919
1970,25025092000,1016,1525,1336,415,Census Tract 920
1970,25025092101,1285,1763,1542,461,Census Tract 921.01
1970,25025092200,782,1062,1005,330,Census Tract 922
1970,25025092300,625,801,752,241,Census Tract 923
1970,25025092400,1253,1415,1361,473,Census Tract 924
1970,25025100100,1035,1402,1553,428,Census Tract 1001
1970,25025100200,705,879,797,250,Census Tract 1002
1970,25025100300,743,1039,946,335,Census Tract 1003
1970,25025100400,1121,1225,1115,385,Census Tract 1004
1970,25025100500,1370,1649,1540,603,Census Tract 1005
1970,25025100601,1170,1612,1508,461,Census Tract 1006.01
1970,25025100603,449,619,579,177,Census Tract 1006.03
1970,25025100700,1049,1398,1204,357,Census Tract 1007
1970,25025100800,1288,1545,1501,396,Census Tract 1008
1970,25025100900,905,1122,983,329,Census Tract 1009
1970,25025101001,1215,1627,1366,552,Census Tract 1010.01
1970,25025101002,1102,1475,1239,499,Census Tract 1010.02
1970,25025101101,755,949,850,340,Census Tract 1011.01
1970,25025101102,1023,1292,1124,430,Census Tract 1011.02
1970,25025110104,463,557,650,349,Census Tract 1101.04
1970,25025110105,525,629,739,404,Census Tract 1101.05
1970,25025110106,306,366,430,235,Census Tract 1101.06
1970,25025110201,464,545,514,201,Census Tract 1102.01
1970,25025110301,549,799,562,161,Census Tract 1103.01
1970,25025110401,720,945,750,257,Census Tract 1104.01
1970,25025110403,844,1107,880,301,Census Tract 1104.03
1970,25025110501,833,1107,886,260,Census Tract 1105.01
1970,25025110502,914,1216,974,285,Census Tract 1105.02
1970,25025110601,555,746,735,237,Census Tract 1106.01
1970,25025110607,1259,1691,1666,538,Census Tract 1106.07
1970,25025120103,400,423,449,154,Census Tract 1201.03
1970,25025120104,598,632,672,230,Census Tract 1201.04
1970,25025120105,645,682,724,248,Census Tract 1201.05
1970,25025120201,824,1085,883,408,Census Tract 1202.01
1970,25025120301,881,1217,1394,483,Census Tract 1203.01
1970,25025120400,1507,1754,1735,847,Census Tract 1204
1970,25025120500,317,505,525,189,Census Tract 1205
1970,25025120600,708,907,740,263,Census Tract 1206
1970,25025120700,528,740,565,222,Census Tract 1207
1970,25025130101,1049,1518,1530,501,Census Tract 1301.01
1970,25025130200,1153,1552,1486,520,Census Tract 1302
1970,25025130300,928,1458,1541,528,Census Tract 1303
1970,25025130402,1090,1446,1076,420,Census Tract 1304.02
1970,25025130404,558,737,541,213,Census Tract 1304.04
1970,25025130406,951,1256,923,362,Census Tract 1304.06
1970,25025140102,814,1294,1043,284,Census Tract 1401.02
1970,25025140105,679,1080,871,237,Census Tract 1401.05
1970,25025140106,439,699,563,153,Census Tract 1401.06
1970,25025140107,501,796,642,175,Census Tract 1401.07
1970,25025140201,437,709,553,154,Census Tract 1402.01
1970,25025140202,1152,1870,1458,405,Census Tract 1402.02
1970,25025140300,1202,1696,1308,471,Census Tract 1403
1970,25025140400,1375,2017,1556,475,Census Tract 1404
1970,25025980101,,,,,Census Tract 9801.01
1970,25025980300,,,,,Census Tract 9803
1970,25025980700,,,,,Census Tract 9807
1970,25025980900,,,,,Census Tract 9809
1970,25025981000,,,,,Census Tract 9810
1970,25025981100,,,,,Census Tract 9811
1970,25025981201,,,,,Census Tract 9812.01
1970,25025981202,,,,,Census Tract 9812.02
1970,25025981300,,,,,Census Tract 9813
1970,25025981501,,,,,Census Tract 9815.01
1970,25025981502,,,,,Census Tract 9815.02
1970,25025981600,,,,,Census Tract 9816
1970,25025981700,,,,,Census Tract 9817
1970,25025981800,,,,,Census Tract 9818
1970,25025981900,,,,,Census Tract 9819
1980,25025000101,505,533,285,200,Census Tract 1.01
1980,25025000102,594,627,335,235,Census Tract 1.02
1980,25025000201,1007,1046,758,426,Census Tract 2.01
1980,25025000202,928,1025,836,428,Census Tract 2.02
1980,25025000301,1019,870,597,283,Census Tract 3.01
1980,25025000302,1009,862,591,280,Census Tract 3.02
1980,25025000401,1717,1401,1366,993,Census Tract 4.01
1980,25025000402,1063,867,845,614,Census Tract 4.02
1980,25025000502,1563,1099,982,678,Census Tract 5.02
1980,25025000503,671,472,422,291,Census Tract 5.03
1980,25025000505,589,414,370,256,Census Tract 5.05
1980,25025000506,786,553,494,341,Census Tract 5.06
1980,25025000601,1112,929,569,388,Census Tract 6.01
1980,25025000603,427,427,405,185,Census Tract 6.03
1980,25025000604,697,698,662,301,Census Tract 6.04
1980,25025000701,1423,1200,660,436,Census Tract 7.01
1980,25025000703,675,591,379,328,Census Tract 7.03
1980,25025000704,1365,1194,766,664,Census Tract 7.04
1980,25025000804,705,740,523,591,Census Tract 8.04
1980,25025000805,872,915,646,730,Census Tract 8.05
1980,25025000806,411,431,305,344,Census Tract 8.06
1980,25025000807,375,394,278,314,Census Tract 8.07
1980,25025010103,553,553,1129,1027,Census Tract 101.03
1980,25025010104,1220,1216,887,1197,Census Tract 101.04
1980,25025010204,739,887,428,577,Census Tract 102.04
1980,25025010205,574,689,333,448,Census Tract 102.05
1980,25025010206,425,510,246,332,Census Tract 102.06
1980,25025010300,1160,479,773,391,Census Tract 103
1980,25025010403,613,852,574,651,Census Tract 104.03
1980,25025010404,804,1117,753,853,Census Tract 104.04
1980,25025010405,1047,1455,981,1112,Census Tract 104.05
1980,25025010408,330,397,191,258,Census Tract 104.08
1980,25025010500,655,900,428,664,Census Tract 105
1980,25025010600,581,789,485,192,Census Tract 106
1980,25025010701,1236,1065,521,355,Census Tract 107.01
1980,25025010702,1188,1023,501,341,Census Tract 107.02
1980,25025010801,1095,1251,663,379,Census Tract 108.01
1980,25025010802,1142,1303,692,395,Census Tract 108.02
1980,25025020101,1756,1973,803,388,Census Tract 201.01
1980,25025020200,1262,1511,365,478,Census Tract 202
1980,25025020301,686,809,383,374,Census Tract 203.01
1980,25025020302,431,508,246,238,Census Tract 203.02
1980,25025020304,40,47,23,22,Census Tract 203.04
1980,25025020305,527,621,301,291,Census Tract 203.05
1980,25025030100,652,575,387,282,Census Tract 301
1980,25025030200,394,414,292,157,Census Tract 302
1980,25025030301,326,360,168,77,Census Tract 303.01
1980,25025030302,330,365,172,79,Census Tract 303.02
1980,25025030400,1247,1134,534,347,Census Tract 304
1980,25025030500,601,1123,286,174,Census Tract 305
1980,25025040100,422,429,258,106,Census Tract 401
1980,25025040200,191,283,320,136,Census Tract 402
1980,25025040300,858,1217,798,345,Census Tract 403
1980,25025040401,610,764,549,267,Census Tract 404.01
1980,25025040600,538,698,474,308,Census Tract 406
1980,25025040801,242,297,494,145,Census Tract 408.01
1980,25025050101,638,953,1027,455,Census Tract 501.01
1980,25025050200,751,950,734,424,Census Tract 502
1980,25025050300,160,267,545,242,Census Tract 503
1980,25025050400,353,424,481,202,Census Tract 504
1980,25025050500,331,388,305,171,Census Tract 505
1980,25025050600,285,440,338,178,Census Tract 506
1980,25025050700,652,786,761,385,Census Tract 507
1980,25025050901,687,844,770,402,Census Tract 509.01
1980,25025051000,927,962,934,469,Census Tract 510
1980,25025051101,1206,1477,1216,622,Census Tract 511.01
1980,25025051200,479,670,592,229,Census Tract 512
1980,25025060101,833,1069,759,360,Census Tract 601.01
1980,25025060200,536,700,552,176,Census Tract 602
1980,25025060301,682,880,913,406,Census Tract 603.01
1980,25025060400,1126,1363,1544,634,Census Tract 604
1980,25025060501,515,868,671,336,Census Tract 605.01
1980,25025060601,84,141,107,87,Census Tract 606.01
1980,25025060602,6,10,7,6,Census Tract 606.02
1980,25025060603,4,6,5,4,Census Tract 606.03
1980,25025060604,12,20,15,12,Census Tract 606.04
1980,25025060700,208,215,533,269,Census Tract 607
1980,25025060800,592,619,810,602,Census Tract 608
1980,25025061000,411,533,871,357,Census Tract 610
1980,25025061101,322,272,730,295,Census Tract 611.01
1980,25025061201,253,369,301,152,Census Tract 612.01
1980,25025061203,62,114,50,64,Census Tract 612.03
1980,25025061204,12,22,10,12,Census Tract 612.04
1980,25025070102,216,293,97,117,Census Tract 701.02
1980,25025070103,15,20,7,8,Census Tract 701.03
1980,25025070104,82,112,37,44,Census Tract 701.04
1980,25025070201,217,471,197,196,Census Tract 702.01
1980,25025070202,580,1082,428,445,Census Tract 702.02
1980,25025070301,516,824,234,297,Census Tract 703.01
1980,25025070302,316,509,146,184,Census Tract 703.02
1980,25025070402,333,386,317,268,Census Tract 704.02
1980,25025070501,337,698,299,245,Census Tract 705.01
1980,25025070502,609,1260,539,443,Census Tract 705.02
1980,25025070600,620,1054,334,328,Census Tract 706
1980,25025070700,376,616,200,158,Census Tract 707
1980,25025070801,166,239,108,96,Census Tract 708.01
1980,25025070802,463,666,301,269,Census Tract 708.02
1980,25025070901,234,275,212,167,Census Tract 709.01
1980,25025070902,396,465,359,282,Census Tract 709.02
1980,25025071101,460,798,612,649,Census Tract 711.01
1980,25025071201,171,194,355,59,Census Tract 712.01
1980,25025080100,352,466,298,197,Census Tract 801
1980,25025080300,382,314,499,269,Census Tract 803
1980,25025080401,631,475,639,203,Census Tract 804.01
1980,25025080500,508,487,771,342,Census Tract 805
1980,25025080601,265,258,293,65,Census Tract 806.01
1980,25025080801,858,481,816,379,Census Tract 808.01
1980,25025080900,742,863,581,495,Census Tract 809
1980,25025081001,1214,1210,1092,496,Census Tract 810.01
1980,25025081101,220,195,242,104,Census Tract 811.01
1980,25025081102,457,406,505,223,Census Tract 811.02
1980,25025081200,685,632,768,462,Census Tract 812
1980,25025081301,243,279,462,209,Census Tract 813.01
1980,25025081302,340,390,646,291,Census Tract 813.02
1980,25025081400,463,516,562,341,Census Tract 814
1980,25025081500,488,408,597,354,Census Tract 815
1980,25025081700,746,674,853,381,Census Tract 817
1980,25025081800,401,640,529,340,Census Tract 818
1980,25025081900,936,587,575,365,Census Tract 819
1980,25025082000,743,673,750,486,Census Tract 820
1980,25025082100,1064,988,1298,491,Census Tract 821
1980,25025090100,966,945,905,438,Census Tract 901
1980,25025090200,426,316,357,217,Census Tract 902
1980,25025090300,546,561,687,384,Census Tract 903
1980,25025090400,494,583,563,279,Census Tract 904
1980,25025090600,331,323,448,281,Census Tract 906
1980,25025090700,916,1088,832,446,Census Tract 907
1980,25025090901,147,147,335,201,Census Tract 909.01
1980,25025091001,624,693,521,223,Census Tract 910.01
1980,25025091100,1008,1250,895,475,Census Tract 911
1980,25025091200,641,821,712,252,Census Tract 912
1980,25025091300,410,461,431,230,Census Tract 913
1980,25025091400,420,439,481,281,Census Tract 914
1980,25025091500,787,1033,1062,533,Census Tract 915
1980,25025091600,476,565,503,246,Census Tract 916
1980,25025091700,684,758,521,268,Census Tract 917
1980,25025091800,538,678,659,299,Census Tract 918
1980,25025091900,587,672,763,429,Census Tract 919
1980,25025092000,950,1137,983,381,Census Tract 920
1980,25025092101,1093,1430,1232,509,Census Tract 921.01
1980,25025092200,747,914,657,276,Census Tract 922
1980,25025092300,488,543,585,310,Census Tract 923
1980,25025092400,1166,1036,1110,539,Census Tract 924
1980,25025100100,704,608,915,493,Census Tract 1001
1980,25025100200,419,488,450,205,Census Tract 1002
1980,25025100300,767,876,542,243,Census Tract 1003
1980,25025100400,1057,1143,1071,546,Census Tract 1004
1980,25025100500,1192,1316,961,472,Census Tract 1005
1980,25025100601,1161,1469,1093,445,Census Tract 1006.01
1980,25025100603,491,521,551,322,Census Tract 1006.03
1980,25025100700,1124,1242,1183,564,Census Tract 1007
1980,25025100800,1253,1436,1281,563,Census Tract 1008
1980,25025100900,965,1039,818,408,Census Tract 1009
1980,25025101001,1554,1441,687,371,Census Tract 1010.01
1980,25025101002,1389,1303,964,498,Census Tract 1010.02
1980,25025101101,791,715,476,386,Census Tract 1011.01
1980,25025101102,981,803,607,445,Census Tract 1011.02
1980,25025110104,402,464,375,198,Census Tract 1101.04
1980,25025110105,450,523,416,223,Census Tract 1101.05
1980,25025110106,262,305,242,130,Census Tract 1101.06
1980,25025110201,307,364,481,206,Census Tract 1102.01
1980,25025110301,482,571,481,269,Census Tract 1103.01
1980,25025110401,640,826,723,297,Census Tract 1104.01
1980,25025110403,905,1187,977,388,Census Tract 1104.03
1980,25025110501,878,1079,799,323,Census Tract 1105.01
1980,25025110502,812,1125,905,356,Census Tract 1105.02
1980,25025110601,691,764,557,246,Census Tract 1106.01
1980,25025110607,1393,1432,1557,642,Census Tract 1106.07
1980,25025120103,383,425,371,158,Census Tract 1201.03
1980,25025120104,574,635,555,236,Census Tract 1201.04
1980,25025120105,618,685,599,254,Census Tract 1201.05
1980,25025120201,741,909,789,282,Census Tract 1202.01
1980,25025120301,1003,1182,1065,451,Census Tract 1203.01
1980,25025120400,1521,1542,1326,864,Census Tract 1204
1980,25025120500,417,579,485,125,Census Tract 1205
1980,25025120600,685,660,489,242,Census Tract 1206
1980,25025120700,452,540,452,318,Census Tract 1207
1980,25025130101,1618,1773,1593,656,Census Tract 1301.01
1980,25025130200,1167,1381,1218,509,Census Tract 1302
1980,25025130300,1200,1399,1122,469,Census Tract 1303
1980,25025130402,1254,1645,1178,484,Census Tract 1304.02
1980,25025130404,536,583,701,299,Census Tract 1304.04
1980,25025130406,913,993,1195,510,Census Tract 1304.06
1980,25025140102,946,1175,760,360,Census Tract 1401.02
1980,25025140105,748,871,723,285,Census Tract 1401.05
1980,25025140106,484,562,467,184,Census Tract 1401.06
1980,25025140107,551,641,532,210,Census Tract 1401.07
1980,25025140201,512,609,460,211,Census Tract 1402.01
1980,25025140202,1349,1607,1214,557,Census Tract 1402.02
1980,25025140300,1138,1367,1033,444,Census Tract 1403
1980,25025140400,1769,1898,1349,625,Census Tract 1404
1980,25025980101,,,,,Census Tract 9801.01
1980,25025980300,,,,,Census Tract 9803
1980,25025980700,,,,,Census Tract 9807
1980,25025980900,,,,,Census Tract 9809
1980,25025981000,,,,,Census Tract 9810
1980,25025981100,,,,,Census Tract 9811
1980,25025981201,,,,,Census Tract 9812.01
1980,25025981202,,,,,Census Tract 9812.02
1980,25025981300,,,,,Census Tract 9813
1980,25025981501,,,,,Census Tract 9815.01
1980,25025981502,,,,,Census Tract 9815.02
1980,25025981600,,,,,Census Tract 9816
1980,25025981700,,,,,Census Tract 9817
1980,25025981800,,,,,Census Tract 9818
1980,25025981900,,,,,Census Tract 9819
1990,25025000101,545,612,233,143,Census Tract 1.01
1990,25025000102,638,718,273,167,Census Tract 1.02
1990,25025000201,1320,1228,468,270,Census Tract 2.01
1990,25025000202,1293,1029,581,376,Census Tract 2.02
1990,25025000301,1081,945,479,253,Census Tract 3.01
1990,25025000302,1071,937,474,250,Census Tract 3.02
1990,25025000401,1757,1497,1257,703,Census Tract 4.01
1990,25025000402,1134,1041,539,445,Census Tract 4.02
1990,25025000502,1656,1482,1224,875,Census Tract 5.02
1990,25025000503,911,806,338,180,Census Tract 5.03
1990,25025000505,800,707,297,158,Census Tract 5.05
1990,25025000506,1068,944,396,210,Census Tract 5.06
1990,25025000601,1203,1259,408,308,Census Tract 6.01
1990,25025000603,467,493,305,212,Census Tract 6.03
1990,25025000604,763,806,497,346,Census Tract 6.04
1990,25025000701,1585,1536,654,570,Census Tract 7.01
1990,25025000703,799,886,318,271,Census Tract 7.03
1990,25025000704,1615,1790,643,547,Census Tract 7.04
1990,25025000804,886,1189,402,408,Census Tract 8.04
1990,25025000805,1079,1429,519,554,Census Tract 8.05
1990,25025000806,379,333,430,677,Census Tract 8.06
1990,25025000807,347,305,393,619,Census Tract 8.07
1990,25025010103,1098,796,967,844,Census Tract 101.03
1990,25025010104,1572,1655,889,1185,Census Tract 101.04
1990,25025010204,867,1174,411,384,Census Tract 102.04
1990,25025010205,674,912,319,298,Census Tract 102.05
1990,25025010206,498,675,236,221,Census Tract 102.06
1990,25025010300,969,417,579,396,Census Tract 103
1990,25025010403,900,1016,478,508,Census Tract 104.03
1990,25025010404,1179,1332,626,666,Census Tract 104.04
1990,25025010405,1379,1306,1115,1431,Census Tract 104.05
1990,25025010408,388,525,184,172,Census Tract 104.08
1990,25025010500,841,974,549,557,Census Tract 105
1990,25025010600,532,681,438,303,Census Tract 106
1990,25025010701,1060,903,283,350,Census Tract 107.01
1990,25025010702,1018,867,272,336,Census Tract 107.02
1990,25025010801,1203,1185,405,259,Census Tract 108.01
1990,25025010802,1254,1236,423,270,Census Tract 108.02
1990,25025020101,1622,1597,640,391,Census Tract 201.01
1990,25025020200,1386,1346,250,214,Census Tract 202
1990,25025020301,609,718,302,300,Census Tract 203.01
1990,25025020302,378,450,194,193,Census Tract 203.02
1990,25025020304,35,42,18,18,Census Tract 203.04
1990,25025020305,463,551,238,237,Census Tract 203.05
1990,25025030100,811,560,312,200,Census Tract 301
1990,25025030200,537,484,297,150,Census Tract 302
1990,25025030301,340,476,261,124,Census Tract 303.01
1990,25025030302,347,479,264,126,Census Tract 303.02
1990,25025030400,1374,1310,567,307,Census Tract 304
1990,25025030500,807,648,246,207,Census Tract 305
1990,25025040100,667,686,258,111,Census Tract 401
1990,25025040200,383,308,329,112,Census Tract 402
1990,25025040300,1376,1279,538,244,Census Tract 403
1990,25025040401,657,524,307,238,Census Tract 404.01
1990,25025040600,865,584,251,248,Census Tract 406
1990,25025040801,802,862,520,236,Census Tract 408.01
1990,25025050101,779,1009,878,545,Census Tract 501.01
1990,25025050200,915,1146,727,417,Census Tract 502
1990,25025050300,332,355,416,295,Census Tract 503
1990,25025050400,501,602,411,222,Census Tract 504
1990,25025050500,362,645,223,152,Census Tract 505
1990,25025050600,267,550,387,147,Census Tract 506
1990,25025050700,635,849,713,348,Census Tract 507
1990,25025050901,698,1099,548,256,Census Tract 509.01
1990,25025051000,970,1007,834,492,Census Tract 510
1990,25025051101,1293,1305,1131,576,Census Tract 511.01
1990,25025051200,524,772,463,283,Census Tract 512
1990,25025060101,769,1026,693,297,Census Tract 601.01
1990,25025060200,638,604,365,227,Census Tract 602
1990,25025060301,905,887,648,302,Census Tract 603.01
1990,25025060400,1299,1255,1078,659,Census Tract 604
1990,25025060501,859,1259,463,449,Census Tract 605.01
1990,25025060601,173,378,152,39,Census Tract 606.01
1990,25025060602,14,26,9,3,Census Tract 606.02
1990,25025060603,8,17,7,2,Census Tract 606.03
1990,25025060604,25,54,22,6,Census Tract 606.04
1990,25025060700,247,202,344,181,Census Tract 607
1990,25025060800,886,1001,501,311,Census Tract 608
1990,25025061000,525,396,699,393,Census Tract 610
1990,25025061101,398,279,594,253,Census Tract 611.01
1990,25025061201,317,509,250,187,Census Tract 612.01
1990,25025061203,225,180,0,39,Census Tract 612.03
1990,25025061204,43,35,0,7,Census Tract 612.04
1990,25025070102,163,240,178,157,Census Tract 701.02
1990,25025070103,11,17,12,11,Census Tract 701.03
1990,25025070104,62,91,68,60,Census Tract 701.04
1990,25025070201,202,262,271,223,Census Tract 702.01
1990,25025070202,502,679,631,530,Census Tract 702.02
1990,25025070301,656,936,267,196,Census Tract 703.01
1990,25025070302,405,578,165,121,Census Tract 703.02
1990,25025070402,365,360,341,252,Census Tract 704.02
1990,25025070501,519,760,240,250,Census Tract 705.01
1990,25025070502,939,1372,434,451,Census Tract 705.02
1990,25025070600,749,1203,81,138,Census Tract 706
1990,25025070700,619,826,279,93,Census Tract 707
1990,25025070801,240,354,93,72,Census Tract 708.01
1990,25025070802,669,990,259,200,Census Tract 708.02
1990,25025070901,282,433,99,106,Census Tract 709.01
1990,25025070902,475,730,167,179,Census Tract 709.02
1990,25025071101,600,1173,399,273,Census Tract 711.01
1990,25025071201,164,378,406,240,Census Tract 712.01
1990,25025080100,347,403,358,222,Census Tract 801
1990,25025080300,400,272,590,456,Census Tract 803
1990,25025080401,509,450,679,227,Census Tract 804.01
1990,25025080500,598,611,749,293,Census Tract 805
1990,25025080601,312,312,417,209,Census Tract 806.01
1990,25025080801,834,632,915,530,Census Tract 808.01
1990,25025080900,898,1225,343,410,Census Tract 809
1990,25025081001,1230,1341,914,568,Census Tract 810.01
1990,25025081101,296,322,300,155,Census Tract 811.01
1990,25025081102,609,660,610,312,Census Tract 811.02
1990,25025081200,744,714,566,203,Census Tract 812
1990,25025081301,298,356,435,247,Census Tract 813.01
1990,25025081302,417,497,609,345,Census Tract 813.02
1990,25025081400,605,684,354,181,Census Tract 814
1990,25025081500,559,527,490,215,Census Tract 815
1990,25025081700,814,799,799,416,Census Tract 817
1990,25025081800,735,660,558,324,Census Tract 818
1990,25025081900,827,860,478,201,Census Tract 819
1990,25025082000,678,613,832,377,Census Tract 820
1990,25025082100,935,935,978,589,Census Tract 821
1990,25025090100,1007,1044,750,363,Census Tract 901
1990,25025090200,502,374,326,158,Census Tract 902
1990,25025090300,616,623,437,310,Census Tract 903
1990,25025090400,557,505,476,292,Census Tract 904
1990,25025090600,333,523,373,163,Census Tract 906
1990,25025090700,954,1227,878,445,Census Tract 907
1990,25025090901,562,607,341,258,Census Tract 909.01
1990,25025091001,624,747,511,299,Census Tract 910.01
1990,25025091100,1011,1441,835,452,Census Tract 911
1990,25025091200,757,826,588,292,Census Tract 912
1990,25025091300,495,400,512,289,Census Tract 913
1990,25025091400,510,526,370,274,Census Tract 914
1990,25025091500,767,1127,787,504,Census Tract 915
1990,25025091600,659,768,490,197,Census Tract 916
1990,25025091700,733,858,410,252,Census Tract 917
1990,25025091800,711,825,414,318,Census Tract 918
1990,25025091900,859,1107,744,284,Census Tract 919
1990,25025092000,1145,1179,692,493,Census Tract 920
1990,25025092101,1454,1642,943,599,Census Tract 921.01
1990,25025092200,892,944,441,235,Census Tract 922
1990,25025092300,818,752,495,324,Census Tract 923
1990,25025092400,1398,1190,900,499,Census Tract 924
1990,25025100100,927,843,926,478,Census Tract 1001
1990,25025100200,609,583,396,269,Census Tract 1002
1990,25025100300,993,994,492,215,Census Tract 1003
1990,25025100400,1411,1411,671,358,Census Tract 1004
1990,25025100500,1545,1725,884,383,Census Tract 1005
1990,25025100601,1224,1573,790,525,Census Tract 1006.01
1990,25025100603,628,473,423,231,Census Tract 1006.03
1990,25025100700,1149,1217,995,538,Census Tract 1007
1990,25025100800,1549,1451,961,549,Census Tract 1008
1990,25025100900,1212,1113,544,337,Census Tract 1009
1990,25025101001,1756,1634,690,515,Census Tract 1010.01
1990,25025101002,1521,1408,804,440,Census Tract 1010.02
1990,25025101101,858,828,516,533,Census Tract 1011.01
1990,25025101102,1254,1171,619,337,Census Tract 1011.02
1990,25025110104,481,528,385,176,Census Tract 1101.04
1990,25025110105,540,602,431,199,Census Tract 1101.05
1990,25025110106,314,350,251,116,Census Tract 1101.06
1990,25025110201,406,379,325,194,Census Tract 1102.01
1990,25025110301,587,738,358,202,Census Tract 1103.01
1990,25025110401,892,1071,522,201,Census Tract 1104.01
1990,25025110403,1160,1255,648,353,Census Tract 1104.03
1990,25025110501,952,1080,516,293,Census Tract 1105.01
1990,25025110502,1028,1103,655,354,Census Tract 1105.02
1990,25025110601,625,632,647,290,Census Tract 1106.01
1990,25025110607,1619,1310,1342,476,Census Tract 1106.07
1990,25025120103,529,472,284,117,Census Tract 1201.03
1990,25025120104,791,707,426,175,Census Tract 1201.04
1990,25025120105,853,762,459,189,Census Tract 1201.05
1990,25025120201,1124,1286,473,262,Census Tract 1202.01
1990,25025120301,1273,1417,830,293,Census Tract 1203.01
1990,25025120400,1851,1772,906,440,Census Tract 1204
1990,25025120500,570,612,466,157,Census Tract 1205
1990,25025120600,805,927,225,90,Census Tract 1206
1990,25025120700,664,725,262,293,Census Tract 1207
1990,25025130101,1771,1596,1289,578,Census Tract 1301.01
1990,25025130200,1465,1467,873,363,Census Tract 1302
1990,25025130300,1368,1303,746,452,Census Tract 1303
1990,25025130402,1275,1470,994,474,Census Tract 1304.02
1990,25025130404,626,670,629,239,Census Tract 1304.04
1990,25025130406,1067,1143,1071,407,Census Tract 1304.06
1990,25025140102,1108,1195,605,329,Census Tract 1401.02
1990,25025140105,860,855,616,294,Census Tract 1401.05
1990,25025140106,556,552,398,190,Census Tract 1401.06
1990,25025140107,633,630,454,217,Census Tract 1401.07
1990,25025140201,533,577,383,193,Census Tract 1402.01
1990,25025140202,1406,1521,1009,509,Census Tract 1402.02
1990,25025140300,1200,1375,1143,550,Census Tract 1403
1990,25025140400,2160,2168,1092,577,Census Tract 1404
1990,25025980101,,,,,Census Tract 9801.01
1990,25025980300,,,,,Census Tract 9803
1990,25025980700,,,,,Census Tract 9807
1990,25025980900,,,,,Census Tract 9809
1990,25025981000,,,,,Census Tract 9810
1990,25025981100,,,,,Census Tract 9811
1990,25025981201,,,,,Census Tract 9812.01
1990,25025981202,,,,,Census Tract 9812.02
1990,25025981300,,,,,Census Tract 9813
1990,25025981501,,,,,Census Tract 9815.01
1990,25025981502,,,,,Census Tract 9815.02
1990,25025981600,,,,,Census Tract 9816
1990,25025981700,,,,,Census Tract 9817
1990,25025981800,,,,,Census Tract 9818
1990,25025981900,,,,,Census Tract 9819
2000,25025000101,500,603,257,197,Census Tract 1.01
2000,25025000102,612,738,314,242,Census Tract 1.02
2000,25025000201,1342,1472,405,284,Census Tract 2.01
2000,25025000202,1113,1170,587,388,Census Tract 2.02
2000,25025000301,910,759,470,348,Census Tract 3.01
2000,25025000302,1061,1052,359,321,Census Tract 3.02
2000,25025000401,1536,1513,1489,866,Census Tract 4.01
2000,25025000402,1087,1205,481,544,Census Tract 4.02
2000,25025000502,1229,1050,401,347,Census Tract 5.02
2000,25025000503,996,781,392,335,Census Tract 5.03
2000,25025000505,783,615,308,263,Census Tract 5.05
2000,25025000506,1064,835,418,357,Census Tract 5.06
2000,25025000601,855,1196,684,355,Census Tract 6.01
2000,25025000603,427,538,565,320,Census Tract 6.03
2000,25025000604,515,648,681,386,Census Tract 6.04
2000,25025000701,1639,1547,726,571,Census Tract 7.01
2000,25025000703,863,807,402,340,Census Tract 7.03
2000,25025000704,1726,1614,804,681,Census Tract 7.04
2000,25025000804,913,1199,512,594,Census Tract 8.04
2000,25025000805,1136,1494,637,740,Census Tract 8.05
2000,25025000806,422,339,459,453,Census Tract 8.06
2000,25025000807,420,337,456,450,Census Tract 8.07
2000,25025010103,1293,966,1026,645,Census Tract 101.03
2000,25025010104,1869,1429,845,799,Census Tract 101.04
2000,25025010204,983,808,442,429,Census Tract 102.04
2000,25025010205,742,894,323,443,Census Tract 102.05
2000,25025010206,491,588,216,295,Census Tract 102.06
2000,25025010300,1298,848,744,681,Census Tract 103
2000,25025010403,913,975,497,497,Census Tract 104.03
2000,25025010404,2002,2138,1090,1090,Census Tract 104.04
2000,25025010405,1020,967,707,856,Census Tract 104.05
2000,25025010408,408,491,177,243,Census Tract 104.08
2000,25025010500,785,1276,516,412,Census Tract 105
2000,25025010600,605,914,547,233,Census Tract 106
2000,25025010701,790,903,346,155,Census Tract 107.01
2000,25025010702,904,1033,396,178,Census Tract 107.02
2000,25025010801,1184,1278,365,241,Census Tract 108.01
2000,25025010802,1165,1258,360,238,Census Tract 108.02
2000,25025020101,1417,1517,566,350,Census Tract 201.01
2000,25025020200,1391,1330,437,283,Census Tract 202
2000,25025020301,508,537,295,433,Census Tract 203.01
2000,25025020302,330,352,198,296,Census Tract 203.02
2000,25025020304,36,39,22,32,Census Tract 203.04
2000,25025020305,699,745,419,627,Census Tract 203.05
2000,25025030100,717,759,264,116,Census Tract 301
2000,25025030200,677,480,210,155,Census Tract 302
2000,25025030301,321,498,192,82,Census Tract 303.01
2000,25025030302,381,592,228,97,Census Tract 303.02
2000,25025030400,1348,1348,477,318,Census Tract 304
2000,25025030500,948,952,223,120,Census Tract 305
2000,25025040100,689,612,275,112,Census Tract 401
2000,25025040200,331,297,377,160,Census Tract 402
2000,25025040300,1348,1114,429,375,Census Tract 403
2000,25025040401,634,625,336,256,Census Tract 404.01
2000,25025040600,750,646,276,158,Census Tract 406
2000,25025040801,860,825,664,487,Census Tract 408.01
2000,25025050101,859,1104,885,710,Census Tract 501.01
2000,25025050200,890,1480,812,552,Census Tract 502
2000,25025050300,299,291,508,482,Census Tract 503
2000,25025050400,537,683,497,295,Census Tract 504
2000,25025050500,336,507,267,317,Census Tract 505
2000,25025050600,544,828,309,160,Census Tract 506
2000,25025050700,798,1232,632,552,Census Tract 507
2000,25025050901,771,925,663,555,Census Tract 509.01
2000,25025051000,875,935,807,644,Census Tract 510
2000,25025051101,1225,1395,1117,770,Census Tract 511.01
2000,25025051200,581,706,528,372,Census Tract 512
2000,25025060101,904,768,526,380,Census Tract 601.01
2000,25025060200,575,693,338,185,Census Tract 602
2000,25025060301,936,866,523,400,Census Tract 603.01
2000,25025060400,1458,1325,1034,524,Census Tract 604
2000,25025060501,1038,1057,372,306,Census Tract 605.01
2000,25025060601,286,379,129,75,Census Tract 606.01
2000,25025060602,18,24,8,5,Census Tract 606.02
2000,25025060604,79,105,36,21,Census Tract 606.04
2000,25025060700,259,171,434,180,Census Tract 607
2000,25025060800,995,1306,632,345,Census Tract 608
2000,25025061000,580,510,711,357,Census Tract 610
2000,25025061101,362,224,529,256,Census Tract 611.01
2000,25025061201,400,452,261,235,Census Tract 612.01
2000,25025061203,104,118,68,61,Census Tract 612.03
2000,25025061204,21,23,14,12,Census Tract 612.04
2000,25025070102,380,562,351,326,Census Tract 701.02
2000,25025070104,179,266,156,137,Census Tract 701.04
2000,25025070201,483,521,409,321,Census Tract 702.01
2000,25025070202,726,864,630,521,Census Tract 702.02
2000,25025070301,578,1010,238,149,Census Tract 703.01
2000,25025070302,410,717,169,106,Census Tract 703.02
2000,25025070402,261,294,500,319,Census Tract 704.02
2000,25025070501,450,716,307,224,Census Tract 705.01
2000,25025070502,798,1269,545,397,Census Tract 705.02
2000,25025070600,576,1087,217,207,Census Tract 706
2000,25025070700,677,779,250,216,Census Tract 707
2000,25025070801,277,391,148,133,Census Tract 708.01
2000,25025070802,710,1003,380,340,Census Tract 708.02
2000,25025070901,198,372,126,92,Census Tract 709.01
2000,25025070902,417,784,266,194,Census Tract 709.02
2000,25025071101,633,1092,589,573,Census Tract 711.01
2000,25025071201,348,305,215,313,Census Tract 712.01
2000,25025080100,409,427,456,1635,Census Tract 801
2000,25025080300,376,256,295,198,Census Tract 803
2000,25025080401,525,400,396,274,Census Tract 804.01
2000,25025080500,541,317,439,322,Census Tract 805
2000,25025080601,380,497,467,424,Census Tract 806.01
2000,25025080801,793,600,463,441,Census Tract 808.01
2000,25025080900,1048,1184,522,479,Census Tract 809
2000,25025081001,1201,1229,948,801,Census Tract 810.01
2000,25025081101,245,281,284,224,Census Tract 811.01
2000,25025081102,553,636,643,506,Census Tract 811.02
2000,25025081200,427,437,731,380,Census Tract 812
2000,25025081301,346,299,388,349,Census Tract 813.01
2000,25025081302,425,367,478,430,Census Tract 813.02
2000,25025081400,646,740,393,201,Census Tract 814
2000,25025081500,414,321,288,175,Census Tract 815
2000,25025081700,939,653,655,421,Census Tract 817
2000,25025081800,696,649,459,361,Census Tract 818
2000,25025081900,737,643,615,297,Census Tract 819
2000,25025082000,651,530,535,326,Census Tract 820
2000,25025082100,849,559,905,643,Census Tract 821
2000,25025090100,1053,884,771,405,Census Tract 901
2000,25025090200,423,278,325,227,Census Tract 902
2000,25025090300,654,515,568,247,Census Tract 903
2000,25025090400,629,552,660,344,Census Tract 904
2000,25025090600,392,490,355,230,Census Tract 906
2000,25025090700,988,1397,884,661,Census Tract 907
2000,25025090901,749,733,471,444,Census Tract 909.01
2000,25025091001,669,788,435,336,Census Tract 910.01
2000,25025091100,1073,1360,901,635,Census Tract 911
2000,25025091200,818,860,561,324,Census Tract 912
2000,25025091300,551,472,326,296,Census Tract 913
2000,25025091400,449,544,451,321,Census Tract 914
2000,25025091500,988,950,958,495,Census Tract 915
2000,25025091600,647,745,681,377,Census Tract 916
2000,25025091700,661,730,595,348,Census Tract 917
2000,25025091800,829,776,451,321,Census Tract 918
2000,25025091900,838,617,574,459,Census Tract 919
2000,25025092000,1153,1025,895,745,Census Tract 920
2000,25025092101,1410,1571,1261,1003,Census Tract 921.01
2000,25025092200,983,944,608,280,Census Tract 922
2000,25025092300,738,598,430,388,Census Tract 923
2000,25025092400,1248,1049,1255,631,Census Tract 924
2000,25025100100,954,816,1163,691,Census Tract 1001
2000,25025100200,521,452,495,340,Census Tract 1002
2000,25025100300,887,595,640,450,Census Tract 1003
2000,25025100400,1471,948,862,747,Census Tract 1004
2000,25025100500,1358,1367,1265,829,Census Tract 1005
2000,25025100601,1209,1247,1079,844,Census Tract 1006.01
2000,25025100603,339,458,465,283,Census Tract 1006.03
2000,25025100700,1141,1207,851,423,Census Tract 1007
2000,25025100800,1571,1463,870,642,Census Tract 1008
2000,25025100900,1054,1029,761,423,Census Tract 1009
2000,25025101001,1648,1447,944,595,Census Tract 1010.01
2000,25025101002,1326,1132,935,576,Census Tract 1010.02
2000,25025101101,702,536,644,488,Census Tract 1011.01
2000,25025101102,1106,866,881,601,Census Tract 1011.02
2000,25025110104,533,522,422,392,Census Tract 1101.04
2000,25025110105,564,554,450,429,Census Tract 1101.05
2000,25025110106,307,301,245,233,Census Tract 1101.06
2000,25025110201,443,489,313,204,Census Tract 1102.01
2000,25025110301,655,589,430,356,Census Tract 1103.01
2000,25025110401,920,811,605,437,Census Tract 1104.01
2000,25025110403,1312,1155,626,414,Census Tract 1104.03
2000,25025110501,906,960,485,370,Census Tract 1105.01
2000,25025110502,1102,1042,641,490,Census Tract 1105.02
2000,25025110601,693,666,470,250,Census Tract 1106.01
2000,25025110607,1645,1500,1139,506,Census Tract 1106.07
2000,25025120103,445,396,270,140,Census Tract 1201.03
2000,25025120104,809,631,375,182,Census Tract 1201.04
2000,25025120105,669,594,405,210,Census Tract 1201.05
2000,25025120201,1039,1178,490,276,Census Tract 1202.01
2000,25025120301,1264,1111,697,609,Census Tract 1203.01
2000,25025120400,2045,1831,709,376,Census Tract 1204
2000,25025120500,492,639,463,313,Census Tract 1205
2000,25025120600,884,744,267,185,Census Tract 1206
2000,25025120700,693,599,245,242,Census Tract 1207
2000,25025130101,1289,1390,1012,578,Census Tract 1301.01
2000,25025130200,1376,1343,757,385,Census Tract 1302
2000,25025130300,1209,1218,706,371,Census Tract 1303
2000,25025130402,1147,1244,882,572,Census Tract 1304.02
2000,25025130404,602,525,593,350,Census Tract 1304.04
2000,25025130406,1123,980,1106,653,Census Tract 1304.06
2000,25025140102,1021,1073,672,435,Census Tract 1401.02
2000,25025140105,973,828,519,441,Census Tract 1401.05
2000,25025140106,499,455,499,291,Census Tract 1401.06
2000,25025140107,524,478,524,306,Census Tract 1401.07
2000,25025140201,516,519,434,230,Census Tract 1402.01
2000,25025140202,1429,1325,875,624,Census Tract 1402.02
2000,25025140300,1478,1330,1096,865,Census Tract 1403
2000,25025140400,1955,1860,1467,784,Census Tract 1404
2000,25025980101,,,,,Census Tract 9801.01
2000,25025980300,,,,,Census Tract 9803
2000,25025980700,,,,,Census Tract 9807
2000,25025980900,,,,,Census Tract 9809
2000,25025981000,,,,,Census Tract 9810
2000,25025981100,,,,,Census Tract 9811
2000,25025981201,,,,,Census Tract 9812.01
2000,25025981202,,,,,Census Tract 9812.02
2000,25025981300,,,,,Census Tract 9813
2000,25025981501,,,,,Census Tract 9815.01
2000,25025981502,,,,,Census Tract 9815.02
2000,25025981600,,,,,Census Tract 9816
2000,25025981700,,,,,Census Tract 9817
2000,25025981800,,,,,Census Tract 9818
2000,25025981900,,,,,Census Tract 9819
2010,25025000101,400,647,207,117,Census Tract 1.01
2010,25025000102,529,854,273,155,Census Tract 1.02
2010,25025000201,1289,1411,415,283,Census Tract 2.01
2010,25025000202,1172,1319,598,395,Census Tract 2.02
2010,25025000301,887,953,181,153,Census Tract 3.01
2010,25025000302,923,1354,305,232,Census Tract 3.02
2010,25025000401,1549,1620,1217,670,Census Tract 4.01
2010,25025000402,813,1472,523,448,Census Tract 4.02
2010,25025000502,1264,899,1057,915,Census Tract 5.02
2010,25025000503,847,775,175,81,Census Tract 5.03
2010,25025000505,849,748,528,188,Census Tract 5.05
2010,25025000506,1087,957,676,241,Census Tract 5.06
2010,25025000601,881,1552,608,237,Census Tract 6.01
2010,25025000603,369,410,344,153,Census Tract 6.03
2010,25025000604,673,750,628,279,Census Tract 6.04
2010,25025000701,1692,1552,546,298,Census Tract 7.01
2010,25025000703,624,1159,559,523,Census Tract 7.03
2010,25025000704,1549,1899,544,485,Census Tract 7.04
2010,25025000804,1202,1419,581,456,Census Tract 8.04
2010,25025000805,1377,1625,666,523,Census Tract 8.05
2010,25025000806,289,209,599,455,Census Tract 8.06
2010,25025000807,324,234,671,511,Census Tract 8.07
2010,25025010103,1004,589,1119,1033,Census Tract 101.03
2010,25025010104,1627,1423,1241,831,Census Tract 101.04
2010,25025010204,834,645,504,376,Census Tract 102.04
2010,25025010205,1129,1029,517,765,Census Tract 102.05
2010,25025010206,470,429,215,319,Census Tract 102.06
2010,25025010300,2463,654,1866,855,Census Tract 103
2010,25025010403,728,1271,469,551,Census Tract 104.03
2010,25025010404,1328,1589,1482,1733,Census Tract 104.04
2010,25025010405,1135,754,1661,1794,Census Tract 104.05
2010,25025010408,505,603,106,22,Census Tract 104.08
2010,25025010500,816,1025,786,703,Census Tract 105
2010,25025010600,659,1206,579,245,Census Tract 106
2010,25025010701,718,899,272,259,Census Tract 107.01
2010,25025010702,1048,872,346,297,Census Tract 107.02
2010,25025010801,1042,1185,693,414,Census Tract 108.01
2010,25025010802,872,1126,630,278,Census Tract 108.02
2010,25025020101,1542,1495,507,241,Census Tract 201.01
2010,25025020200,1732,1103,460,228,Census Tract 202
2010,25025020301,711,648,367,435,Census Tract 203.01
2010,25025020302,495,316,148,47,Census Tract 203.02
2010,25025020304,90,100,49,123,Census Tract 203.04
2010,25025020305,627,696,340,852,Census Tract 203.05
2010,25025030100,1008,585,154,182,Census Tract 301
2010,25025030200,793,558,170,97,Census Tract 302
2010,25025030301,333,426,182,153,Census Tract 303.01
2010,25025030302,565,723,309,260,Census Tract 303.02
2010,25025030400,1318,1374,462,331,Census Tract 304
2010,25025030500,1157,815,197,102,Census Tract 305
2010,25025040100,698,830,272,158,Census Tract 401
2010,25025040200,349,527,210,147,Census Tract 402
2010,25025040300,1473,1236,457,238,Census Tract 403
2010,25025040401,807,661,348,322,Census Tract 404.01
2010,25025040600,889,891,197,245,Census Tract 406
2010,25025040801,957,855,724,318,Census Tract 408.01
2010,25025050101,1148,1632,675,665,Census Tract 501.01
2010,25025050200,1302,2040,680,311,Census Tract 502
2010,25025050300,421,299,328,448,Census Tract 503
2010,25025050400,455,1080,316,167,Census Tract 504
2010,25025050500,464,902,231,125,Census Tract 505
2010,25025050600,380,712,199,205,Census Tract 506
2010,25025050700,1245,1927,451,222,Census Tract 507
2010,25025050901,842,1535,699,390,Census Tract 509.01
2010,25025051000,875,1149,782,482,Census Tract 510
2010,25025051101,1801,2269,759,572,Census Tract 511.01
2010,25025051200,685,913,238,163,Census Tract 512
2010,25025060101,1078,1098,339,273,Census Tract 601.01
2010,25025060200,642,872,171,91,Census Tract 602
2010,25025060301,1042,953,353,169,Census Tract 603.01
2010,25025060400,1761,1463,781,445,Census Tract 604
2010,25025060501,1554,993,298,226,Census Tract 605.01
2010,25025060601,332,397,76,64,Census Tract 606.01
2010,25025060602,18,22,4,4,Census Tract 606.02
2010,25025060603,192,230,44,37,Census Tract 606.03
2010,25025060604,103,124,23,20,Census Tract 606.04
2010,25025060700,511,238,429,212,Census Tract 607
2010,25025060800,1379,1235,346,294,Census Tract 608
2010,25025061000,660,794,651,446,Census Tract 610
2010,25025061101,558,214,516,297,Census Tract 611.01
2010,25025061201,443,620,131,119,Census Tract 612.01
2010,25025061203,336,470,99,90,Census Tract 612.03
2010,25025061204,155,217,46,42,Census Tract 612.04
2010,25025070102,505,616,487,504,Census Tract 701.02
2010,25025070104,284,346,274,283,Census Tract 701.04
2010,25025070201,616,632,617,639,Census Tract 702.01
2010,25025070202,870,943,862,893,Census Tract 702.02
2010,25025070301,731,845,449,227,Census Tract 703.01
2010,25025070302,622,720,382,193,Census Tract 703.02
2010,25025070402,321,455,436,345,Census Tract 704.02
2010,25025070501,664,1009,264,519,Census Tract 705.01
2010,25025070502,1076,1635,427,841,Census Tract 705.02
2010,25025070600,633,1186,182,159,Census Tract 706
2010,25025070700,912,620,365,151,Census Tract 707
2010,25025070801,323,351,140,130,Census Tract 708.01
2010,25025070802,782,849,338,316,Census Tract 708.02
2010,25025070901,341,302,133,145,Census Tract 709.01
2010,25025070902,627,556,246,268,Census Tract 709.02
2010,25025071101,874,1377,480,682,Census Tract 711.01
2010,25025071201,512,1021,404,493,Census Tract 712.01
2010,25025080100,319,400,478,1325,Census Tract 801
2010,25025080300,416,290,497,256,Census Tract 803
2010,25025080401,569,287,574,223,Census Tract 804.01
2010,25025080500,674,418,537,434,Census Tract 805
2010,25025080601,705,584,297,250,Census Tract 806.01
2010,25025080801,672,698,695,618,Census Tract 808.01
2010,25025080900,1048,1175,699,542,Census Tract 809
2010,25025081001,1354,1213,858,854,Census Tract 810.01
2010,25025081101,268,363,146,127,Census Tract 811.01
2010,25025081102,846,1145,463,402,Census Tract 811.02
2010,25025081200,790,510,730,224,Census Tract 812
2010,25025081301,405,321,426,440,Census Tract 813.01
2010,25025081302,551,438,580,599,Census Tract 813.02
2010,25025081400,837,1146,262,291,Census Tract 814
2010,25025081500,633,508,380,110,Census Tract 815
2010,25025081700,696,819,598,351,Census Tract 817
2010,25025081800,914,595,333,292,Census Tract 818
2010,25025081900,882,503,309,320,Census Tract 819
2010,25025082000,855,645,387,208,Census Tract 820
2010,25025082100,1124,870,885,520,Census Tract 821
2010,25025090100,1128,1287,779,381,Census Tract 901
2010,25025090200,580,349,345,141,Census Tract 902
2010,25025090300,671,481,416,230,Census Tract 903
2010,25025090400,881,832,513,316,Census Tract 904
2010,25025090600,663,344,249,128,Census Tract 906
2010,25025090700,1224,1308,537,490,Census Tract 907
2010,25025090901,953,1104,672,590,Census Tract 909.01
2010,25025091001,799,675,388,302,Census Tract 910.01
2010,25025091100,1212,1343,585,302,Census Tract 911
2010,25025091200,764,922,431,252,Census Tract 912
2010,25025091300,442,338,366,170,Census Tract 913
2010,25025091400,785,464,315,290,Census Tract 914
2010,25025091500,1179,1133,646,616,Census Tract 915
2010,25025091600,678,847,451,301,Census Tract 916
2010,25025091700,953,884,371,230,Census Tract 917
2010,25025091800,889,807,406,185,Census Tract 918
2010,25025091900,859,760,588,275,Census Tract 919
2010,25025092000,1394,1176,817,467,Census Tract 920
2010,25025092101,1747,1502,872,676,Census Tract 921.01
2010,25025092200,579,1293,428,248,Census Tract 922
2010,25025092300,794,800,221,387,Census Tract 923
2010,25025092400,1783,1429,600,343,Census Tract 924
2010,25025100100,1445,1081,721,475,Census Tract 1001
2010,25025100200,840,609,443,358,Census Tract 1002
2010,25025100300,987,896,487,362,Census Tract 1003
2010,25025100400,1417,1222,653,413,Census Tract 1004
2010,25025100500,1374,1474,641,297,Census Tract 1005
2010,25025100601,1359,1613,617,346,Census Tract 1006.01
2010,25025100603,510,591,486,160,Census Tract 1006.03
2010,25025100700,1196,1208,742,325,Census Tract 1007
2010,25025100800,1804,1498,831,614,Census Tract 1008
2010,25025100900,1285,1228,573,259,Census Tract 1009
2010,25025101001,1816,1310,1168,606,Census Tract 1010.01
2010,25025101002,1832,1243,1098,753,Census Tract 1010.02
2010,25025101101,949,1065,430,202,Census Tract 1011.01
2010,25025101102,1294,977,599,303,Census Tract 1011.02
2010,25025110104,837,594,253,207,Census Tract 1101.04
2010,25025110105,721,507,201,175,Census Tract 1101.05
2010,25025110106,494,348,137,120,Census Tract 1101.06
2010,25025110201,629,487,256,146,Census Tract 1102.01
2010,25025110301,831,910,135,84,Census Tract 1103.01
2010,25025110401,1151,879,475,365,Census Tract 1104.01
2010,25025110403,1383,1058,805,579,Census Tract 1104.03
2010,25025110501,1030,1089,375,366,Census Tract 1105.01
2010,25025110502,1093,940,506,319,Census Tract 1105.02
2010,25025110601,734,756,612,339,Census Tract 1106.01
2010,25025110607,1541,1281,1147,518,Census Tract 1106.07
2010,25025120103,532,476,119,96,Census Tract 1201.03
2010,25025120104,874,593,190,112,Census Tract 1201.04
2010,25025120105,733,583,571,163,Census Tract 1201.05
2010,25025120201,1308,1537,334,240,Census Tract 1202.01
2010,25025120301,1478,1598,426,335,Census Tract 1203.01
2010,25025120400,2054,1708,617,475,Census Tract 1204
2010,25025120500,820,643,166,377,Census Tract 1205
2010,25025120600,1066,839,173,127,Census Tract 1206
2010,25025120700,617,832,213,268,Census Tract 1207
2010,25025130101,1457,1282,681,448,Census Tract 1301.01
2010,25025130200,1551,1467,552,430,Census Tract 1302
2010,25025130300,1483,1263,564,364,Census Tract 1303
2010,25025130402,1146,1554,644,424,Census Tract 1304.02
2010,25025130404,878,688,643,262,Census Tract 1304.04
2010,25025130406,1380,1318,498,383,Census Tract 1304.06
2010,25025140102,1384,1058,475,386,Census Tract 1401.02
2010,25025140105,1286,1008,335,297,Census Tract 1401.05
2010,25025140106,541,403,437,185,Census Tract 1401.06
2010,25025140107,755,775,277,279,Census Tract 1401.07
2010,25025140201,711,722,199,161,Census Tract 1402.01
2010,25025140202,1518,1513,895,511,Census Tract 1402.02
2010,25025140300,1800,1796,1071,408,Census Tract 1403
2010,25025140400,2511,2162,1115,780,Census Tract 1404
2010,25025980101,,,,,Census Tract 9801.01
2010,25025980300,,,,,Census Tract 9803
2010,25025980700,,,,,Census Tract 9807
2010,25025980900,,,,,Census Tract 9809
2010,25025981000,,,,,Census Tract 9810
2010,25025981100,,,,,Census Tract 9811
2010,25025981201,,,,,Census Tract 9812.01
2010,25025981202,,,,,Census Tract 9812.02
2010,25025981300,,,,,Census Tract 9813
2010,25025981501,,,,,Census Tract 9815.01
2010,25025981502,,,,,Census Tract 9815.02
2010,25025981600,,,,,Census Tract 9816
2010,25025981700,,,,,Census Tract 9817
2010,25025981800,,,,,Census Tract 9818
2010,25025981900,,,,,Census Tract 9819
2020,25025000101,738,694,245,178,Census Tract 1.01
2020,25025000102,1647,1021,423,426,Census Tract 1.02
2020,25025000201,1672,1531,302,211,Census Tract 2.01
2020,25025000202,1259,1283,595,248,Census Tract 2.02
2020,25025000301,967,1124,326,190,Census Tract 3.01
2020,25025000302,1038,1524,280,244,Census Tract 3.02
2020,25025000401,1902,1934,1062,391,Census Tract 4.01
2020,25025000402,1181,1388,541,578,Census Tract 4.02
2020,25025000502,1737,1360,1144,1170,Census Tract 5.02
2020,25025000503,869,741,132,322,Census Tract 5.03
2020,25025000505,941,607,314,417,Census Tract 5.05
2020,25025000506,1013,856,427,387,Census Tract 5.06
2020,25025000601,1480,1513,420,309,Census Tract 6.01
2020,25025000603,328,406,394,190,Census Tract 6.03
2020,25025000604,789,774,294,364,Census Tract 6.04
2020,25025000701,1866,2086,314,293,Census Tract 7.01
2020,25025000703,536,819,328,236,Census Tract 7.03
2020,25025000704,1692,1270,707,319,Census Tract 7.04
2020,25025000804,1040,1145,529,619,Census Tract 8.04
2020,25025000805,1033,1053,318,734,Census Tract 8.05
2020,25025000806,414,565,831,753,Census Tract 8.06
2020,25025000807,965,704,1123,731,Census Tract 8.07
2020,25025010103,1008,634,971,1026,Census Tract 101.03
2020,25025010104,1649,1277,1168,819,Census Tract 101.04
2020,25025010204,1227,796,781,902,Census Tract 102.04
2020,25025010205,1229,1236,460,648,Census Tract 102.05
2020,25025010206,704,686,159,417,Census Tract 102.06
2020,25025010300,1863,991,1604,979,Census Tract 103
2020,25025010403,790,960,459,476,Census Tract 104.03
2020,25025010404,1387,1022,1304,1271,Census Tract 104.04
2020,25025010405,1869,1527,1364,1245,Census Tract 104.05
2020,25025010408,567,426,216,140,Census Tract 104.08
2020,25025010500,747,955,886,688,Census Tract 105
2020,25025010600,970,1131,745,426,Census Tract 106
2020,25025010701,824,802,317,176,Census Tract 107.01
2020,25025010702,1092,782,357,245,Census Tract 107.02
2020,25025010801,935,877,666,349,Census Tract 108.01
2020,25025010802,1190,1457,349,228,Census Tract 108.02
2020,25025020101,1297,1851,968,254,Census Tract 201.01
2020,25025020200,1514,1284,234,192,Census Tract 202
2020,25025020301,693,955,310,244,Census Tract 203.01
2020,25025020302,325,450,88,32,Census Tract 203.02
2020,25025020304,389,403,68,236,Census Tract 203.04
2020,25025020305,837,944,451,865,Census Tract 203.05
2020,25025030100,953,788,238,187,Census Tract 301
2020,25025030200,741,700,114,85,Census Tract 302
2020,25025030301,353,461,454,263,Census Tract 303.01
2020,25025030302,803,847,349,413,Census Tract 303.02
2020,25025030400,1637,1474,395,274,Census Tract 304
2020,25025030500,954,991,215,127,Census Tract 305
2020,25025040100,801,802,324,163,Census Tract 401
2020,25025040200,577,423,201,160,Census Tract 402
2020,25025040300,1535,1564,406,254,Census Tract 403
2020,25025040401,968,793,409,316,Census Tract 404.01
2020,25025040600,1232,1444,209,148,Census Tract 406
2020,25025040801,1407,1206,735,458,Census Tract 408.01
2020,25025050101,1356,1894,657,316,Census Tract 501.01
2020,25025050200,1599,1924,594,293,Census Tract 502
2020,25025050300,803,768,517,558,Census Tract 503
2020,25025050400,659,951,226,256,Census Tract 504
2020,25025050500,706,931,258,85,Census Tract 505
2020,25025050600,798,1108,156,93,Census Tract 506
2020,25025050700,1321,2451,521,242,Census Tract 507
2020,25025050901,1391,1676,324,346,Census Tract 509.01
2020,25025051000,1468,1558,765,417,Census Tract 510
2020,25025051101,2046,2782,1125,593,Census Tract 511.01
2020,25025051200,962,1153,398,383,Census Tract 512
2020,25025060101,1412,1174,360,236,Census Tract 601.01
2020,25025060200,783,899,169,134,Census Tract 602
2020,25025060301,1760,1285,372,249,Census Tract 603.01
2020,25025060400,2070,1855,593,307,Census Tract 604
2020,25025060501,1529,1748,402,238,Census Tract 605.01
2020,25025060601,598,836,93,183,Census Tract 606.01
2020,25025060602,83,210,9,0,Census Tract 606.02
2020,25025060603,353,514,100,9,Census Tract 606.03
2020,25025060604,517,770,145,80,Census Tract 606.04
2020,25025060700,618,413,569,207,Census Tract 607
2020,25025060800,2030,1492,200,182,Census Tract 608
2020,25025061000,892,1011,304,294,Census Tract 610
2020,25025061101,554,539,376,256,Census Tract 611.01
2020,25025061201,454,905,160,145,Census Tract 612.01
2020,25025061202,,,,,Census Tract 612.02
2020,25025061203,760,714,201,160,Census Tract 612.03
2020,25025061204,380,494,36,29,Census Tract 612.04
2020,25025070102,728,667,607,693,Census Tract 701.02
2020,25025070103,170,122,56,39,Census Tract 701.03
2020,25025070104,708,690,283,329,Census Tract 701.04
2020,25025070201,808,723,967,619,Census Tract 702.01
2020,25025070202,881,818,1003,406,Census Tract 702.02
2020,25025070301,665,1154,432,129,Census Tract 703.01
2020,25025070302,503,684,456,217,Census Tract 703.02
2020,25025070402,854,752,590,472,Census Tract 704.02
2020,25025070501,565,825,158,75,Census Tract 705.01
2020,25025070502,807,1384,954,442,Census Tract 705.02
2020,25025070600,827,851,274,64,Census Tract 706
2020,25025070700,749,943,492,183,Census Tract 707
2020,25025070801,231,341,294,136,Census Tract 708.01
2020,25025070802,1157,645,178,416,Census Tract 708.02
2020,25025070901,614,209,216,117,Census Tract 709.01
2020,25025070902,729,544,169,193,Census Tract 709.02
2020,25025071101,1055,1398,822,418,Census Tract 711.01
2020,25025071201,818,1036,836,860,Census Tract 712.01
2020,25025080100,529,355,422,1053,Census Tract 801
2020,25025080300,745,399,373,207,Census Tract 803
2020,25025080401,743,588,435,466,Census Tract 804.01
2020,25025080500,961,629,537,554,Census Tract 805
2020,25025080601,1094,919,961,576,Census Tract 806.01
2020,25025080801,1225,1241,852,923,Census Tract 808.01
2020,25025080900,955,1243,541,661,Census Tract 809
2020,25025081001,1308,1350,884,1051,Census Tract 810.01
2020,25025081101,442,398,222,54,Census Tract 811.01
2020,25025081102,762,933,570,630,Census Tract 811.02
2020,25025081200,1056,737,618,442,Census Tract 812
2020,25025081301,532,687,311,322,Census Tract 813.01
2020,25025081302,492,333,713,320,Census Tract 813.02
2020,25025081400,894,1042,434,351,Census Tract 814
2020,25025081500,819,662,731,278,Census Tract 815
2020,25025081700,1095,867,910,702,Census Tract 817
2020,25025081800,720,758,581,285,Census Tract 818
2020,25025081900,1236,930,414,209,Census Tract 819
2020,25025082000,997,1010,574,291,Census Tract 820
2020,25025082100,1653,763,1071,776,Census Tract 821
2020,25025090100,1256,1207,793,769,Census Tract 901
2020,25025090200,489,425,353,444,Census Tract 902
2020,25025090300,716,892,412,308,Census Tract 903
2020,25025090400,1380,1065,559,335,Census Tract 904
2020,25025090600,654,881,327,368,Census Tract 906
2020,25025090700,1158,1464,723,317,Census Tract 907
2020,25025090901,683,708,913,605,Census Tract 909.01
2020,25025091001,1012,901,313,231,Census Tract 910.01
2020,25025091100,1684,1682,789,349,Census Tract 911
2020,25025091200,771,1256,333,277,Census Tract 912
2020,25025091300,739,696,401,351,Census Tract 913
2020,25025091400,1074,707,360,522,Census Tract 914
2020,25025091500,1191,1256,723,520,Census Tract 915
2020,25025091600,786,918,297,406,Census Tract 916
2020,25025091700,983,871,454,429,Census Tract 917
2020,25025091800,967,895,570,398,Census Tract 918
2020,25025091900,1290,1129,490,465,Census Tract 919
2020,25025092000,1932,1599,755,611,Census Tract 920
2020,25025092101,1758,2203,1195,912,Census Tract 921.01
2020,25025092200,907,1218,509,332,Census Tract 922
2020,25025092300,1267,809,364,368,Census Tract 923
2020,25025092400,1453,1453,985,783,Census Tract 924
2020,25025100100,2210,1468,965,695,Census Tract 1001
2020,25025100200,1109,967,447,347,Census Tract 1002
2020,25025100300,1314,941,698,367,Census Tract 1003
2020,25025100400,1816,1246,939,478,Census Tract 1004
2020,25025100500,2019,1625,1068,772,Census Tract 1005
2020,25025100601,2026,2183,511,321,Census Tract 1006.01
2020,25025100603,767,780,193,164,Census Tract 1006.03
2020,25025100700,1123,1448,836,452,Census Tract 1007
2020,25025100800,2262,1876,730,771,Census Tract 1008
2020,25025100900,1248,1505,594,494,Census Tract 1009
2020,25025101001,1619,2006,1059,509,Census Tract 1010.01
2020,25025101002,2043,1351,1048,405,Census Tract 1010.02
2020,25025101101,1169,823,601,464,Census Tract 1011.01
2020,25025101102,1647,1348,544,565,Census Tract 1011.02
2020,25025110104,562,613,465,257,Census Tract 1101.04
2020,25025110105,1322,1084,172,86,Census Tract 1101.05
2020,25025110106,612,410,290,341,Census Tract 1101.06
2020,25025110201,727,603,428,238,Census Tract 1102.01
2020,25025110301,910,788,400,169,Census Tract 1103.01
2020,25025110401,1147,1128,609,353,Census Tract 1104.01
2020,25025110403,1401,1609,667,428,Census Tract 1104.03
2020,25025110501,1242,1144,279,254,Census Tract 1105.01
2020,25025110502,1330,1601,515,374,Census Tract 1105.02
2020,25025110601,772,730,786,456,Census Tract 1106.01
2020,25025110607,1942,1429,715,593,Census Tract 1106.07
2020,25025120103,630,573,141,148,Census Tract 1201.03
2020,25025120104,770,785,334,112,Census Tract 1201.04
2020,25025120105,630,598,641,291,Census Tract 1201.05
2020,25025120201,1271,1627,361,311,Census Tract 1202.01
2020,25025120301,1770,1696,557,399,Census Tract 1203.01
2020,25025120400,2368,1863,899,640,Census Tract 1204
2020,25025120500,921,883,420,253,Census Tract 1205
2020,25025120600,1123,976,78,233,Census Tract 1206
2020,25025120700,880,566,194,163,Census Tract 1207
2020,25025130101,2153,2077,697,532,Census Tract 1301.01
2020,25025130200,1461,1426,657,425,Census Tract 1302
2020,25025130300,1222,1517,546,411,Census Tract 1303
2020,25025130402,1758,1578,715,562,Census Tract 1304.02
2020,25025130404,837,1050,442,282,Census Tract 1304.04
2020,25025130406,1736,1306,679,634,Census Tract 1304.06
2020,25025140102,1722,1362,794,636,Census Tract 1401.02
2020,25025140105,1091,1225,518,247,Census Tract 1401.05
2020,25025140106,650,566,400,175,Census Tract 1401.06
2020,25025140107,935,741,450,386,Census Tract 1401.07
2020,25025140201,761,886,272,187,Census Tract 1402.01
2020,25025140202,1912,1978,925,794,Census Tract 1402.02
2020,25025140300,2161,2120,1218,855,Census Tract 1403
2020,25025140400,2834,2229,1179,1548,Census Tract 1404
2020,25025980101,,,,,Census Tract 9801.01
2020,25025980300,,,,,Census Tract 9803
2020,25025980700,,,,,Census Tract 9807
2020,25025980900,,,,,Census Tract 9809
2020,25025981000,,,,,Census Tract 9810
2020,25025981100,,,,,Census Tract 9811
2020,25025981201,,,,,Census Tract 9812.01
2020,25025981202,,,,,Census Tract 9812.02
2020,25025981300,,,,,Census Tract 9813
2020,25025981501,,,,,Census Tract 9815.01
2020,25025981502,,,,,Census Tract 9815.02
2020,25025981600,,,,,Census Tract 9816
2020,25025981700,,,,,Census Tract 9817
2020,25025981800,,,,,Census Tract 9818
2020,25025981900,,,,,Census Tract 9819
2010,25025061202,,,,,Census Tract 612.02
2000,25025061202,,,,,Census Tract 612.02
1990,25025061202,,,,,Census Tract 612.02
1980,25025061202,,,,,Census Tract 612.02
1970,25025061202,,,,,Census Tract 612.02
1960,25025061202,,,,,Census Tract 612.02
1950,25025061202,,,,,Census Tract 612.02
