"YEAR","GEOID","NAME","total_occupied_units","no_vehicles","one_or_more_vehicles"
1960,25025000101,"Census Tract 1.01",616,226,390
1960,25025000102,"Census Tract 1.02",725,266,459
1960,25025000201,"Census Tract 2.01",1353,360,993
1960,25025000202,"Census Tract 2.02",1404,373,1031
1960,25025000301,"Census Tract 3.01",786,142,644
1960,25025000302,"Census Tract 3.02",778,140,638
1960,25025000401,"Census Tract 4.01",1825,553,1272
1960,25025000402,"Census Tract 4.02",1129,342,787
1960,25025000502,"Census Tract 5.02",1881,728,1153
1960,25025000503,"Census Tract 5.03",808,313,495
1960,25025000505,"Census Tract 5.05",710,275,435
1960,25025000506,"Census Tract 5.06",947,366,581
1960,25025000601,"Census Tract 6.01",1210,516,694
1960,25025000603,"Census Tract 6.03",617,263,354
1960,25025000604,"Census Tract 6.04",1008,430,578
1960,25025000701,"Census Tract 7.01",1785,901,884
1960,25025000703,"Census Tract 7.03",970,489,481
1960,25025000704,"Census Tract 7.04",1959,989,970
1960,25025000804,"Census Tract 8.04",665,288,377
1960,25025000805,"Census Tract 8.05",821,356,465
1960,25025000806,"Census Tract 8.06",388,168,220
1960,25025000807,"Census Tract 8.07",353,153,200
1960,25025010103,"Census Tract 101.03",577,264,313
1960,25025010104,"Census Tract 101.04",866,397,469
1960,25025010204,"Census Tract 102.04",1633,888,745
1960,25025010205,"Census Tract 102.05",1269,690,579
1960,25025010206,"Census Tract 102.06",939,511,428
1960,25025010300,"Census Tract 103",1069,704,365
1960,25025010403,"Census Tract 104.03",1106,819,287
1960,25025010404,"Census Tract 104.04",1450,1073,377
1960,25025010405,"Census Tract 104.05",1898,1398,500
1960,25025010408,"Census Tract 104.08",730,397,333
1960,25025010500,"Census Tract 105",1430,1009,421
1960,25025010600,"Census Tract 106",1540,1234,306
1960,25025010701,"Census Tract 107.01",1363,699,664
1960,25025010702,"Census Tract 107.02",1308,672,636
1960,25025010801,"Census Tract 108.01",1517,719,798
1960,25025010802,"Census Tract 108.02",1583,750,833
1960,25025020101,"Census Tract 201.01",2671,1256,1415
1960,25025020200,"Census Tract 202",1896,1194,702
1960,25025020301,"Census Tract 203.01",345,257,88
1960,25025020302,"Census Tract 203.02",1529,1292,237
1960,25025020304,"Census Tract 203.04",136,115,21
1960,25025020305,"Census Tract 203.05",264,212,52
1960,25025030100,"Census Tract 301",1139,786,353
1960,25025030200,"Census Tract 302",721,491,230
1960,25025030301,"Census Tract 303.01",50,33,17
1960,25025030302,"Census Tract 303.02",1155,1019,136
1960,25025030400,"Census Tract 304",1304,867,437
1960,25025030500,"Census Tract 305",870,626,244
1960,25025040100,"Census Tract 401",874,520,354
1960,25025040200,"Census Tract 402",737,448,289
1960,25025040300,"Census Tract 403",1720,908,812
1960,25025040401,"Census Tract 404.01",991,547,444
1960,25025040600,"Census Tract 406",1107,564,543
1960,25025040801,"Census Tract 408.01",548,423,125
1960,25025050101,"Census Tract 501.01",1311,481,830
1960,25025050200,"Census Tract 502",1648,931,717
1960,25025050300,"Census Tract 503",647,453,194
1960,25025050400,"Census Tract 504",760,414,346
1960,25025050500,"Census Tract 505",726,376,350
1960,25025050600,"Census Tract 506",755,444,311
1960,25025050700,"Census Tract 507",1543,840,703
1960,25025050901,"Census Tract 509.01",1511,589,922
1960,25025051000,"Census Tract 510",1199,406,793
1960,25025051101,"Census Tract 511.01",2008,608,1400
1960,25025051200,"Census Tract 512",1173,551,622
1960,25025060101,"Census Tract 601.01",1291,538,753
1960,25025060200,"Census Tract 602",972,448,524
1960,25025060301,"Census Tract 603.01",1424,652,772
1960,25025060400,"Census Tract 604",2072,1198,874
1960,25025060501,"Census Tract 605.01",1598,961,637
1960,25025060601,"Census Tract 606.01",339,197,142
1960,25025060602,"Census Tract 606.02",24,14,10
1960,25025060603,"Census Tract 606.03",15,9,6
1960,25025060604,"Census Tract 606.04",49,28,21
1960,25025060700,"Census Tract 607",946,706,240
1960,25025060800,"Census Tract 608",1676,1110,566
1960,25025061000,"Census Tract 610",1353,900,453
1960,25025061101,"Census Tract 611.01",958,717,241
1960,25025061201,"Census Tract 612.01",695,461,234
1960,25025061202,"Census Tract 612.02",,,
1960,25025061203,"Census Tract 612.03",218,135,83
1960,25025061204,"Census Tract 612.04",42,26,16
1960,25025070102,"Census Tract 701.02",169,154,15
1960,25025070103,"Census Tract 701.03",8,7,1
1960,25025070104,"Census Tract 701.04",65,59,6
1960,25025070201,"Census Tract 702.01",426,329,97
1960,25025070202,"Census Tract 702.02",965,808,157
1960,25025070301,"Census Tract 703.01",1591,1283,308
1960,25025070302,"Census Tract 703.02",981,789,192
1960,25025070402,"Census Tract 704.02",800,646,154
1960,25025070501,"Census Tract 705.01",1455,1128,327
1960,25025070502,"Census Tract 705.02",2379,1744,635
1960,25025070600,"Census Tract 706",2178,1769,409
1960,25025070700,"Census Tract 707",1190,921,269
1960,25025070801,"Census Tract 708.01",507,385,122
1960,25025070802,"Census Tract 708.02",1418,1076,342
1960,25025070901,"Census Tract 709.01",596,442,154
1960,25025070902,"Census Tract 709.02",1005,746,259
1960,25025071101,"Census Tract 711.01",1555,1241,314
1960,25025071201,"Census Tract 712.01",936,722,214
1960,25025080100,"Census Tract 801",970,529,441
1960,25025080300,"Census Tract 803",1263,877,386
1960,25025080401,"Census Tract 804.01",1437,1102,335
1960,25025080500,"Census Tract 805",1399,1092,307
1960,25025080601,"Census Tract 806.01",1124,886,238
1960,25025080801,"Census Tract 808.01",1698,1212,486
1960,25025080900,"Census Tract 809",1267,683,584
1960,25025081001,"Census Tract 810.01",1663,769,894
1960,25025081101,"Census Tract 811.01",326,158,168
1960,25025081102,"Census Tract 811.02",702,346,356
1960,25025081200,"Census Tract 812",1627,951,676
1960,25025081301,"Census Tract 813.01",510,302,208
1960,25025081302,"Census Tract 813.02",712,422,290
1960,25025081400,"Census Tract 814",1656,1030,626
1960,25025081500,"Census Tract 815",1180,635,545
1960,25025081700,"Census Tract 817",2257,1418,839
1960,25025081800,"Census Tract 818",1458,765,693
1960,25025081900,"Census Tract 819",1953,1099,854
1960,25025082000,"Census Tract 820",1392,785,607
1960,25025082100,"Census Tract 821",2103,963,1140
1960,25025090100,"Census Tract 901",2052,990,1062
1960,25025090200,"Census Tract 902",890,443,447
1960,25025090300,"Census Tract 903",1469,841,628
1960,25025090400,"Census Tract 904",1876,1017,859
1960,25025090600,"Census Tract 906",1141,593,548
1960,25025090700,"Census Tract 907",1808,806,1002
1960,25025090901,"Census Tract 909.01",1086,627,459
1960,25025091001,"Census Tract 910.01",1446,834,612
1960,25025091100,"Census Tract 911",1790,730,1060
1960,25025091200,"Census Tract 912",1159,516,643
1960,25025091300,"Census Tract 913",969,467,502
1960,25025091400,"Census Tract 914",1202,650,552
1960,25025091500,"Census Tract 915",1541,671,870
1960,25025091600,"Census Tract 916",1153,435,718
1960,25025091700,"Census Tract 917",1113,290,823
1960,25025091800,"Census Tract 918",1431,523,908
1960,25025091900,"Census Tract 919",1438,509,929
1960,25025092000,"Census Tract 920",1798,656,1142
1960,25025092101,"Census Tract 921.01",2264,878,1386
1960,25025092200,"Census Tract 922",1223,356,867
1960,25025092300,"Census Tract 923",1194,501,693
1960,25025092400,"Census Tract 924",2526,1158,1368
1960,25025100100,"Census Tract 1001",2353,884,1469
1960,25025100200,"Census Tract 1002",1285,478,807
1960,25025100300,"Census Tract 1003",1364,352,1012
1960,25025100400,"Census Tract 1004",1655,504,1151
1960,25025100500,"Census Tract 1005",2157,774,1383
1960,25025100601,"Census Tract 1006.01",1878,662,1216
1960,25025100603,"Census Tract 1006.03",721,254,467
1960,25025100700,"Census Tract 1007",1595,330,1265
1960,25025100800,"Census Tract 1008",1738,429,1309
1960,25025100900,"Census Tract 1009",1267,249,1018
1960,25025101001,"Census Tract 1010.01",1406,261,1145
1960,25025101002,"Census Tract 1010.02",1280,238,1042
1960,25025101101,"Census Tract 1011.01",1266,363,903
1960,25025101102,"Census Tract 1011.02",1727,487,1240
1960,25025110104,"Census Tract 1101.04",715,241,474
1960,25025110105,"Census Tract 1101.05",811,278,533
1960,25025110106,"Census Tract 1101.06",472,162,310
1960,25025110201,"Census Tract 1102.01",406,132,274
1960,25025110301,"Census Tract 1103.01",740,153,587
1960,25025110401,"Census Tract 1104.01",1036,226,810
1960,25025110403,"Census Tract 1104.03",1207,260,947
1960,25025110501,"Census Tract 1105.01",1249,336,913
1960,25025110502,"Census Tract 1105.02",1374,370,1004
1960,25025110601,"Census Tract 1106.01",862,187,675
1960,25025110607,"Census Tract 1106.07",1955,425,1530
1960,25025120103,"Census Tract 1201.03",535,122,413
1960,25025120104,"Census Tract 1201.04",800,182,618
1960,25025120105,"Census Tract 1201.05",861,196,665
1960,25025120201,"Census Tract 1202.01",1261,537,724
1960,25025120301,"Census Tract 1203.01",1863,642,1221
1960,25025120400,"Census Tract 1204",2319,911,1408
1960,25025120500,"Census Tract 1205",929,396,533
1960,25025120600,"Census Tract 1206",1044,423,621
1960,25025120700,"Census Tract 1207",701,207,494
1960,25025130101,"Census Tract 1301.01",1791,196,1595
1960,25025130200,"Census Tract 1302",1728,253,1475
1960,25025130300,"Census Tract 1303",1587,288,1299
1960,25025130402,"Census Tract 1304.02",1078,168,910
1960,25025130404,"Census Tract 1304.04",542,84,458
1960,25025130406,"Census Tract 1304.06",956,177,779
1960,25025140102,"Census Tract 1401.02",944,208,736
1960,25025140105,"Census Tract 1401.05",788,174,614
1960,25025140106,"Census Tract 1401.06",509,112,397
1960,25025140107,"Census Tract 1401.07",581,128,453
1960,25025140201,"Census Tract 1402.01",616,121,495
1960,25025140202,"Census Tract 1402.02",1626,320,1306
1960,25025140300,"Census Tract 1403",1743,515,1228
1960,25025140400,"Census Tract 1404",1809,356,1453
1960,25025980300,"Census Tract 9803",,,
1960,25025980700,"Census Tract 9807",,,
1960,25025980900,"Census Tract 9809",,,
1960,25025981000,"Census Tract 9810",,,
1960,25025981100,"Census Tract 9811",25,9,16
1960,25025981201,"Census Tract 9812.01",,,
1960,25025981202,"Census Tract 9812.02",,,
1960,25025981300,"Census Tract 9813",,,
1960,25025981501,"Census Tract 9815.01",,,
1960,25025981502,"Census Tract 9815.02",,,
1960,25025981600,"Census Tract 9816",,,
1960,25025981700,"Census Tract 9817",,,
1960,25025981800,"Census Tract 9818",,,
1960,25025981900,"Census Tract 9819",,,
1970,25025000101,"Census Tract 1.01",586,163,423
1970,25025000102,"Census Tract 1.02",689,191,498
1970,25025000201,"Census Tract 2.01",1452,402,1050
1970,25025000202,"Census Tract 2.02",1506,417,1089
1970,25025000301,"Census Tract 3.01",1070,165,905
1970,25025000302,"Census Tract 3.02",1058,163,895
1970,25025000401,"Census Tract 4.01",1936,584,1352
1970,25025000402,"Census Tract 4.02",1199,362,837
1970,25025000502,"Census Tract 5.02",1727,754,973
1970,25025000503,"Census Tract 5.03",743,324,419
1970,25025000505,"Census Tract 5.05",650,284,366
1970,25025000506,"Census Tract 5.06",869,379,490
1970,25025000601,"Census Tract 6.01",1483,579,904
1970,25025000603,"Census Tract 6.03",755,294,461
1970,25025000604,"Census Tract 6.04",1231,481,750
1970,25025000701,"Census Tract 7.01",1942,835,1107
1970,25025000703,"Census Tract 7.03",1054,453,601
1970,25025000704,"Census Tract 7.04",2129,916,1213
1970,25025000804,"Census Tract 8.04",708,296,412
1970,25025000805,"Census Tract 8.05",876,366,510
1970,25025000806,"Census Tract 8.06",412,172,240
1970,25025000807,"Census Tract 8.07",376,157,219
1970,25025010103,"Census Tract 101.03",855,511,344
1970,25025010104,"Census Tract 101.04",1280,764,516
1970,25025010204,"Census Tract 102.04",1617,1008,609
1970,25025010205,"Census Tract 102.05",1258,784,474
1970,25025010206,"Census Tract 102.06",931,580,351
1970,25025010300,"Census Tract 103",822,517,305
1970,25025010403,"Census Tract 104.03",1028,772,256
1970,25025010404,"Census Tract 104.04",1347,1012,335
1970,25025010405,"Census Tract 104.05",1754,1318,436
1970,25025010408,"Census Tract 104.08",724,451,273
1970,25025010500,"Census Tract 105",1145,860,285
1970,25025010600,"Census Tract 106",1131,590,541
1970,25025010701,"Census Tract 107.01",1911,1134,777
1970,25025010702,"Census Tract 107.02",1836,1089,747
1970,25025010801,"Census Tract 108.01",1544,843,701
1970,25025010802,"Census Tract 108.02",1608,878,730
1970,25025020101,"Census Tract 201.01",3186,1714,1472
1970,25025020200,"Census Tract 202",2311,1604,707
1970,25025020301,"Census Tract 203.01",992,564,428
1970,25025020302,"Census Tract 203.02",615,345,270
1970,25025020304,"Census Tract 203.04",57,32,25
1970,25025020305,"Census Tract 203.05",752,422,330
1970,25025030100,"Census Tract 301",1194,771,423
1970,25025030200,"Census Tract 302",712,528,184
1970,25025030301,"Census Tract 303.01",187,105,82
1970,25025030302,"Census Tract 303.02",202,116,86
1970,25025030400,"Census Tract 304",1443,948,495
1970,25025030500,"Census Tract 305",737,462,275
1970,25025040100,"Census Tract 401",564,198,366
1970,25025040200,"Census Tract 402",705,437,268
1970,25025040300,"Census Tract 403",1599,796,803
1970,25025040401,"Census Tract 404.01",632,304,328
1970,25025040600,"Census Tract 406",795,259,536
1970,25025040801,"Census Tract 408.01",552,370,182
1970,25025050101,"Census Tract 501.01",1226,527,699
1970,25025050200,"Census Tract 502",1498,682,816
1970,25025050300,"Census Tract 503",617,474,143
1970,25025050400,"Census Tract 504",687,406,281
1970,25025050500,"Census Tract 505",582,324,258
1970,25025050600,"Census Tract 506",613,305,308
1970,25025050700,"Census Tract 507",1461,886,575
1970,25025050901,"Census Tract 509.01",1382,582,800
1970,25025051000,"Census Tract 510",1611,502,1109
1970,25025051101,"Census Tract 511.01",2144,746,1398
1970,25025051200,"Census Tract 512",1011,500,511
1970,25025060101,"Census Tract 601.01",1546,716,830
1970,25025060200,"Census Tract 602",912,341,571
1970,25025060301,"Census Tract 603.01",1372,570,802
1970,25025060400,"Census Tract 604",2007,928,1079
1970,25025060501,"Census Tract 605.01",1574,924,650
1970,25025060601,"Census Tract 606.01",301,228,73
1970,25025060602,"Census Tract 606.02",20,15,5
1970,25025060603,"Census Tract 606.03",13,10,3
1970,25025060604,"Census Tract 606.04",43,33,10
1970,25025060700,"Census Tract 607",1042,841,201
1970,25025060800,"Census Tract 608",1378,841,537
1970,25025061000,"Census Tract 610",1319,935,384
1970,25025061101,"Census Tract 611.01",853,616,237
1970,25025061201,"Census Tract 612.01",840,492,348
1970,25025061202,"Census Tract 612.02",,,
1970,25025061203,"Census Tract 612.03",169,113,56
1970,25025061204,"Census Tract 612.04",32,22,10
1970,25025070102,"Census Tract 701.02",320,260,60
1970,25025070103,"Census Tract 701.03",22,18,4
1970,25025070104,"Census Tract 701.04",122,99,23
1970,25025070201,"Census Tract 702.01",203,144,59
1970,25025070202,"Census Tract 702.02",659,502,157
1970,25025070301,"Census Tract 703.01",926,643,283
1970,25025070302,"Census Tract 703.02",561,390,171
1970,25025070402,"Census Tract 704.02",607,443,164
1970,25025070501,"Census Tract 705.01",656,496,160
1970,25025070502,"Census Tract 705.02",1185,897,288
1970,25025070600,"Census Tract 706",776,415,361
1970,25025070700,"Census Tract 707",272,173,99
1970,25025070801,"Census Tract 708.01",294,237,57
1970,25025070802,"Census Tract 708.02",821,661,160
1970,25025070901,"Census Tract 709.01",347,242,105
1970,25025070902,"Census Tract 709.02",586,409,177
1970,25025071101,"Census Tract 711.01",1013,747,266
1970,25025071201,"Census Tract 712.01",732,641,91
1970,25025080100,"Census Tract 801",789,503,286
1970,25025080300,"Census Tract 803",968,750,218
1970,25025080401,"Census Tract 804.01",699,609,90
1970,25025080500,"Census Tract 805",612,527,85
1970,25025080601,"Census Tract 806.01",571,456,115
1970,25025080801,"Census Tract 808.01",1526,1177,349
1970,25025080900,"Census Tract 809",1324,648,676
1970,25025081001,"Census Tract 810.01",1918,940,978
1970,25025081101,"Census Tract 811.01",318,141,177
1970,25025081102,"Census Tract 811.02",677,318,359
1970,25025081200,"Census Tract 812",1371,1104,267
1970,25025081301,"Census Tract 813.01",546,343,203
1970,25025081302,"Census Tract 813.02",764,479,285
1970,25025081400,"Census Tract 814",1112,660,452
1970,25025081500,"Census Tract 815",802,467,335
1970,25025081700,"Census Tract 817",1468,952,516
1970,25025081800,"Census Tract 818",1218,796,422
1970,25025081900,"Census Tract 819",1415,797,618
1970,25025082000,"Census Tract 820",1048,619,429
1970,25025082100,"Census Tract 821",2016,1304,712
1970,25025090100,"Census Tract 901",1932,1062,870
1970,25025090200,"Census Tract 902",785,485,300
1970,25025090300,"Census Tract 903",990,662,328
1970,25025090400,"Census Tract 904",1306,763,543
1970,25025090600,"Census Tract 906",816,546,270
1970,25025090700,"Census Tract 907",1672,778,894
1970,25025090901,"Census Tract 909.01",1207,1067,140
1970,25025091001,"Census Tract 910.01",1165,447,718
1970,25025091100,"Census Tract 911",1852,702,1150
1970,25025091200,"Census Tract 912",1301,568,733
1970,25025091300,"Census Tract 913",836,519,317
1970,25025091400,"Census Tract 914",962,604,358
1970,25025091500,"Census Tract 915",1658,822,836
1970,25025091600,"Census Tract 916",1095,462,633
1970,25025091700,"Census Tract 917",1092,471,621
1970,25025091800,"Census Tract 918",1293,485,808
1970,25025091900,"Census Tract 919",1399,712,687
1970,25025092000,"Census Tract 920",1805,675,1130
1970,25025092101,"Census Tract 921.01",2256,932,1324
1970,25025092200,"Census Tract 922",1238,393,845
1970,25025092300,"Census Tract 923",1110,541,569
1970,25025092400,"Census Tract 924",2195,1296,899
1970,25025100100,"Census Tract 1001",2276,1456,820
1970,25025100200,"Census Tract 1002",1266,690,576
1970,25025100300,"Census Tract 1003",1384,557,827
1970,25025100400,"Census Tract 1004",1675,435,1240
1970,25025100500,"Census Tract 1005",2244,983,1261
1970,25025100601,"Census Tract 1006.01",2046,700,1346
1970,25025100603,"Census Tract 1006.03",785,269,516
1970,25025100700,"Census Tract 1007",1654,387,1267
1970,25025100800,"Census Tract 1008",2040,659,1381
1970,25025100900,"Census Tract 1009",1403,395,1008
1970,25025101001,"Census Tract 1010.01",2015,505,1510
1970,25025101002,"Census Tract 1010.02",1827,459,1368
1970,25025101101,"Census Tract 1011.01",1271,484,787
1970,25025101102,"Census Tract 1011.02",1730,655,1075
1970,25025110104,"Census Tract 1101.04",749,296,453
1970,25025110105,"Census Tract 1101.05",851,344,507
1970,25025110106,"Census Tract 1101.06",494,200,294
1970,25025110201,"Census Tract 1102.01",818,277,541
1970,25025110301,"Census Tract 1103.01",882,171,711
1970,25025110401,"Census Tract 1104.01",1129,294,835
1970,25025110403,"Census Tract 1104.03",1324,345,979
1970,25025110501,"Census Tract 1105.01",1330,391,939
1970,25025110502,"Census Tract 1105.02",1461,429,1032
1970,25025110601,"Census Tract 1106.01",878,169,709
1970,25025110607,"Census Tract 1106.07",1994,384,1610
1970,25025120103,"Census Tract 1201.03",576,166,410
1970,25025120104,"Census Tract 1201.04",862,249,613
1970,25025120105,"Census Tract 1201.05",929,268,661
1970,25025120201,"Census Tract 1202.01",1464,547,917
1970,25025120301,"Census Tract 1203.01",1643,873,770
1970,25025120400,"Census Tract 1204",2400,1011,1389
1970,25025120500,"Census Tract 1205",795,417,378
1970,25025120600,"Census Tract 1206",1120,516,604
1970,25025120700,"Census Tract 1207",943,268,675
1970,25025130101,"Census Tract 1301.01",1882,218,1664
1970,25025130200,"Census Tract 1302",1889,259,1630
1970,25025130300,"Census Tract 1303",1711,253,1458
1970,25025130402,"Census Tract 1304.02",1783,325,1458
1970,25025130404,"Census Tract 1304.04",911,167,744
1970,25025130406,"Census Tract 1304.06",1551,285,1266
1970,25025140102,"Census Tract 1401.02",1503,351,1152
1970,25025140105,"Census Tract 1401.05",1255,293,962
1970,25025140106,"Census Tract 1401.06",811,189,622
1970,25025140107,"Census Tract 1401.07",924,216,708
1970,25025140201,"Census Tract 1402.01",765,142,623
1970,25025140202,"Census Tract 1402.02",2016,376,1640
1970,25025140300,"Census Tract 1403",1959,534,1425
1970,25025140400,"Census Tract 1404",2382,444,1938
1970,25025980300,"Census Tract 9803",,,
1970,25025980700,"Census Tract 9807",,,
1970,25025980900,"Census Tract 9809",,,
1970,25025981000,"Census Tract 9810",,,
1970,25025981100,"Census Tract 9811",26,11,15
1970,25025981201,"Census Tract 9812.01",,,
1970,25025981202,"Census Tract 9812.02",,,
1970,25025981300,"Census Tract 9813",,,
1970,25025981501,"Census Tract 9815.01",,,
1970,25025981502,"Census Tract 9815.02",,,
1970,25025981600,"Census Tract 9816",,,
1970,25025981700,"Census Tract 9817",,,
1970,25025981800,"Census Tract 9818",,,
1970,25025981900,"Census Tract 9819",,,
1980,25025000101,"Census Tract 1.01",689,161,528
1980,25025000102,"Census Tract 1.02",810,189,621
1980,25025000201,"Census Tract 2.01",1489,401,1088
1980,25025000202,"Census Tract 2.02",1465,465,1000
1980,25025000301,"Census Tract 3.01",1201,163,1038
1980,25025000302,"Census Tract 3.02",1190,161,1029
1980,25025000401,"Census Tract 4.01",2544,930,1614
1980,25025000402,"Census Tract 4.02",1575,576,999
1980,25025000502,"Census Tract 5.02",2261,981,1280
1980,25025000503,"Census Tract 5.03",971,421,550
1980,25025000505,"Census Tract 5.05",853,370,483
1980,25025000506,"Census Tract 5.06",1138,494,644
1980,25025000601,"Census Tract 6.01",1302,403,899
1980,25025000603,"Census Tract 6.03",743,389,354
1980,25025000604,"Census Tract 6.04",1211,634,577
1980,25025000701,"Census Tract 7.01",2189,957,1232
1980,25025000703,"Census Tract 7.03",1097,510,587
1980,25025000704,"Census Tract 7.04",2219,1030,1189
1980,25025000804,"Census Tract 8.04",949,342,607
1980,25025000805,"Census Tract 8.05",1173,423,750
1980,25025000806,"Census Tract 8.06",553,199,354
1980,25025000807,"Census Tract 8.07",504,182,322
1980,25025010103,"Census Tract 101.03",384,261,123
1980,25025010104,"Census Tract 101.04",1628,944,684
1980,25025010204,"Census Tract 102.04",1594,1029,565
1980,25025010205,"Census Tract 102.05",1240,800,440
1980,25025010206,"Census Tract 102.06",917,592,325
1980,25025010300,"Census Tract 103",460,350,110
1980,25025010403,"Census Tract 104.03",1019,710,309
1980,25025010404,"Census Tract 104.04",1334,930,404
1980,25025010405,"Census Tract 104.05",1738,1212,526
1980,25025010408,"Census Tract 104.08",712,460,252
1980,25025010500,"Census Tract 105",1325,817,508
1980,25025010600,"Census Tract 106",1474,850,624
1980,25025010701,"Census Tract 107.01",1724,951,773
1980,25025010702,"Census Tract 107.02",1657,914,743
1980,25025010801,"Census Tract 108.01",1891,934,957
1980,25025010802,"Census Tract 108.02",1972,973,999
1980,25025020101,"Census Tract 201.01",3037,1720,1317
1980,25025020200,"Census Tract 202",2137,1575,562
1980,25025020301,"Census Tract 203.01",1256,643,613
1980,25025020302,"Census Tract 203.02",790,397,393
1980,25025020304,"Census Tract 203.04",73,37,36
1980,25025020305,"Census Tract 203.05",967,486,481
1980,25025030100,"Census Tract 301",1092,686,406
1980,25025030200,"Census Tract 302",733,490,243
1980,25025030301,"Census Tract 303.01",622,329,293
1980,25025030302,"Census Tract 303.02",630,335,295
1980,25025030400,"Census Tract 304",1960,1131,829
1980,25025030500,"Census Tract 305",914,640,274
1980,25025040100,"Census Tract 401",588,189,399
1980,25025040200,"Census Tract 402",479,261,218
1980,25025040300,"Census Tract 403",1620,724,896
1980,25025040401,"Census Tract 404.01",1079,439,640
1980,25025040600,"Census Tract 406",883,306,577
1980,25025040801,"Census Tract 408.01",603,397,206
1980,25025050101,"Census Tract 501.01",1577,758,819
1980,25025050200,"Census Tract 502",1445,722,723
1980,25025050300,"Census Tract 503",807,620,187
1980,25025050400,"Census Tract 504",794,375,419
1980,25025050500,"Census Tract 505",560,203,357
1980,25025050600,"Census Tract 506",625,331,294
1980,25025050700,"Census Tract 507",1325,640,685
1980,25025050901,"Census Tract 509.01",1252,543,709
1980,25025051000,"Census Tract 510",1561,541,1020
1980,25025051101,"Census Tract 511.01",2010,482,1528
1980,25025051200,"Census Tract 512",1000,375,625
1980,25025060101,"Census Tract 601.01",1454,511,943
1980,25025060200,"Census Tract 602",917,243,674
1980,25025060301,"Census Tract 603.01",1456,638,818
1980,25025060400,"Census Tract 604",2174,964,1210
1980,25025060501,"Census Tract 605.01",1288,718,570
1980,25025060601,"Census Tract 606.01",235,143,92
1980,25025060602,"Census Tract 606.02",16,10,6
1980,25025060603,"Census Tract 606.03",10,6,4
1980,25025060604,"Census Tract 606.04",33,20,13
1980,25025060700,"Census Tract 607",650,525,125
1980,25025060800,"Census Tract 608",1418,920,498
1980,25025061000,"Census Tract 610",1207,857,350
1980,25025061101,"Census Tract 611.01",996,723,273
1980,25025061201,"Census Tract 612.01",597,362,235
1980,25025061202,"Census Tract 612.02",,,
1980,25025061203,"Census Tract 612.03",117,64,53
1980,25025061204,"Census Tract 612.04",22,12,10
1980,25025070102,"Census Tract 701.02",462,314,148
1980,25025070103,"Census Tract 701.03",31,21,10
1980,25025070104,"Census Tract 701.04",175,119,56
1980,25025070201,"Census Tract 702.01",388,278,110
1980,25025070202,"Census Tract 702.02",1112,780,332
1980,25025070301,"Census Tract 703.01",972,512,460
1980,25025070302,"Census Tract 703.02",596,316,280
1980,25025070402,"Census Tract 704.02",586,355,231
1980,25025070501,"Census Tract 705.01",775,440,335
1980,25025070502,"Census Tract 705.02",1398,794,604
1980,25025070600,"Census Tract 706",1278,595,683
1980,25025070700,"Census Tract 707",796,400,396
1980,25025070801,"Census Tract 708.01",423,260,163
1980,25025070802,"Census Tract 708.02",1182,725,457
1980,25025070901,"Census Tract 709.01",471,300,171
1980,25025070902,"Census Tract 709.02",796,505,291
1980,25025071101,"Census Tract 711.01",1318,698,620
1980,25025071201,"Census Tract 712.01",357,226,131
1980,25025080100,"Census Tract 801",605,314,291
1980,25025080300,"Census Tract 803",772,521,251
1980,25025080401,"Census Tract 804.01",987,704,283
1980,25025080500,"Census Tract 805",1225,840,385
1980,25025080601,"Census Tract 806.01",434,269,165
1980,25025080801,"Census Tract 808.01",810,571,239
1980,25025080900,"Census Tract 809",1434,617,817
1980,25025081001,"Census Tract 810.01",1996,983,1013
1980,25025081101,"Census Tract 811.01",332,139,193
1980,25025081102,"Census Tract 811.02",693,302,391
1980,25025081200,"Census Tract 812",1111,778,333
1980,25025081301,"Census Tract 813.01",639,380,259
1980,25025081302,"Census Tract 813.02",894,532,362
1980,25025081400,"Census Tract 814",931,448,483
1980,25025081500,"Census Tract 815",753,343,410
1980,25025081700,"Census Tract 817",1316,685,631
1980,25025081800,"Census Tract 818",948,473,475
1980,25025081900,"Census Tract 819",1208,590,618
1980,25025082000,"Census Tract 820",1145,516,629
1980,25025082100,"Census Tract 821",2226,1473,753
1980,25025090100,"Census Tract 901",1597,739,858
1980,25025090200,"Census Tract 902",715,509,206
1980,25025090300,"Census Tract 903",1088,630,458
1980,25025090400,"Census Tract 904",907,498,409
1980,25025090600,"Census Tract 906",646,331,315
1980,25025090700,"Census Tract 907",1634,919,715
1980,25025090901,"Census Tract 909.01",355,279,76
1980,25025091001,"Census Tract 910.01",1055,402,653
1980,25025091100,"Census Tract 911",1670,571,1099
1980,25025091200,"Census Tract 912",1188,495,693
1980,25025091300,"Census Tract 913",661,336,325
1980,25025091400,"Census Tract 914",701,294,407
1980,25025091500,"Census Tract 915",1508,805,703
1980,25025091600,"Census Tract 916",935,380,555
1980,25025091700,"Census Tract 917",954,361,593
1980,25025091800,"Census Tract 918",982,414,568
1980,25025091900,"Census Tract 919",1097,521,576
1980,25025092000,"Census Tract 920",1475,658,817
1980,25025092101,"Census Tract 921.01",1997,755,1242
1980,25025092200,"Census Tract 922",1092,361,731
1980,25025092300,"Census Tract 923",855,408,447
1980,25025092400,"Census Tract 924",1907,1020,887
1980,25025100100,"Census Tract 1001",1375,705,670
1980,25025100200,"Census Tract 1002",709,325,384
1980,25025100300,"Census Tract 1003",1092,458,634
1980,25025100400,"Census Tract 1004",1723,542,1181
1980,25025100500,"Census Tract 1005",1825,755,1070
1980,25025100601,"Census Tract 1006.01",1908,484,1424
1980,25025100603,"Census Tract 1006.03",689,215,474
1980,25025100700,"Census Tract 1007",1889,583,1306
1980,25025100800,"Census Tract 1008",2148,687,1461
1980,25025100900,"Census Tract 1009",1414,425,989
1980,25025101001,"Census Tract 1010.01",2000,542,1458
1980,25025101002,"Census Tract 1010.02",1892,428,1464
1980,25025101101,"Census Tract 1011.01",953,254,699
1980,25025101102,"Census Tract 1011.02",1329,580,749
1980,25025110104,"Census Tract 1101.04",649,253,396
1980,25025110105,"Census Tract 1101.05",734,292,442
1980,25025110106,"Census Tract 1101.06",427,170,257
1980,25025110201,"Census Tract 1102.01",740,319,421
1980,25025110301,"Census Tract 1103.01",868,163,705
1980,25025110401,"Census Tract 1104.01",1097,326,771
1980,25025110403,"Census Tract 1104.03",1518,317,1201
1980,25025110501,"Census Tract 1105.01",1318,253,1065
1980,25025110502,"Census Tract 1105.02",1451,355,1096
1980,25025110601,"Census Tract 1106.01",953,74,879
1980,25025110607,"Census Tract 1106.07",1946,404,1542
1980,25025120103,"Census Tract 1201.03",590,143,447
1980,25025120104,"Census Tract 1201.04",883,214,669
1980,25025120105,"Census Tract 1201.05",952,231,721
1980,25025120201,"Census Tract 1202.01",1380,499,881
1980,25025120301,"Census Tract 1203.01",1564,638,926
1980,25025120400,"Census Tract 1204",2339,896,1443
1980,25025120500,"Census Tract 1205",681,331,350
1980,25025120600,"Census Tract 1206",957,331,626
1980,25025120700,"Census Tract 1207",943,285,658
1980,25025130101,"Census Tract 1301.01",2579,269,2310
1980,25025130200,"Census Tract 1302",1801,272,1529
1980,25025130300,"Census Tract 1303",1725,216,1509
1980,25025130402,"Census Tract 1304.02",2069,411,1658
1980,25025130404,"Census Tract 1304.04",1105,266,839
1980,25025130406,"Census Tract 1304.06",1881,453,1428
1980,25025140102,"Census Tract 1401.02",1388,145,1243
1980,25025140105,"Census Tract 1401.05",1215,322,893
1980,25025140106,"Census Tract 1401.06",785,208,577
1980,25025140107,"Census Tract 1401.07",895,237,658
1980,25025140201,"Census Tract 1402.01",779,103,676
1980,25025140202,"Census Tract 1402.02",2056,271,1785
1980,25025140300,"Census Tract 1403",1890,498,1392
1980,25025140400,"Census Tract 1404",2555,679,1876
1980,25025980300,"Census Tract 9803",,,
1980,25025980700,"Census Tract 9807",,,
1980,25025980900,"Census Tract 9809",,,
1980,25025981000,"Census Tract 9810",,,
1980,25025981100,"Census Tract 9811",,,
1980,25025981201,"Census Tract 9812.01",,,
1980,25025981202,"Census Tract 9812.02",,,
1980,25025981300,"Census Tract 9813",,,
1980,25025981501,"Census Tract 9815.01",,,
1980,25025981502,"Census Tract 9815.02",,,
1980,25025981600,"Census Tract 9816",,,
1980,25025981700,"Census Tract 9817",,,
1980,25025981800,"Census Tract 9818",,,
1980,25025981900,"Census Tract 9819",,,
1990,25025000101,"Census Tract 1.01",704,173,531
1990,25025000102,"Census Tract 1.02",823,202,621
1990,25025000201,"Census Tract 2.01",1487,234,1253
1990,25025000202,"Census Tract 2.02",1461,397,1064
1990,25025000301,"Census Tract 3.01",1219,172,1047
1990,25025000302,"Census Tract 3.02",1210,171,1039
1990,25025000401,"Census Tract 4.01",2861,1280,1581
1990,25025000402,"Census Tract 4.02",1245,209,1036
1990,25025000502,"Census Tract 5.02",2277,707,1570
1990,25025000503,"Census Tract 5.03",1230,449,781
1990,25025000505,"Census Tract 5.05",1078,394,684
1990,25025000506,"Census Tract 5.06",1438,525,913
1990,25025000601,"Census Tract 6.01",1330,306,1024
1990,25025000603,"Census Tract 6.03",728,330,398
1990,25025000604,"Census Tract 6.04",1191,540,651
1990,25025000701,"Census Tract 7.01",2170,851,1319
1990,25025000703,"Census Tract 7.03",1153,570,583
1990,25025000704,"Census Tract 7.04",2328,1152,1176
1990,25025000804,"Census Tract 8.04",1270,424,846
1990,25025000805,"Census Tract 8.05",1528,505,1023
1990,25025000806,"Census Tract 8.06",364,72,292
1990,25025000807,"Census Tract 8.07",333,66,267
1990,25025010103,"Census Tract 101.03",380,236,144
1990,25025010104,"Census Tract 101.04",1751,899,852
1990,25025010204,"Census Tract 102.04",1637,955,682
1990,25025010205,"Census Tract 102.05",1274,743,531
1990,25025010206,"Census Tract 102.06",942,549,393
1990,25025010300,"Census Tract 103",436,308,128
1990,25025010403,"Census Tract 104.03",1606,1093,513
1990,25025010404,"Census Tract 104.04",2107,1433,674
1990,25025010405,"Census Tract 104.05",976,717,259
1990,25025010408,"Census Tract 104.08",732,427,305
1990,25025010500,"Census Tract 105",1509,703,806
1990,25025010600,"Census Tract 106",1499,762,737
1990,25025010701,"Census Tract 107.01",1551,672,879
1990,25025010702,"Census Tract 107.02",1492,646,846
1990,25025010801,"Census Tract 108.01",1773,684,1089
1990,25025010802,"Census Tract 108.02",1846,713,1133
1990,25025020101,"Census Tract 201.01",2734,1465,1269
1990,25025020200,"Census Tract 202",2067,1254,813
1990,25025020301,"Census Tract 203.01",1167,604,563
1990,25025020302,"Census Tract 203.02",734,377,357
1990,25025020304,"Census Tract 203.04",68,35,33
1990,25025020305,"Census Tract 203.05",898,461,437
1990,25025030100,"Census Tract 301",1184,678,506
1990,25025030200,"Census Tract 302",925,523,402
1990,25025030301,"Census Tract 303.01",708,338,370
1990,25025030302,"Census Tract 303.02",718,345,373
1990,25025030400,"Census Tract 304",2152,1154,998
1990,25025030500,"Census Tract 305",1214,659,555
1990,25025040100,"Census Tract 401",1018,332,686
1990,25025040200,"Census Tract 402",625,269,356
1990,25025040300,"Census Tract 403",1756,511,1245
1990,25025040401,"Census Tract 404.01",948,292,656
1990,25025040600,"Census Tract 406",931,265,666
1990,25025040801,"Census Tract 408.01",1563,601,962
1990,25025050101,"Census Tract 501.01",1648,772,876
1990,25025050200,"Census Tract 502",1534,615,919
1990,25025050300,"Census Tract 503",739,567,172
1990,25025050400,"Census Tract 504",979,535,444
1990,25025050500,"Census Tract 505",642,292,350
1990,25025050600,"Census Tract 506",683,287,396
1990,25025050700,"Census Tract 507",1283,538,745
1990,25025050901,"Census Tract 509.01",1207,447,760
1990,25025051000,"Census Tract 510",1607,470,1137
1990,25025051101,"Census Tract 511.01",2049,720,1329
1990,25025051200,"Census Tract 512",1047,411,636
1990,25025060101,"Census Tract 601.01",1426,413,1013
1990,25025060200,"Census Tract 602",928,207,721
1990,25025060301,"Census Tract 603.01",1458,437,1021
1990,25025060400,"Census Tract 604",2205,851,1354
1990,25025060501,"Census Tract 605.01",1451,536,915
1990,25025060601,"Census Tract 606.01",389,136,253
1990,25025060602,"Census Tract 606.02",27,9,18
1990,25025060603,"Census Tract 606.03",17,6,11
1990,25025060604,"Census Tract 606.04",56,20,36
1990,25025060700,"Census Tract 607",514,351,163
1990,25025060800,"Census Tract 608",1468,674,794
1990,25025061000,"Census Tract 610",1194,811,383
1990,25025061101,"Census Tract 611.01",1001,711,290
1990,25025061201,"Census Tract 612.01",668,203,465
1990,25025061202,"Census Tract 612.02",,,
1990,25025061203,"Census Tract 612.03",222,49,173
1990,25025061204,"Census Tract 612.04",42,9,33
1990,25025070102,"Census Tract 701.02",489,385,104
1990,25025070103,"Census Tract 701.03",34,27,7
1990,25025070104,"Census Tract 701.04",185,146,39
1990,25025070201,"Census Tract 702.01",414,293,121
1990,25025070202,"Census Tract 702.02",1183,877,306
1990,25025070301,"Census Tract 703.01",1094,471,623
1990,25025070302,"Census Tract 703.02",675,291,384
1990,25025070402,"Census Tract 704.02",529,349,180
1990,25025070501,"Census Tract 705.01",908,458,450
1990,25025070502,"Census Tract 705.02",1639,828,811
1990,25025070600,"Census Tract 706",1298,497,801
1990,25025070700,"Census Tract 707",1056,418,638
1990,25025070801,"Census Tract 708.01",467,218,249
1990,25025070802,"Census Tract 708.02",1306,608,698
1990,25025070901,"Census Tract 709.01",499,226,273
1990,25025070902,"Census Tract 709.02",844,382,462
1990,25025071101,"Census Tract 711.01",1369,825,544
1990,25025071201,"Census Tract 712.01",545,352,193
1990,25025080100,"Census Tract 801",569,267,302
1990,25025080300,"Census Tract 803",674,370,304
1990,25025080401,"Census Tract 804.01",1147,785,362
1990,25025080500,"Census Tract 805",1294,826,468
1990,25025080601,"Census Tract 806.01",698,453,245
1990,25025080801,"Census Tract 808.01",1164,785,379
1990,25025080900,"Census Tract 809",1399,592,807
1990,25025081001,"Census Tract 810.01",2151,1149,1002
1990,25025081101,"Census Tract 811.01",428,185,243
1990,25025081102,"Census Tract 811.02",878,382,496
1990,25025081200,"Census Tract 812",945,475,470
1990,25025081301,"Census Tract 813.01",696,436,260
1990,25025081302,"Census Tract 813.02",974,610,364
1990,25025081400,"Census Tract 814",965,292,673
1990,25025081500,"Census Tract 815",763,330,433
1990,25025081700,"Census Tract 817",1425,736,689
1990,25025081800,"Census Tract 818",1171,667,504
1990,25025081900,"Census Tract 819",1153,501,652
1990,25025082000,"Census Tract 820",1139,496,643
1990,25025082100,"Census Tract 821",1852,1217,635
1990,25025090100,"Census Tract 901",1450,686,764
1990,25025090200,"Census Tract 902",689,440,249
1990,25025090300,"Census Tract 903",930,333,597
1990,25025090400,"Census Tract 904",829,399,430
1990,25025090600,"Census Tract 906",582,302,280
1990,25025090700,"Census Tract 907",1791,630,1161
1990,25025090901,"Census Tract 909.01",861,365,496
1990,25025091001,"Census Tract 910.01",1127,443,684
1990,25025091100,"Census Tract 911",1688,475,1213
1990,25025091200,"Census Tract 912",1166,389,777
1990,25025091300,"Census Tract 913",651,216,435
1990,25025091400,"Census Tract 914",665,205,460
1990,25025091500,"Census Tract 915",1371,572,799
1990,25025091600,"Census Tract 916",1052,441,611
1990,25025091700,"Census Tract 917",910,382,528
1990,25025091800,"Census Tract 918",900,349,551
1990,25025091900,"Census Tract 919",1232,554,678
1990,25025092000,"Census Tract 920",1425,625,800
1990,25025092101,"Census Tract 921.01",2096,598,1498
1990,25025092200,"Census Tract 922",1071,301,770
1990,25025092300,"Census Tract 923",998,561,437
1990,25025092400,"Census Tract 924",1865,932,933
1990,25025100100,"Census Tract 1001",1465,677,788
1990,25025100200,"Census Tract 1002",824,322,502
1990,25025100300,"Census Tract 1003",1018,334,684
1990,25025100400,"Census Tract 1004",1677,448,1229
1990,25025100500,"Census Tract 1005",2004,630,1374
1990,25025100601,"Census Tract 1006.01",1955,437,1518
1990,25025100603,"Census Tract 1006.03",717,178,539
1990,25025100700,"Census Tract 1007",1879,376,1503
1990,25025100800,"Census Tract 1008",2268,679,1589
1990,25025100900,"Census Tract 1009",1427,312,1115
1990,25025101001,"Census Tract 1010.01",2041,476,1565
1990,25025101002,"Census Tract 1010.02",1812,488,1324
1990,25025101101,"Census Tract 1011.01",1019,376,643
1990,25025101102,"Census Tract 1011.02",1439,399,1040
1990,25025110104,"Census Tract 1101.04",702,222,480
1990,25025110105,"Census Tract 1101.05",797,256,541
1990,25025110106,"Census Tract 1101.06",465,149,316
1990,25025110201,"Census Tract 1102.01",734,226,508
1990,25025110301,"Census Tract 1103.01",851,166,685
1990,25025110401,"Census Tract 1104.01",1234,237,997
1990,25025110403,"Census Tract 1104.03",1588,307,1281
1990,25025110501,"Census Tract 1105.01",1266,117,1149
1990,25025110502,"Census Tract 1105.02",1520,322,1198
1990,25025110601,"Census Tract 1106.01",974,52,922
1990,25025110607,"Census Tract 1106.07",1890,362,1528
1990,25025120103,"Census Tract 1201.03",640,90,550
1990,25025120104,"Census Tract 1201.04",958,135,823
1990,25025120105,"Census Tract 1201.05",1033,146,887
1990,25025120201,"Census Tract 1202.01",1635,582,1053
1990,25025120301,"Census Tract 1203.01",1580,579,1001
1990,25025120400,"Census Tract 1204",2490,692,1798
1990,25025120500,"Census Tract 1205",719,306,413
1990,25025120600,"Census Tract 1206",1007,252,755
1990,25025120700,"Census Tract 1207",898,167,731
1990,25025130101,"Census Tract 1301.01",2542,165,2377
1990,25025130200,"Census Tract 1302",1854,262,1592
1990,25025130300,"Census Tract 1303",1729,244,1485
1990,25025130402,"Census Tract 1304.02",2122,373,1749
1990,25025130404,"Census Tract 1304.04",1197,268,929
1990,25025130406,"Census Tract 1304.06",2040,457,1583
1990,25025140102,"Census Tract 1401.02",1482,186,1296
1990,25025140105,"Census Tract 1401.05",1304,314,990
1990,25025140106,"Census Tract 1401.06",844,203,641
1990,25025140107,"Census Tract 1401.07",960,231,729
1990,25025140201,"Census Tract 1402.01",791,98,693
1990,25025140202,"Census Tract 1402.02",2085,257,1828
1990,25025140300,"Census Tract 1403",2147,729,1418
1990,25025140400,"Census Tract 1404",2637,353,2284
1990,25025980300,"Census Tract 9803",,,
1990,25025980700,"Census Tract 9807",,,
1990,25025980900,"Census Tract 9809",,,
1990,25025981000,"Census Tract 9810",,,
1990,25025981100,"Census Tract 9811",3,2,1
1990,25025981201,"Census Tract 9812.01",,,
1990,25025981202,"Census Tract 9812.02",,,
1990,25025981300,"Census Tract 9813",,,
1990,25025981501,"Census Tract 9815.01",,,
1990,25025981502,"Census Tract 9815.02",,,
1990,25025981600,"Census Tract 9816",,,
1990,25025981700,"Census Tract 9817",,,
1990,25025981800,"Census Tract 9818",,,
1990,25025981900,"Census Tract 9819",,,
2000,25025000101,"Census Tract 1.01",703,138,565
2000,25025000102,"Census Tract 1.02",860,168,692
2000,25025000201,"Census Tract 2.01",1543,179,1364
2000,25025000202,"Census Tract 2.02",1494,311,1183
2000,25025000301,"Census Tract 3.01",1132,161,971
2000,25025000302,"Census Tract 3.02",1315,47,1268
2000,25025000401,"Census Tract 4.01",2939,1228,1711
2000,25025000402,"Census Tract 4.02",1398,256,1142
2000,25025000502,"Census Tract 5.02",1955,724,1231
2000,25025000503,"Census Tract 5.03",1401,545,856
2000,25025000505,"Census Tract 5.05",1102,428,674
2000,25025000506,"Census Tract 5.06",1497,582,915
2000,25025000601,"Census Tract 6.01",1387,285,1102
2000,25025000603,"Census Tract 6.03",971,430,541
2000,25025000604,"Census Tract 6.04",1168,518,650
2000,25025000701,"Census Tract 7.01",2348,929,1419
2000,25025000703,"Census Tract 7.03",1217,576,641
2000,25025000704,"Census Tract 7.04",2434,1152,1282
2000,25025000804,"Census Tract 8.04",1333,463,870
2000,25025000805,"Census Tract 8.05",1660,577,1083
2000,25025000806,"Census Tract 8.06",325,102,223
2000,25025000807,"Census Tract 8.07",322,101,221
2000,25025010103,"Census Tract 101.03",402,185,217
2000,25025010104,"Census Tract 101.04",1938,1013,925
2000,25025010204,"Census Tract 102.04",1245,757,488
2000,25025010205,"Census Tract 102.05",1597,972,625
2000,25025010206,"Census Tract 102.06",1043,636,407
2000,25025010300,"Census Tract 103",658,433,225
2000,25025010403,"Census Tract 104.03",1170,789,381
2000,25025010404,"Census Tract 104.04",2570,1731,839
2000,25025010405,"Census Tract 104.05",1013,748,265
2000,25025010408,"Census Tract 104.08",878,534,344
2000,25025010500,"Census Tract 105",1614,892,722
2000,25025010600,"Census Tract 106",1672,650,1022
2000,25025010701,"Census Tract 107.01",1448,506,942
2000,25025010702,"Census Tract 107.02",1657,580,1077
2000,25025010801,"Census Tract 108.01",1847,713,1134
2000,25025010802,"Census Tract 108.02",1816,702,1114
2000,25025020101,"Census Tract 201.01",2666,1209,1457
2000,25025020200,"Census Tract 202",2299,1200,1099
2000,25025020301,"Census Tract 203.01",997,512,485
2000,25025020302,"Census Tract 203.02",655,336,319
2000,25025020304,"Census Tract 203.04",72,37,35
2000,25025020305,"Census Tract 203.05",1389,712,677
2000,25025030100,"Census Tract 301",1220,729,491
2000,25025030200,"Census Tract 302",1012,602,410
2000,25025030301,"Census Tract 303.01",667,282,385
2000,25025030302,"Census Tract 303.02",794,336,458
2000,25025030400,"Census Tract 304",2256,1146,1110
2000,25025030500,"Census Tract 305",1359,615,744
2000,25025040100,"Census Tract 401",1076,251,825
2000,25025040200,"Census Tract 402",660,218,442
2000,25025040300,"Census Tract 403",1862,349,1513
2000,25025040401,"Census Tract 404.01",1010,283,727
2000,25025040600,"Census Tract 406",1028,199,829
2000,25025040801,"Census Tract 408.01",1714,648,1066
2000,25025050101,"Census Tract 501.01",1716,636,1080
2000,25025050200,"Census Tract 502",1617,711,906
2000,25025050300,"Census Tract 503",806,553,253
2000,25025050400,"Census Tract 504",969,407,562
2000,25025050500,"Census Tract 505",631,265,366
2000,25025050600,"Census Tract 506",767,386,381
2000,25025050700,"Census Tract 507",1433,724,709
2000,25025050901,"Census Tract 509.01",1326,537,789
2000,25025051000,"Census Tract 510",1667,555,1112
2000,25025051101,"Census Tract 511.01",2176,613,1563
2000,25025051200,"Census Tract 512",1218,438,780
2000,25025060101,"Census Tract 601.01",1516,259,1257
2000,25025060200,"Census Tract 602",940,186,754
2000,25025060301,"Census Tract 603.01",1505,414,1091
2000,25025060400,"Census Tract 604",2332,616,1716
2000,25025060501,"Census Tract 605.01",1573,441,1132
2000,25025060601,"Census Tract 606.01",516,172,344
2000,25025060602,"Census Tract 606.02",32,11,21
2000,25025060603,"Census Tract 606.03",,,
2000,25025060604,"Census Tract 606.04",144,48,96
2000,25025060700,"Census Tract 607",498,366,132
2000,25025060800,"Census Tract 608",1740,471,1269
2000,25025061000,"Census Tract 610",1327,664,663
2000,25025061101,"Census Tract 611.01",945,606,339
2000,25025061201,"Census Tract 612.01",732,178,554
2000,25025061202,"Census Tract 612.02",,,
2000,25025061203,"Census Tract 612.03",192,47,145
2000,25025061204,"Census Tract 612.04",37,9,28
2000,25025070102,"Census Tract 701.02",751,557,194
2000,25025070103,"Census Tract 701.03",,,
2000,25025070104,"Census Tract 701.04",355,246,109
2000,25025070201,"Census Tract 702.01",662,451,211
2000,25025070202,"Census Tract 702.02",1118,786,332
2000,25025070301,"Census Tract 703.01",1259,429,830
2000,25025070302,"Census Tract 703.02",891,304,587
2000,25025070402,"Census Tract 704.02",632,458,174
2000,25025070501,"Census Tract 705.01",997,417,580
2000,25025070502,"Census Tract 705.02",1767,739,1028
2000,25025070600,"Census Tract 706",1275,333,942
2000,25025070700,"Census Tract 707",1171,337,834
2000,25025070801,"Census Tract 708.01",579,249,330
2000,25025070802,"Census Tract 708.02",1486,639,847
2000,25025070901,"Census Tract 709.01",493,228,265
2000,25025070902,"Census Tract 709.02",1040,479,561
2000,25025071101,"Census Tract 711.01",1733,793,940
2000,25025071201,"Census Tract 712.01",454,258,196
2000,25025080100,"Census Tract 801",609,210,399
2000,25025080300,"Census Tract 803",596,262,334
2000,25025080401,"Census Tract 804.01",857,444,413
2000,25025080500,"Census Tract 805",1045,578,467
2000,25025080601,"Census Tract 806.01",948,592,356
2000,25025080801,"Census Tract 808.01",708,357,351
2000,25025080900,"Census Tract 809",1508,673,835
2000,25025081001,"Census Tract 810.01",2251,1124,1127
2000,25025081101,"Census Tract 811.01",438,188,250
2000,25025081102,"Census Tract 811.02",989,426,563
2000,25025081200,"Census Tract 812",929,401,528
2000,25025081301,"Census Tract 813.01",716,390,326
2000,25025081302,"Census Tract 813.02",880,480,400
2000,25025081400,"Census Tract 814",991,321,670
2000,25025081500,"Census Tract 815",589,119,470
2000,25025081700,"Census Tract 817",1430,520,910
2000,25025081800,"Census Tract 818",1100,464,636
2000,25025081900,"Census Tract 819",1211,431,780
2000,25025082000,"Census Tract 820",1103,471,632
2000,25025082100,"Census Tract 821",1712,885,827
2000,25025090100,"Census Tract 901",1607,576,1031
2000,25025090200,"Census Tract 902",666,348,318
2000,25025090300,"Census Tract 903",1068,556,512
2000,25025090400,"Census Tract 904",1012,369,643
2000,25025090600,"Census Tract 906",569,149,420
2000,25025090700,"Census Tract 907",1853,800,1053
2000,25025090901,"Census Tract 909.01",1295,461,834
2000,25025091001,"Census Tract 910.01",1201,343,858
2000,25025091100,"Census Tract 911",1757,615,1142
2000,25025091200,"Census Tract 912",1224,370,854
2000,25025091300,"Census Tract 913",633,249,384
2000,25025091400,"Census Tract 914",723,268,455
2000,25025091500,"Census Tract 915",1552,648,904
2000,25025091600,"Census Tract 916",1085,417,668
2000,25025091700,"Census Tract 917",957,321,636
2000,25025091800,"Census Tract 918",990,310,680
2000,25025091900,"Census Tract 919",1119,387,732
2000,25025092000,"Census Tract 920",1536,532,1004
2000,25025092101,"Census Tract 921.01",2278,610,1668
2000,25025092200,"Census Tract 922",1164,298,866
2000,25025092300,"Census Tract 923",956,406,550
2000,25025092400,"Census Tract 924",2139,1020,1119
2000,25025100100,"Census Tract 1001",1816,755,1061
2000,25025100200,"Census Tract 1002",865,187,678
2000,25025100300,"Census Tract 1003",1154,316,838
2000,25025100400,"Census Tract 1004",1772,462,1310
2000,25025100500,"Census Tract 1005",2198,645,1553
2000,25025100601,"Census Tract 1006.01",2065,496,1569
2000,25025100603,"Census Tract 1006.03",694,157,537
2000,25025100700,"Census Tract 1007",1905,381,1524
2000,25025100800,"Census Tract 1008",2382,482,1900
2000,25025100900,"Census Tract 1009",1548,268,1280
2000,25025101001,"Census Tract 1010.01",2183,509,1674
2000,25025101002,"Census Tract 1010.02",1896,426,1470
2000,25025101101,"Census Tract 1011.01",1087,369,718
2000,25025101102,"Census Tract 1011.02",1561,569,992
2000,25025110104,"Census Tract 1101.04",764,208,556
2000,25025110105,"Census Tract 1101.05",814,227,587
2000,25025110106,"Census Tract 1101.06",444,124,320
2000,25025110201,"Census Tract 1102.01",760,205,555
2000,25025110301,"Census Tract 1103.01",923,109,814
2000,25025110401,"Census Tract 1104.01",1267,222,1045
2000,25025110403,"Census Tract 1104.03",1661,295,1366
2000,25025110501,"Census Tract 1105.01",1308,177,1131
2000,25025110502,"Census Tract 1105.02",1633,353,1280
2000,25025110601,"Census Tract 1106.01",1004,90,914
2000,25025110607,"Census Tract 1106.07",2084,278,1806
2000,25025120103,"Census Tract 1201.03",600,36,564
2000,25025120104,"Census Tract 1201.04",1092,246,846
2000,25025120105,"Census Tract 1201.05",903,58,845
2000,25025120201,"Census Tract 1202.01",1613,422,1191
2000,25025120301,"Census Tract 1203.01",1639,468,1171
2000,25025120400,"Census Tract 1204",2616,614,2002
2000,25025120500,"Census Tract 1205",787,231,556
2000,25025120600,"Census Tract 1206",1034,204,830
2000,25025120700,"Census Tract 1207",961,222,739
2000,25025130101,"Census Tract 1301.01",2045,157,1888
2000,25025130200,"Census Tract 1302",1867,210,1657
2000,25025130300,"Census Tract 1303",1726,141,1585
2000,25025130402,"Census Tract 1304.02",2099,310,1789
2000,25025130404,"Census Tract 1304.04",1152,263,889
2000,25025130406,"Census Tract 1304.06",2147,489,1658
2000,25025140102,"Census Tract 1401.02",1553,193,1360
2000,25025140105,"Census Tract 1401.05",1230,124,1106
2000,25025140106,"Census Tract 1401.06",960,323,637
2000,25025140107,"Census Tract 1401.07",1008,339,669
2000,25025140201,"Census Tract 1402.01",896,106,790
2000,25025140202,"Census Tract 1402.02",1971,241,1730
2000,25025140300,"Census Tract 1403",2226,650,1576
2000,25025140400,"Census Tract 1404",2734,424,2310
2000,25025980300,"Census Tract 9803",,,
2000,25025980700,"Census Tract 9807",,,
2000,25025980900,"Census Tract 9809",,,
2000,25025981000,"Census Tract 9810",,,
2000,25025981100,"Census Tract 9811",61,17,44
2000,25025981201,"Census Tract 9812.01",,,
2000,25025981202,"Census Tract 9812.02",,,
2000,25025981300,"Census Tract 9813",,,
2000,25025981501,"Census Tract 9815.01",,,
2000,25025981502,"Census Tract 9815.02",,,
2000,25025981600,"Census Tract 9816",,,
2000,25025981700,"Census Tract 9817",,,
2000,25025981800,"Census Tract 9818",,,
2000,25025981900,"Census Tract 9819",,,
2010,25025000101,"Census Tract 1.01",608,113,495
2010,25025000102,"Census Tract 1.02",803,149,654
2010,25025000201,"Census Tract 2.01",1496,258,1238
2010,25025000202,"Census Tract 2.02",1504,264,1240
2010,25025000301,"Census Tract 3.01",949,51,898
2010,25025000302,"Census Tract 3.02",1238,128,1110
2010,25025000401,"Census Tract 4.01",2814,1104,1710
2010,25025000402,"Census Tract 4.02",1405,302,1103
2010,25025000502,"Census Tract 5.02",1660,548,1112
2010,25025000503,"Census Tract 5.03",1241,480,761
2010,25025000505,"Census Tract 5.05",1352,713,639
2010,25025000506,"Census Tract 5.06",1731,912,819
2010,25025000601,"Census Tract 6.01",1431,255,1176
2010,25025000603,"Census Tract 6.03",744,371,373
2010,25025000604,"Census Tract 6.04",1360,679,681
2010,25025000701,"Census Tract 7.01",2094,975,1119
2010,25025000703,"Census Tract 7.03",1233,927,306
2010,25025000704,"Census Tract 7.04",2371,1205,1166
2010,25025000804,"Census Tract 8.04",1398,610,788
2010,25025000805,"Census Tract 8.05",1601,699,902
2010,25025000806,"Census Tract 8.06",328,193,135
2010,25025000807,"Census Tract 8.07",368,216,152
2010,25025010103,"Census Tract 101.03",430,352,78
2010,25025010104,"Census Tract 101.04",1913,1197,716
2010,25025010204,"Census Tract 102.04",1013,650,363
2010,25025010205,"Census Tract 102.05",2186,1358,828
2010,25025010206,"Census Tract 102.06",911,566,345
2010,25025010300,"Census Tract 103",280,223,57
2010,25025010403,"Census Tract 104.03",1927,1447,480
2010,25025010404,"Census Tract 104.04",1710,1057,653
2010,25025010405,"Census Tract 104.05",968,744,224
2010,25025010408,"Census Tract 104.08",958,623,335
2010,25025010500,"Census Tract 105",1594,1034,560
2010,25025010600,"Census Tract 106",1761,900,861
2010,25025010701,"Census Tract 107.01",1398,598,800
2010,25025010702,"Census Tract 107.02",1552,630,922
2010,25025010801,"Census Tract 108.01",1539,398,1141
2010,25025010802,"Census Tract 108.02",1926,785,1141
2010,25025020101,"Census Tract 201.01",2533,1412,1121
2010,25025020200,"Census Tract 202",2227,1601,626
2010,25025020301,"Census Tract 203.01",1180,616,564
2010,25025020302,"Census Tract 203.02",676,340,336
2010,25025020304,"Census Tract 203.04",183,87,96
2010,25025020305,"Census Tract 203.05",1273,606,667
2010,25025030100,"Census Tract 301",1164,795,369
2010,25025030200,"Census Tract 302",1008,740,268
2010,25025030301,"Census Tract 303.01",669,373,296
2010,25025030302,"Census Tract 303.02",1137,634,503
2010,25025030400,"Census Tract 304",2205,1373,832
2010,25025030500,"Census Tract 305",1422,612,810
2010,25025040100,"Census Tract 401",1190,197,993
2010,25025040200,"Census Tract 402",677,199,478
2010,25025040300,"Census Tract 403",1994,461,1533
2010,25025040401,"Census Tract 404.01",1099,228,871
2010,25025040600,"Census Tract 406",1178,120,1058
2010,25025040801,"Census Tract 408.01",1726,669,1057
2010,25025050101,"Census Tract 501.01",1753,671,1082
2010,25025050200,"Census Tract 502",1715,554,1161
2010,25025050300,"Census Tract 503",1030,734,296
2010,25025050400,"Census Tract 504",935,393,542
2010,25025050500,"Census Tract 505",893,402,491
2010,25025050600,"Census Tract 506",694,335,359
2010,25025050700,"Census Tract 507",1473,536,937
2010,25025050901,"Census Tract 509.01",1351,492,859
2010,25025051000,"Census Tract 510",1688,424,1264
2010,25025051101,"Census Tract 511.01",2166,666,1500
2010,25025051200,"Census Tract 512",987,261,726
2010,25025060101,"Census Tract 601.01",1581,246,1335
2010,25025060200,"Census Tract 602",923,132,791
2010,25025060301,"Census Tract 603.01",1475,325,1150
2010,25025060400,"Census Tract 604",2284,434,1850
2010,25025060501,"Census Tract 605.01",1655,357,1298
2010,25025060601,"Census Tract 606.01",584,212,372
2010,25025060602,"Census Tract 606.02",33,12,21
2010,25025060603,"Census Tract 606.03",338,123,215
2010,25025060604,"Census Tract 606.04",182,66,116
2010,25025060700,"Census Tract 607",646,317,329
2010,25025060800,"Census Tract 608",1729,380,1349
2010,25025061000,"Census Tract 610",1280,648,632
2010,25025061101,"Census Tract 611.01",996,509,487
2010,25025061201,"Census Tract 612.01",797,204,593
2010,25025061202,"Census Tract 612.02",,,
2010,25025061203,"Census Tract 612.03",604,155,449
2010,25025061204,"Census Tract 612.04",279,71,208
2010,25025070102,"Census Tract 701.02",1176,683,493
2010,25025070103,"Census Tract 701.03",,,
2010,25025070104,"Census Tract 701.04",662,384,278
2010,25025070201,"Census Tract 702.01",898,630,268
2010,25025070202,"Census Tract 702.02",1497,976,521
2010,25025070301,"Census Tract 703.01",1307,476,831
2010,25025070302,"Census Tract 703.02",1113,405,708
2010,25025070402,"Census Tract 704.02",729,344,385
2010,25025070501,"Census Tract 705.01",1119,448,671
2010,25025070502,"Census Tract 705.02",1812,725,1087
2010,25025070600,"Census Tract 706",1344,484,860
2010,25025070700,"Census Tract 707",1206,661,545
2010,25025070801,"Census Tract 708.01",619,311,308
2010,25025070802,"Census Tract 708.02",1495,751,744
2010,25025070901,"Census Tract 709.01",587,297,290
2010,25025070902,"Census Tract 709.02",1081,548,533
2010,25025071101,"Census Tract 711.01",2048,1047,1001
2010,25025071201,"Census Tract 712.01",1213,592,621
2010,25025080100,"Census Tract 801",543,196,347
2010,25025080300,"Census Tract 803",702,303,399
2010,25025080401,"Census Tract 804.01",1157,667,490
2010,25025080500,"Census Tract 805",1296,719,577
2010,25025080601,"Census Tract 806.01",857,527,330
2010,25025080801,"Census Tract 808.01",936,467,469
2010,25025080900,"Census Tract 809",1594,847,747
2010,25025081001,"Census Tract 810.01",2172,1232,940
2010,25025081101,"Census Tract 811.01",403,189,214
2010,25025081102,"Census Tract 811.02",1270,597,673
2010,25025081200,"Census Tract 812",1049,539,510
2010,25025081301,"Census Tract 813.01",827,403,424
2010,25025081302,"Census Tract 813.02",1127,550,577
2010,25025081400,"Census Tract 814",1225,420,805
2010,25025081500,"Census Tract 815",786,173,613
2010,25025081700,"Census Tract 817",1357,436,921
2010,25025081800,"Census Tract 818",1020,409,611
2010,25025081900,"Census Tract 819",1097,346,751
2010,25025082000,"Census Tract 820",1028,477,551
2010,25025082100,"Census Tract 821",2020,1104,916
2010,25025090100,"Census Tract 901",1709,582,1127
2010,25025090200,"Census Tract 902",706,367,339
2010,25025090300,"Census Tract 903",961,441,520
2010,25025090400,"Census Tract 904",1088,475,613
2010,25025090600,"Census Tract 906",650,252,398
2010,25025090700,"Census Tract 907",1800,562,1238
2010,25025090901,"Census Tract 909.01",1581,631,950
2010,25025091001,"Census Tract 910.01",1164,353,811
2010,25025091100,"Census Tract 911",1544,363,1181
2010,25025091200,"Census Tract 912",1044,261,783
2010,25025091300,"Census Tract 913",636,245,391
2010,25025091400,"Census Tract 914",887,390,497
2010,25025091500,"Census Tract 915",1548,628,920
2010,25025091600,"Census Tract 916",1148,451,697
2010,25025091700,"Census Tract 917",895,293,602
2010,25025091800,"Census Tract 918",1034,283,751
2010,25025091900,"Census Tract 919",1182,527,655
2010,25025092000,"Census Tract 920",1598,524,1074
2010,25025092101,"Census Tract 921.01",2109,535,1574
2010,25025092200,"Census Tract 922",1116,427,689
2010,25025092300,"Census Tract 923",939,224,715
2010,25025092400,"Census Tract 924",2083,733,1350
2010,25025100100,"Census Tract 1001",1691,711,980
2010,25025100200,"Census Tract 1002",909,289,620
2010,25025100300,"Census Tract 1003",1165,331,834
2010,25025100400,"Census Tract 1004",1670,407,1263
2010,25025100500,"Census Tract 1005",1897,607,1290
2010,25025100601,"Census Tract 1006.01",1858,440,1418
2010,25025100603,"Census Tract 1006.03",768,82,686
2010,25025100700,"Census Tract 1007",1832,294,1538
2010,25025100800,"Census Tract 1008",2376,607,1769
2010,25025100900,"Census Tract 1009",1605,313,1292
2010,25025101001,"Census Tract 1010.01",2166,586,1580
2010,25025101002,"Census Tract 1010.02",1936,518,1418
2010,25025101101,"Census Tract 1011.01",1060,310,750
2010,25025101102,"Census Tract 1011.02",1541,521,1020
2010,25025110104,"Census Tract 1101.04",943,223,720
2010,25025110105,"Census Tract 1101.05",807,197,610
2010,25025110106,"Census Tract 1101.06",553,135,418
2010,25025110201,"Census Tract 1102.01",792,199,593
2010,25025110301,"Census Tract 1103.01",893,187,706
2010,25025110401,"Census Tract 1104.01",1278,245,1033
2010,25025110403,"Census Tract 1104.03",1719,341,1378
2010,25025110501,"Census Tract 1105.01",1283,151,1132
2010,25025110502,"Census Tract 1105.02",1491,211,1280
2010,25025110601,"Census Tract 1106.01",1130,110,1020
2010,25025110607,"Census Tract 1106.07",1922,190,1732
2010,25025120103,"Census Tract 1201.03",636,15,621
2010,25025120104,"Census Tract 1201.04",1067,267,800
2010,25025120105,"Census Tract 1201.05",845,46,799
2010,25025120201,"Census Tract 1202.01",1672,563,1109
2010,25025120301,"Census Tract 1203.01",1753,325,1428
2010,25025120400,"Census Tract 1204",2615,614,2001
2010,25025120500,"Census Tract 1205",859,250,609
2010,25025120600,"Census Tract 1206",1078,113,965
2010,25025120700,"Census Tract 1207",985,223,762
2010,25025130101,"Census Tract 1301.01",2203,107,2096
2010,25025130200,"Census Tract 1302",1833,108,1725
2010,25025130300,"Census Tract 1303",1797,132,1665
2010,25025130402,"Census Tract 1304.02",2001,213,1788
2010,25025130404,"Census Tract 1304.04",1111,189,922
2010,25025130406,"Census Tract 1304.06",2133,315,1818
2010,25025140102,"Census Tract 1401.02",1565,196,1369
2010,25025140105,"Census Tract 1401.05",1266,31,1235
2010,25025140106,"Census Tract 1401.06",845,301,544
2010,25025140107,"Census Tract 1401.07",988,234,754
2010,25025140201,"Census Tract 1402.01",920,110,810
2010,25025140202,"Census Tract 1402.02",1941,254,1687
2010,25025140300,"Census Tract 1403",2312,653,1659
2010,25025140400,"Census Tract 1404",2725,394,2331
2010,25025980300,"Census Tract 9803",12,0,12
2010,25025980700,"Census Tract 9807",,,
2010,25025980900,"Census Tract 9809",,,
2010,25025981000,"Census Tract 9810",,,
2010,25025981100,"Census Tract 9811",6,0,6
2010,25025981201,"Census Tract 9812.01",,,
2010,25025981202,"Census Tract 9812.02",,,
2010,25025981300,"Census Tract 9813",,,
2010,25025981501,"Census Tract 9815.01",,,
2010,25025981502,"Census Tract 9815.02",12,0,12
2010,25025981600,"Census Tract 9816",,,
2010,25025981700,"Census Tract 9817",,,
2010,25025981800,"Census Tract 9818",43,0,43
2010,25025981900,"Census Tract 9819",,,
2020,25025000101,"Census Tract 1.01",696.99999,136.97397,560.02604
2020,25025000102,"Census Tract 1.02",1606,237.35111,1368.64889
2020,25025000201,"Census Tract 2.01",1544.00001,169.68132,1374.31868
2020,25025000202,"Census Tract 2.02",1539,142.90241,1396.09759
2020,25025000301,"Census Tract 3.01",1290,159.34771,1130.65229
2020,25025000302,"Census Tract 3.02",1323,84.18891,1238.81109
2020,25025000401,"Census Tract 4.01",2957,1212.4342,1744.5658
2020,25025000402,"Census Tract 4.02",1510,305.699477,1204.300524
2020,25025000502,"Census Tract 5.02",2024,969.99904,1054.00096
2020,25025000503,"Census Tract 5.03",1412,649.13009,762.86992
2020,25025000505,"Census Tract 5.05",1049,468.95915,580.04085
2020,25025000506,"Census Tract 5.06",1569,684.53608,884.46392
2020,25025000601,"Census Tract 6.01",1542,295.3244,1246.67561
2020,25025000603,"Census Tract 6.03",866,499.61217,366.38783
2020,25025000604,"Census Tract 6.04",1293,592.06505,700.93494
2020,25025000701,"Census Tract 7.01",2304,1340.38367,963.61633
2020,25025000703,"Census Tract 7.03",1315,919.40854,395.59147
2020,25025000704,"Census Tract 7.04",2645,1359.5451,1285.455
2020,25025000804,"Census Tract 8.04",1444.0001,523.3018,920.6982
2020,25025000805,"Census Tract 8.05",1805.000001,913.686353,891.313648
2020,25025000806,"Census Tract 8.06",788,498.41413,279.63016
2020,25025000807,"Census Tract 8.07",40.00000001,0,0
2020,25025010103,"Census Tract 101.03",366,303.3729715,62.6270285
2020,25025010104,"Census Tract 101.04",1963.00001,1317.36079,645.63921
2020,25025010204,"Census Tract 102.04",1164.999999,591.011498,573.988502
2020,25025010205,"Census Tract 102.05",2963.00001,1838.016,1124.984
2020,25025010206,"Census Tract 102.06",1291,704.51677,586.48324
2020,25025010300,"Census Tract 103",317,236.691006,80.308994
2020,25025010403,"Census Tract 104.03",2039,1458.7883,580.2117
2020,25025010404,"Census Tract 104.04",1670,1245.71495,424.28506
2020,25025010405,"Census Tract 104.05",912.00001,495.55303,416.44697
2020,25025010408,"Census Tract 104.08",903,604.24639,298.75361
2020,25025010500,"Census Tract 105",1654,1175.28329,478.71671
2020,25025010600,"Census Tract 106",2155,957.7121,1197.2879
2020,25025010701,"Census Tract 107.01",1403,683.33244,719.66756
2020,25025010702,"Census Tract 107.02",1342,491.7763,850.2237
2020,25025010801,"Census Tract 108.01",1629,860.85321,768.14679
2020,25025010802,"Census Tract 108.02",1823,784.57469,1038.42532
2020,25025020101,"Census Tract 201.01",2400,989.9719,1410.028
2020,25025020200,"Census Tract 202",2339,1698.78269,640.21731
2020,25025020301,"Census Tract 203.01",1335,894.6541,440.3459
2020,25025020302,"Census Tract 203.02",744.00001,539.74302,204.25698
2020,25025020304,"Census Tract 203.04",1049,435.84648,613.15351
2020,25025020305,"Census Tract 203.05",2188,1377.23855,810.76146
2020,25025030100,"Census Tract 301",1291.00001,805.41645,485.58355
2020,25025030200,"Census Tract 302",1088,542.52762,545.47237
2020,25025030301,"Census Tract 303.01",783,186.60433,596.39567
2020,25025030302,"Census Tract 303.02",868,666.85622,201.14378
2020,25025030400,"Census Tract 304",2421,1340.8555,1080.1445
2020,25025030500,"Census Tract 305",1514.0001,764.2536,749.7465
2020,25025040100,"Census Tract 401",1201,227.64911,973.35089
2020,25025040200,"Census Tract 402",639,130.48873,508.51126
2020,25025040300,"Census Tract 403",2021,418.22152,1602.77849
2020,25025040401,"Census Tract 404.01",1255.99999,299.70689,956.2931
2020,25025040600,"Census Tract 406",1804.99999,211.38279,1593.6172
2020,25025040801,"Census Tract 408.01",2010,500.5722,1509.4278
2020,25025050101,"Census Tract 501.01",1759,644.97272,1114.02728
2020,25025050200,"Census Tract 502",1849.99999,727.41501,1122.58499
2020,25025050300,"Census Tract 503",1700,587.45428,1112.54572
2020,25025050400,"Census Tract 504",1033,502.15241,530.84759
2020,25025050500,"Census Tract 505",921,223.62964,697.37036
2020,25025050600,"Census Tract 506",833,368.74812,464.25188
2020,25025050700,"Census Tract 507",1536,649.25662,886.74338
2020,25025050901,"Census Tract 509.01",1412,472.32039,939.67961
2020,25025051000,"Census Tract 510",1749,298.6182,1450.3818
2020,25025051101,"Census Tract 511.01",2264,387.48845,1876.51156
2020,25025051200,"Census Tract 512",1607,418.49329,1188.50671
2020,25025060101,"Census Tract 601.01",1770,286.277,1483.723
2020,25025060200,"Census Tract 602",1043,172.65221,870.34779
2020,25025060301,"Census Tract 603.01",1703.99999,316.64134,1387.35867
2020,25025060400,"Census Tract 604",2506,471.93682,2034.06318
2020,25025060501,"Census Tract 605.01",2291,308.93002,1982.06998
2020,25025060601,"Census Tract 606.01",1087,409.51488,677.48512
2020,25025060602,"Census Tract 606.02",214,98.267538,107.800153
2020,25025060603,"Census Tract 606.03",909.999999,425.676189,484.323811
2020,25025060604,"Census Tract 606.04",1887.99999,756.08296,1131.91704
2020,25025060700,"Census Tract 607",590,397.77487,192.22514
2020,25025060800,"Census Tract 608",2381.00001,604.18058,1776.81942
2020,25025061000,"Census Tract 610",1036,422.77927,613.22074
2020,25025061101,"Census Tract 611.01",1214.00001,788.13023,425.86977
2020,25025061201,"Census Tract 612.01",976,176.33293,799.66707
2020,25025061202,"Census Tract 612.02",0,0,0
2020,25025061203,"Census Tract 612.03",1362.99999,201.56589,1161.43411
2020,25025061204,"Census Tract 612.04",611,278.21256,332.78744
2020,25025070102,"Census Tract 701.02",1223.00001,669.49033,553.50968
2020,25025070103,"Census Tract 701.03",348.000001,217.957591,112.217087
2020,25025070104,"Census Tract 701.04",1492,660.31412,831.68588
2020,25025070201,"Census Tract 702.01",1018,736.844718,281.155282
2020,25025070202,"Census Tract 702.02",2589,1956.7128,632.2872
2020,25025070301,"Census Tract 703.01",1283,438.14576,844.85423
2020,25025070302,"Census Tract 703.02",1182,632.3452,549.6549
2020,25025070402,"Census Tract 704.02",2009,968.68038,1040.31961
2020,25025070501,"Census Tract 705.01",1191,298.5556,892.4444
2020,25025070502,"Census Tract 705.02",1735,744.51632,990.48368
2020,25025070600,"Census Tract 706",1150.99999,281.89546,869.10453
2020,25025070700,"Census Tract 707",1271,469.09484,801.90516
2020,25025070801,"Census Tract 708.01",549.00001,240.77329,308.2267
2020,25025070802,"Census Tract 708.02",1461,511.96913,949.03086
2020,25025070901,"Census Tract 709.01",547,352.78346,194.21653
2020,25025070902,"Census Tract 709.02",1191.99999,362.68709,829.3129
2020,25025071101,"Census Tract 711.01",2132,800.3777,1331.6222
2020,25025071201,"Census Tract 712.01",1545,616.93328,928.06672
2020,25025080100,"Census Tract 801",749,325.11263,423.88736
2020,25025080300,"Census Tract 803",833,416.65516,416.34484
2020,25025080401,"Census Tract 804.01",1392,626.90655,765.09345
2020,25025080500,"Census Tract 805",1378,744.25405,633.74595
2020,25025080601,"Census Tract 806.01",1005,806.45705,198.54295
2020,25025080801,"Census Tract 808.01",1042.00001,688.23958,353.76041
2020,25025080900,"Census Tract 809",1809,904.55385,904.44616
2020,25025081001,"Census Tract 810.01",2510,1609.31362,900.68637
2020,25025081101,"Census Tract 811.01",808.00001,442.31262,365.68738
2020,25025081102,"Census Tract 811.02",1307,624.96899,682.03101
2020,25025081200,"Census Tract 812",1290.00001,580.11465,709.88535
2020,25025081301,"Census Tract 813.01",1060,437.8987,622.1013
2020,25025081302,"Census Tract 813.02",1265,752.273,512.727
2020,25025081400,"Census Tract 814",1558,480.84024,1077.15977
2020,25025081500,"Census Tract 815",955,181.7897,773.2103
2020,25025081700,"Census Tract 817",1570,753.19055,816.80944
2020,25025081800,"Census Tract 818",1380,527.43984,852.56015
2020,25025081900,"Census Tract 819",1391,260.63923,1130.36077
2020,25025082000,"Census Tract 820",1253,375.44193,877.55807
2020,25025082100,"Census Tract 821",2072,990.2299,1081.7701
2020,25025090100,"Census Tract 901",1825,528.18965,1296.81034
2020,25025090200,"Census Tract 902",810.99999,321.51254,489.48745
2020,25025090300,"Census Tract 903",1237.99999,422.38128,815.61871
2020,25025090400,"Census Tract 904",1348,483.55931,864.44069
2020,25025090600,"Census Tract 906",772,202.99419,569.00582
2020,25025090700,"Census Tract 907",2111,502.44422,1608.55579
2020,25025090901,"Census Tract 909.01",1610.00001,660.95566,949.04435
2020,25025091001,"Census Tract 910.01",1558,532.3982,1025.6018
2020,25025091100,"Census Tract 911",1911,399.95967,1511.04034
2020,25025091200,"Census Tract 912",1203.99999,358.03221,845.96779
2020,25025091300,"Census Tract 913",881,332.47577,548.52423
2020,25025091400,"Census Tract 914",996,326.52399,669.47601
2020,25025091500,"Census Tract 915",1632,468.00498,1163.99502
2020,25025091600,"Census Tract 916",1161.99999,222.83867,939.16133
2020,25025091700,"Census Tract 917",965,276.67176,688.32825
2020,25025091800,"Census Tract 918",1215,317.86569,897.13432
2020,25025091900,"Census Tract 919",1382,323.94496,1058.05505
2020,25025092000,"Census Tract 920",1604,416.30519,1187.69481
2020,25025092101,"Census Tract 921.01",2449,570.52054,1878.47946
2020,25025092200,"Census Tract 922",1219,351.68744,867.31256
2020,25025092300,"Census Tract 923",1085.00001,391.50625,693.49375
2020,25025092400,"Census Tract 924",2059,698.9168,1360.0832
2020,25025100100,"Census Tract 1001",1892,791.435,1100.565
2020,25025100200,"Census Tract 1002",964,403.10463,560.89537
2020,25025100300,"Census Tract 1003",1238,120.50693,1117.49307
2020,25025100400,"Census Tract 1004",1922,653.03079,1268.9692
2020,25025100500,"Census Tract 1005",2372.00001,764.01242,1607.98757
2020,25025100601,"Census Tract 1006.01",2099,44.30427,2054.69573
2020,25025100603,"Census Tract 1006.03",883,50.55599,832.44401
2020,25025100700,"Census Tract 1007",1947.999999,128.224396,1819.775604
2020,25025100800,"Census Tract 1008",2588.0001,591.0003,1996.9996
2020,25025100900,"Census Tract 1009",1669,296.98975,1372.01026
2020,25025101001,"Census Tract 1010.01",2161,349.94037,1811.05963
2020,25025101002,"Census Tract 1010.02",2213,746.4544,1466.5455
2020,25025101101,"Census Tract 1011.01",1233,249.78931,983.21069
2020,25025101102,"Census Tract 1011.02",1544,597.65125,946.34875
2020,25025110104,"Census Tract 1101.04",750.00001,239.13128,510.86872
2020,25025110105,"Census Tract 1101.05",981,169.1848,811.8152
2020,25025110106,"Census Tract 1101.06",582,85.63567,496.36433
2020,25025110201,"Census Tract 1102.01",808.99999,304.3793,504.6207
2020,25025110301,"Census Tract 1103.01",960,101.82802,858.17197
2020,25025110401,"Census Tract 1104.01",1368.00001,186.40228,1181.59772
2020,25025110403,"Census Tract 1104.03",1726,125.244937,1600.755063
2020,25025110501,"Census Tract 1105.01",1319,38.0966,1280.9034
2020,25025110502,"Census Tract 1105.02",1672,226.0169,1445.98309
2020,25025110601,"Census Tract 1106.01",1115.99999,152.28671,963.71328
2020,25025110607,"Census Tract 1106.07",2156,142.74963,2013.25037
2020,25025120103,"Census Tract 1201.03",694,44.94686,649.05314
2020,25025120104,"Census Tract 1201.04",1088,141.37081,946.6292
2020,25025120105,"Census Tract 1201.05",902,63.56084,838.43916
2020,25025120201,"Census Tract 1202.01",2126,501.86144,1624.13855
2020,25025120301,"Census Tract 1203.01",1975,479.445,1495.555
2020,25025120400,"Census Tract 1204",2826,627.467,2198.533
2020,25025120500,"Census Tract 1205",929,238.40623,690.59377
2020,25025120600,"Census Tract 1206",1114.99999,273.39353,841.60646
2020,25025120700,"Census Tract 1207",1016,208.47698,807.52303
2020,25025130101,"Census Tract 1301.01",2759.00001,141.80075,2617.19926
2020,25025130200,"Census Tract 1302",1903,90.384759,1812.615241
2020,25025130300,"Census Tract 1303",1746,88.39718,1657.60282
2020,25025130402,"Census Tract 1304.02",2122,181.32251,1940.67748
2020,25025130404,"Census Tract 1304.04",1266,197.41855,1068.58145
2020,25025130406,"Census Tract 1304.06",2411,628.4708,1782.5293
2020,25025140102,"Census Tract 1401.02",1756,82.14678,1673.85322
2020,25025140105,"Census Tract 1401.05",1287,310.24616,976.75384
2020,25025140106,"Census Tract 1401.06",922,174.40956,747.59045
2020,25025140107,"Census Tract 1401.07",1053,182.79327,870.20673
2020,25025140201,"Census Tract 1402.01",910.000001,69.00263,840.997371
2020,25025140202,"Census Tract 1402.02",2115,80.52077,2034.47923
2020,25025140300,"Census Tract 1403",2517,508.255,2008.745
2020,25025140400,"Census Tract 1404",2831.0001,533.9062,2297.0937
2020,25025980101,"Census Tract 9801.01",0,0,0
2020,25025980300,"Census Tract 9803",7.9999999,0,0
2020,25025980700,"Census Tract 9807",2,0,0
2020,25025980900,"Census Tract 9809",67,42.57944,24.42056
2020,25025981000,"Census Tract 9810",4,0,4
2020,25025981100,"Census Tract 9811",2,1.3191489,0
2020,25025981201,"Census Tract 9812.01",0,0,0
2020,25025981202,"Census Tract 9812.02",1,0,0
2020,25025981300,"Census Tract 9813",30,0,26.883117
2020,25025981501,"Census Tract 9815.01",1,0,0
2020,25025981600,"Census Tract 9816",1,0,0
2020,25025981700,"Census Tract 9817",2,0,0
2020,25025981800,"Census Tract 9818",4,1.2,0.8
2020,25025981900,"Census Tract 9819",0,0,0
2020,25025990101,"Census Tract 9901.01",0,0,0
2024,25025000101,"Census Tract 1.01",859.8694,156.27495,703.59445
2024,25025000102,"Census Tract 1.02",2233.18367,368.7563,1864.42737
2024,25025000201,"Census Tract 2.01",1828.89506,245.82208,1583.07297
2024,25025000202,"Census Tract 2.02",1925.79096,219.24382,1706.54714
2024,25025000301,"Census Tract 3.01",1445.82329,182.90421,1262.91908
2024,25025000302,"Census Tract 3.02",1536.94914,105.09869,1431.85045
2024,25025000401,"Census Tract 4.01",3115.5782,1513.4765,1602.1017
2024,25025000402,"Census Tract 4.02",1678.95133,315.20152,1363.74982
2024,25025000502,"Census Tract 5.02",1797.0931,889.0603,908.0327
2024,25025000503,"Census Tract 5.03",1165.5241,565.3479,600.1761
2024,25025000505,"Census Tract 5.05",1059.05903,498.48323,560.5758
2024,25025000506,"Census Tract 5.06",1447.5831,655.9899,791.5932
2024,25025000601,"Census Tract 6.01",1727.16077,306.73802,1420.42275
2024,25025000603,"Census Tract 6.03",1218.3621,698.55968,519.80242
2024,25025000604,"Census Tract 6.04",1238.0041,585.5862,652.4179
2024,25025000701,"Census Tract 7.01",2001.04613,1163.06911,837.97702
2024,25025000703,"Census Tract 7.03",1022.79025,693.91385,328.87639
2024,25025000704,"Census Tract 7.04",2279.38263,1180.96646,1098.41617
2024,25025000804,"Census Tract 8.04",2205.3069,743.5934,1461.7135
2024,25025000805,"Census Tract 8.05",2617.427,1284.2754,1333.1516
2024,25025000806,"Census Tract 8.06",716.695878,464.356133,252.339745
2024,25025000807,"Census Tract 8.07",43.5240092,20.1635408,23.3604684
2024,25025010103,"Census Tract 101.03",315.023041,206.748014,108.275028
2024,25025010104,"Census Tract 101.04",2034.539,1150.3145,884.2245
2024,25025010204,"Census Tract 102.04",1432.08953,682.99519,749.09433
2024,25025010205,"Census Tract 102.05",3306.3731,1970.2813,1336.0919
2024,25025010206,"Census Tract 102.06",1579.5365,839.4674,740.069
2024,25025010300,"Census Tract 103",331,231.009,99.991
2024,25025010403,"Census Tract 104.03",2057.43607,1454.30523,603.13083
2024,25025010404,"Census Tract 104.04",1762.09838,1281.5098,480.58857
2024,25025010405,"Census Tract 104.05",1035.96556,645.85744,390.10812
2024,25025010408,"Census Tract 104.08",832.86883,540.33122,292.53761
2024,25025010500,"Census Tract 105",1735.56212,1197.03496,538.52716
2024,25025010600,"Census Tract 106",2277.8324,969.5604,1308.2721
2024,25025010701,"Census Tract 107.01",1360.5113,641.517,718.9943
2024,25025010702,"Census Tract 107.02",1404.5015,488.6643,915.8373
2024,25025010801,"Census Tract 108.01",1616.8212,760.3653,856.4559
2024,25025010802,"Census Tract 108.02",1778.7713,725.1113,1053.6601
2024,25025020101,"Census Tract 201.01",2606.8151,1015.744,1591.0712
2024,25025020200,"Census Tract 202",2174.46094,1586.90391,587.55705
2024,25025020301,"Census Tract 203.01",1445.3978,949.4205,495.9774
2024,25025020302,"Census Tract 203.02",739.8501,530.78709,209.063
2024,25025020304,"Census Tract 203.04",958.85379,413.93702,544.91675
2024,25025020305,"Census Tract 203.05",2604.7484,1631.9919,972.7566
2024,25025030100,"Census Tract 301",1220.77691,753.50562,467.27127
2024,25025030200,"Census Tract 302",1042.40224,523.69646,518.70578
2024,25025030301,"Census Tract 303.01",909.06014,208.56526,700.49487
2024,25025030302,"Census Tract 303.02",881.20179,678.71346,202.48833
2024,25025030400,"Census Tract 304",2511.8573,1376.0069,1135.8503
2024,25025030500,"Census Tract 305",1525.9636,719.8463,806.1174
2024,25025040100,"Census Tract 401",1208.2483,291.02731,917.22101
2024,25025040200,"Census Tract 402",653.15848,159.05297,494.1055
2024,25025040300,"Census Tract 403",1948.17629,378.39038,1569.78593
2024,25025040401,"Census Tract 404.01",1364.36176,347.91442,1016.44732
2024,25025040600,"Census Tract 406",1859.60223,187.68512,1671.91712
2024,25025040801,"Census Tract 408.01",1980.45294,505.96927,1474.48368
2024,25025050101,"Census Tract 501.01",1945.3047,723.5203,1221.7845
2024,25025050200,"Census Tract 502",1976.6694,788.7138,1187.9557
2024,25025050300,"Census Tract 503",1823.0338,685.3453,1137.6885
2024,25025050400,"Census Tract 504",1049.6667,547.6681,501.9986
2024,25025050500,"Census Tract 505",853.07334,230.2295,622.84385
2024,25025050600,"Census Tract 506",798.6578,343.09713,455.56067
2024,25025050700,"Census Tract 507",1712.2758,727.3796,984.8961
2024,25025050901,"Census Tract 509.01",1574.04155,477.71846,1096.32309
2024,25025051000,"Census Tract 510",2011.42251,315.77362,1695.64889
2024,25025051101,"Census Tract 511.01",2723.78115,554.63928,2169.14186
2024,25025051200,"Census Tract 512",1442.95539,426.18725,1016.76812
2024,25025060101,"Census Tract 601.01",1865.67424,342.66627,1523.00797
2024,25025060200,"Census Tract 602",1114.91617,208.60514,906.31103
2024,25025060301,"Census Tract 603.01",1831.73595,352.6082,1479.12774
2024,25025060400,"Census Tract 604",2723.82574,421.25111,2302.57462
2024,25025060501,"Census Tract 605.01",2278.3393,331.0291,1947.3103
2024,25025060601,"Census Tract 606.01",1120.03207,422.74196,697.29011
2024,25025060602,"Census Tract 606.02",231.275532,114.549895,116.725637
2024,25025060603,"Census Tract 606.03",1246.56098,563.35481,683.20617
2024,25025060604,"Census Tract 606.04",2277.919,902.8911,1375.0278
2024,25025060700,"Census Tract 607",767.76088,518.99433,248.76656
2024,25025060800,"Census Tract 608",2311.8419,660.1264,1651.7155
2024,25025061000,"Census Tract 610",1283.52192,550.68077,732.84114
2024,25025061101,"Census Tract 611.01",1240.5423,816.02902,424.51328
2024,25025061201,"Census Tract 612.01",1004.12836,197.41848,806.70988
2024,25025061202,"Census Tract 612.02",0,0,0
2024,25025061203,"Census Tract 612.03",1275.68105,185.6286,1090.05245
2024,25025061204,"Census Tract 612.04",736.13535,275.75854,460.37681
2024,25025070102,"Census Tract 701.02",1422.6138,752.5152,670.0986
2024,25025070103,"Census Tract 701.03",358.237422,212.781541,145.455883
2024,25025070104,"Census Tract 701.04",1663.49601,704.61915,958.87686
2024,25025070201,"Census Tract 702.01",1258.62818,932.20534,326.42284
2024,25025070202,"Census Tract 702.02",2696.7626,2010.7467,686.016
2024,25025070301,"Census Tract 703.01",1253.14288,403.56932,849.57355
2024,25025070302,"Census Tract 703.02",1409.38208,702.32707,707.05501
2024,25025070402,"Census Tract 704.02",2841.2122,1456.77658,1384.43562
2024,25025070501,"Census Tract 705.01",1237.34199,348.94972,888.39228
2024,25025070502,"Census Tract 705.02",1924.06542,900.02584,1024.03958
2024,25025070600,"Census Tract 706",1226.80882,305.13382,921.675
2024,25025070700,"Census Tract 707",1386.0964,482.8175,903.279
2024,25025070801,"Census Tract 708.01",426.41848,211.13478,215.2837
2024,25025070802,"Census Tract 708.02",1449.4942,524.1297,925.3645
2024,25025070901,"Census Tract 709.01",495.09508,293.97352,201.12156
2024,25025070902,"Census Tract 709.02",1184.6052,405.91651,778.68868
2024,25025071101,"Census Tract 711.01",2129.3282,809.0795,1320.2487
2024,25025071201,"Census Tract 712.01",1911.5227,805.7554,1105.7673
2024,25025080100,"Census Tract 801",788.11013,356.71293,431.3972
2024,25025080300,"Census Tract 803",837.6145,430.27261,407.34189
2024,25025080401,"Census Tract 804.01",1319.65712,634.52215,685.13498
2024,25025080500,"Census Tract 805",1281.3975,694.5504,586.8473
2024,25025080601,"Census Tract 806.01",928.46795,642.42035,286.04759
2024,25025080801,"Census Tract 808.01",1215.1349,783.1626,431.9723
2024,25025080900,"Census Tract 809",1939.6146,920.4027,1019.212
2024,25025081001,"Census Tract 810.01",2500.9407,1611.143,889.7978
2024,25025081101,"Census Tract 811.01",648.65721,370.65696,278.00025
2024,25025081102,"Census Tract 811.02",1265.3097,619.0916,646.218
2024,25025081200,"Census Tract 812",1392.2695,605.445,786.8243
2024,25025081301,"Census Tract 813.01",1122.53044,559.40809,563.12236
2024,25025081302,"Census Tract 813.02",1276.94825,743.92973,533.01853
2024,25025081400,"Census Tract 814",1578.2424,528.0814,1050.161
2024,25025081500,"Census Tract 815",988.5935,274.06941,714.52409
2024,25025081700,"Census Tract 817",1742.2112,871.3638,870.8475
2024,25025081800,"Census Tract 818",1482.6773,523.9279,958.7493
2024,25025081900,"Census Tract 819",1445.17492,348.89838,1096.27654
2024,25025082000,"Census Tract 820",1332.77661,463.72338,869.05324
2024,25025082100,"Census Tract 821",2057.67966,1125.44423,932.23541
2024,25025090100,"Census Tract 901",1793.73896,560.22147,1233.5175
2024,25025090200,"Census Tract 902",755.33086,291.3312,463.99966
2024,25025090300,"Census Tract 903",1177.52204,388.33348,789.18857
2024,25025090400,"Census Tract 904",1630.92297,649.33091,981.59207
2024,25025090600,"Census Tract 906",1014.131,335.1753,678.9557
2024,25025090700,"Census Tract 907",2064.1576,601.8603,1462.2973
2024,25025090901,"Census Tract 909.01",1243.58793,491.99914,751.58878
2024,25025091001,"Census Tract 910.01",1555.5616,514.2904,1041.2713
2024,25025091100,"Census Tract 911",1947.8953,447.6419,1500.2534
2024,25025091200,"Census Tract 912",1160.24737,356.49422,803.75315
2024,25025091300,"Census Tract 913",997.50026,395.78761,601.71266
2024,25025091400,"Census Tract 914",1071.29672,377.87805,693.41866
2024,25025091500,"Census Tract 915",1714.39277,533.70779,1180.68498
2024,25025091600,"Census Tract 916",1166.47355,265.79232,900.68123
2024,25025091700,"Census Tract 917",1059.80494,250.25154,809.55339
2024,25025091800,"Census Tract 918",1291.9508,328.44282,963.50798
2024,25025091900,"Census Tract 919",1469.35229,387.13973,1082.21257
2024,25025092000,"Census Tract 920",1875.08021,549.52577,1325.55443
2024,25025092101,"Census Tract 921.01",2568.2141,555.9794,2012.2349
2024,25025092200,"Census Tract 922",1415.0067,410.7326,1004.2742
2024,25025092300,"Census Tract 923",1141.9281,380.3742,761.5539
2024,25025092400,"Census Tract 924",1990.4059,675.2282,1315.1778
2024,25025100100,"Census Tract 1001",1850.7789,751.1499,1099.629
2024,25025100200,"Census Tract 1002",1006.2742,292.25512,714.01909
2024,25025100300,"Census Tract 1003",1387.47056,167.68265,1219.7879
2024,25025100400,"Census Tract 1004",1985.1727,637.1937,1347.979
2024,25025100500,"Census Tract 1005",2419.3902,755.3014,1664.0888
2024,25025100601,"Census Tract 1006.01",2055.6948,58.6627,1997.03211
2024,25025100603,"Census Tract 1006.03",866.2244,57.39629,808.82811
2024,25025100700,"Census Tract 1007",1852.735981,164.61249,1688.123491
2024,25025100800,"Census Tract 1008",2485.8103,562.1017,1923.7086
2024,25025100900,"Census Tract 1009",1704.30195,321.51516,1382.78678
2024,25025101001,"Census Tract 1010.01",2338.7096,462.6645,1876.045
2024,25025101002,"Census Tract 1010.02",2196.1308,765.52551,1430.60529
2024,25025101101,"Census Tract 1011.01",1297.02325,262.11847,1034.90479
2024,25025101102,"Census Tract 1011.02",1588.2387,563.3421,1024.8966
2024,25025110104,"Census Tract 1101.04",737.9599,239.66901,498.29089
2024,25025110105,"Census Tract 1101.05",1141.68585,201.84909,939.83676
2024,25025110106,"Census Tract 1101.06",635.58148,111.33725,524.24422
2024,25025110201,"Census Tract 1102.01",784.0765,236.82327,547.25323
2024,25025110301,"Census Tract 1103.01",1029.37891,107.0384,922.34051
2024,25025110401,"Census Tract 1104.01",1438.51697,252.06071,1186.45626
2024,25025110403,"Census Tract 1104.03",1844.97433,159.84259,1685.13175
2024,25025110501,"Census Tract 1105.01",1366.79157,60.24619,1306.54538
2024,25025110502,"Census Tract 1105.02",1666.7388,289.6911,1377.0477
2024,25025110601,"Census Tract 1106.01",1276.647793,219.610746,1057.037048
2024,25025110607,"Census Tract 1106.07",2085.37452,141.60498,1943.76954
2024,25025120103,"Census Tract 1201.03",787.63259,40.91621,746.71638
2024,25025120104,"Census Tract 1201.04",1044.3434,129.15123,915.19216
2024,25025120105,"Census Tract 1201.05",1147.433359,75.344164,1072.089195
2024,25025120201,"Census Tract 1202.01",2097.08435,539.80583,1557.27852
2024,25025120301,"Census Tract 1203.01",2203.3231,612.13,1591.1931
2024,25025120400,"Census Tract 1204",2839.0724,681.5839,2157.4884
2024,25025120500,"Census Tract 1205",1048.10323,300.22902,747.87421
2024,25025120600,"Census Tract 1206",1100.24523,254.01067,846.23456
2024,25025120700,"Census Tract 1207",999.74175,196.81981,802.92194
2024,25025130101,"Census Tract 1301.01",2778.64334,182.94182,2595.70152
2024,25025130200,"Census Tract 1302",2102.10129,124.93181,1977.16948
2024,25025130300,"Census Tract 1303",1958.94953,87.7329,1871.21662
2024,25025130402,"Census Tract 1304.02",2273.20479,229.29588,2043.9089
2024,25025130404,"Census Tract 1304.04",1301.85493,233.88223,1067.97271
2024,25025130406,"Census Tract 1304.06",2151.6032,617.9189,1533.6842
2024,25025140102,"Census Tract 1401.02",1729.46382,111.00035,1618.46347
2024,25025140105,"Census Tract 1401.05",1324.66909,284.19804,1040.47106
2024,25025140106,"Census Tract 1401.06",831.18853,191.17665,640.01188
2024,25025140107,"Census Tract 1401.07",1019.31944,221.03282,798.28661
2024,25025140201,"Census Tract 1402.01",803.828136,71.43779,732.390346
2024,25025140202,"Census Tract 1402.02",2047.62709,100.66621,1946.96088
2024,25025140300,"Census Tract 1403",2524.48055,625.79374,1898.68681
2024,25025140400,"Census Tract 1404",2978.27218,611.27669,2366.9955
2024,25025980101,"Census Tract 9801.01",0,0,0
2024,25025980300,"Census Tract 9803",9.8814478,4.7575493,5.1238985
2024,25025980700,"Census Tract 9807",0.3396794,0,0
2024,25025980900,"Census Tract 9809",52.99511,32.66187,20.33324
2024,25025981000,"Census Tract 9810",0.8601627,0,0.8601627
2024,25025981100,"Census Tract 9811",2.5958009,1.7929568,0
2024,25025981201,"Census Tract 9812.01",0,0,0
2024,25025981202,"Census Tract 9812.02",1.1091301,0.1247432,0.9843869
2024,25025981300,"Census Tract 9813",28.885277,6.392802,22.492475
2024,25025981501,"Census Tract 9815.01",2.0698866,1.3009202,0.7689664
2024,25025981600,"Census Tract 9816",0.232511,0,0
2024,25025981700,"Census Tract 9817",2.8738301,1.0799624,1.7938677
2024,25025981800,"Census Tract 9818",6.4361553,2.7969632,3.6391921
2024,25025981900,"Census Tract 9819",0,0,0
2024,25025990101,"Census Tract 9901.01",0,0,0
