GEOID,YEAR,NAME,vol_sml_sbus,vol_sml_bbus
25025010300,2012,Census Tract 103,5000,54000
25025010405,2012,Census Tract 104.05,29000,134000
25025080401,2012,Census Tract 804.01,574000,286000
25025080801,2012,Census Tract 808.01,70000,536000
25025090300,2012,Census Tract 903,5000,11000
25025040801,2012,Census Tract 408.01,227000,3196000
25025050300,2012,Census Tract 503,1028000,68000
25025060700,2012,Census Tract 607,0,0
25025061000,2012,Census Tract 610,15000,15000
25025061101,2012,Census Tract 611.01,0,1000
25025070900,2012,Census Tract 709,175000,346000
25025080500,2012,Census Tract 805,16000,21000
25025080601,2012,Census Tract 806.01,2017000,232000
25025081300,2012,Census Tract 813,6000,562000
25025082100,2012,Census Tract 821,30000,24000
25025090200,2012,Census Tract 902,56000,41000
25025000602,2012,Census Tract 6.02,654000,1837000
25025000803,2012,Census Tract 8.03,601000,59000
25025010204,2012,Census Tract 102.04,1537000,441000
25025070402,2012,Census Tract 704.02,114000,340000
25025080300,2012,Census Tract 803,1.00E+05,335000
25025081001,2012,Census Tract 810.01,474000,283000
25025081200,2012,Census Tract 812,19000,398000
25025081500,2012,Census Tract 815,258000,49000
25025090901,2012,Census Tract 909.01,52000,13000
25025091300,2012,Census Tract 913,71000,450000
25025091600,2012,Census Tract 916,1558000,316000
25025091900,2012,Census Tract 919,32000,120000
25025092400,2012,Census Tract 924,23000,171000
25025100100,2012,Census Tract 1001,931000,354000
25025000100,2012,Census Tract 1,1726000,8858000
25025010403,2012,Census Tract 104.03,222000,358000
25025050101,2012,Census Tract 501.01,110000,56000
25025050400,2012,Census Tract 504,281000,197000
25025050600,2012,Census Tract 506,276000,289000
25025050901,2012,Census Tract 509.01,568000,384000
25025070200,2012,Census Tract 702,513000,3592000
25025071201,2012,Census Tract 712.01,2026000,4637000
25025090100,2012,Census Tract 901,109000,22000
25025090400,2012,Census Tract 904,25000,56000
25025091400,2012,Census Tract 914,67000,148000
25025091800,2012,Census Tract 918,18000,37000
25025092200,2012,Census Tract 922,72000,1108000
25025092300,2012,Census Tract 923,25000,14000
25025101102,2012,Census Tract 1011.02,284000,311000
25025110401,2012,Census Tract 1104.01,34000,87000
25025130406,2012,Census Tract 1304.06,198000,128000
25025000202,2012,Census Tract 2.02,415000,199000
25025000401,2012,Census Tract 4.01,402000,202000
25025000504,2012,Census Tract 5.04,933000,119000
25025000802,2012,Census Tract 8.02,2547000,6234000
25025010404,2012,Census Tract 104.04,213000,123000
25025050200,2012,Census Tract 502,60000,187000
25025050500,2012,Census Tract 505,6000,37000
25025050700,2012,Census Tract 507,862000,47000
25025051200,2012,Census Tract 512,61000,2276000
25025071101,2012,Census Tract 711.01,1900000,375000
25025080100,2012,Census Tract 801,1357000,10100000
25025081700,2012,Census Tract 817,197000,62000
25025081800,2012,Census Tract 818,1201000,93000
25025090700,2012,Census Tract 907,466000,2401000
25025091200,2012,Census Tract 912,129000,34000
25025091700,2012,Census Tract 917,25000,227000
25025092101,2012,Census Tract 921.01,2737000,2166000
25025100200,2012,Census Tract 1002,589000,40000
25025100300,2012,Census Tract 1003,30000,99000
25025100400,2012,Census Tract 1004,126000,156000
25025100500,2012,Census Tract 1005,147000,166000
25025101002,2012,Census Tract 1010.02,159000,2322000
25025120201,2012,Census Tract 1202.01,3404000,260000
25025140106,2012,Census Tract 1401.06,4000,6000
25025000701,2012,Census Tract 7.01,385000,65000
25025000703,2012,Census Tract 7.03,457000,521000
25025000704,2012,Census Tract 7.04,150000,448000
25025051000,2012,Census Tract 510,773000,731000
25025082000,2012,Census Tract 820,15000,229000
25025090600,2012,Census Tract 906,235000,41000
25025091500,2012,Census Tract 915,429000,621000
25025092000,2012,Census Tract 920,126000,457000
25025120500,2012,Census Tract 1205,650000,151000
25025000601,2012,Census Tract 6.01,1888000,1223000
25025051101,2012,Census Tract 511.01,177000,350000
25025070700,2012,Census Tract 707,1488000,2871000
25025081400,2012,Census Tract 814,920000,687000
25025081900,2012,Census Tract 819,4000,33000
25025091100,2012,Census Tract 911,688000,921000
25025100601,2012,Census Tract 1006.01,298000,1552000
25025100900,2012,Census Tract 1009,181000,233000
25025110103,2012,Census Tract 1101.03,123000,466000
25025110403,2012,Census Tract 1104.03,122000,150000
25025110502,2012,Census Tract 1105.02,937000,1502000
25025120301,2012,Census Tract 1203.01,170000,1179000
25025120700,2012,Census Tract 1207,407000,41000
25025140201,2012,Census Tract 1402.01,61000,3808000
25025140300,2012,Census Tract 1403,1222000,1061000
25025000201,2012,Census Tract 2.01,197000,175000
25025000302,2012,Census Tract 3.02,154000,220000
25025000502,2012,Census Tract 5.02,242000,479000
25025020200,2012,Census Tract 202,1227000,352000
25025070800,2012,Census Tract 708,1216000,663000
25025080900,2012,Census Tract 809,1129000,192000
25025100800,2012,Census Tract 1008,753000,1236000
25025101001,2012,Census Tract 1010.01,746000,1003000
25025101101,2012,Census Tract 1011.01,28000,34000
25025110201,2012,Census Tract 1102.01,360000,205000
25025140400,2012,Census Tract 1404,1184000,181000
25025010203,2012,Census Tract 102.03,75000,672000
25025010500,2012,Census Tract 105,83000,1718000
25025040200,2012,Census Tract 402,24000,335000
25025060101,2012,Census Tract 601.01,88000,574000
25025060200,2012,Census Tract 602,42000,27000
25025091001,2012,Census Tract 910.01,1994000,2875000
25025100603,2012,Census Tract 1006.03,50000,599000
25025100700,2012,Census Tract 1007,1542000,2320000
25025120104,2012,Census Tract 1201.04,36000,28000
25025130100,2012,Census Tract 1301,610000,711000
25025130404,2012,Census Tract 1304.04,1090000,409000
25025140102,2012,Census Tract 1401.02,373000,3168000
25025140105,2012,Census Tract 1401.05,379000,888000
25025140107,2012,Census Tract 1401.07,184000,180000
25025140202,2012,Census Tract 1402.02,1575000,225000
25025000301,2012,Census Tract 3.01,563000,834000
25025000503,2012,Census Tract 5.03,17000,129000
25025010104,2012,Census Tract 101.04,1555000,1566000
25025010408,2012,Census Tract 104.08,20000,3000
25025030100,2012,Census Tract 301,127000,32000
25025040401,2012,Census Tract 404.01,742000,704000
25025070500,2012,Census Tract 705,1068000,2762000
25025081100,2012,Census Tract 811,370000,2984000
25025060800,2012,Census Tract 608,685000,378000
25025110301,2012,Census Tract 1103.01,413000,117000
25025110607,2012,Census Tract 1106.07,672000,748000
25025120600,2012,Census Tract 1206,705000,590000
25025000402,2012,Census Tract 4.02,1091000,162000
25025010103,2012,Census Tract 101.03,50000,41000
25025010600,2012,Census Tract 106,1185000,3706000
25025010701,2012,Census Tract 107.01,1521000,7398000
25025010702,2012,Census Tract 107.02,5466000,12916000
25025010801,2012,Census Tract 108.01,1463000,636000
25025010802,2012,Census Tract 108.02,1316000,1267000
25025020101,2012,Census Tract 201.01,2521000,1195000
25025020301,2012,Census Tract 203.01,150000,1480000
25025020302,2012,Census Tract 203.02,643000,590000
25025020303,2012,Census Tract 203.03,1921000,7059000
25025030200,2012,Census Tract 302,847000,1720000
25025030300,2012,Census Tract 303,18306000,27172000
25025030400,2012,Census Tract 304,987000,1454000
25025030500,2012,Census Tract 305,481000,1961000
25025040100,2012,Census Tract 401,204000,450000
25025040300,2012,Census Tract 403,205000,167000
25025040600,2012,Census Tract 406,2116000,2211000
25025060301,2012,Census Tract 603.01,353000,761000
25025060400,2012,Census Tract 604,105000,477000
25025060501,2012,Census Tract 605.01,1010000,923000
25025060600,2012,Census Tract 606,1446000,13989000
25025061200,2012,Census Tract 612,3413000,13288000
25025070101,2012,Census Tract 701.01,17208000,53164000
25025070300,2012,Census Tract 703,1573000,6693000
25025070600,2012,Census Tract 706,507000,726000
25025110501,2012,Census Tract 1105.01,86000,154000
25025110601,2012,Census Tract 1106.01,729000,152000
25025120103,2012,Census Tract 1201.03,412000,3075000
25025120105,2012,Census Tract 1201.05,1877000,637000
25025120400,2012,Census Tract 1204,1716000,234000
25025130200,2012,Census Tract 1302,435000,1782000
25025130300,2012,Census Tract 1303,251000,263000
25025130402,2012,Census Tract 1304.02,988000,13117000
25025010300,2013,Census Tract 103,21000,327000
25025010405,2013,Census Tract 104.05,1052000,1523000
25025080401,2013,Census Tract 804.01,832000,1732000
25025080801,2013,Census Tract 808.01,6000,3000
25025090300,2013,Census Tract 903,7000,11000
25025040801,2013,Census Tract 408.01,576000,2747000
25025050300,2013,Census Tract 503,945000,90000
25025060700,2013,Census Tract 607,5000,8000
25025061000,2013,Census Tract 610,424000,92000
25025061101,2013,Census Tract 611.01,1000,42000
25025070900,2013,Census Tract 709,994000,413000
25025080500,2013,Census Tract 805,2000,2000
25025080601,2013,Census Tract 806.01,820000,147000
25025081300,2013,Census Tract 813,79000,44000
25025082100,2013,Census Tract 821,444000,10000
25025090200,2013,Census Tract 902,145000,608000
25025000602,2013,Census Tract 6.02,213000,1537000
25025000803,2013,Census Tract 8.03,162000,72000
25025010204,2013,Census Tract 102.04,561000,203000
25025070402,2013,Census Tract 704.02,1317000,609000
25025080300,2013,Census Tract 803,379000,115000
25025081001,2013,Census Tract 810.01,2895000,1113000
25025081200,2013,Census Tract 812,784000,71000
25025081500,2013,Census Tract 815,56000,28000
25025090901,2013,Census Tract 909.01,10000,69000
25025091300,2013,Census Tract 913,5000,1466000
25025091600,2013,Census Tract 916,781000,197000
25025091900,2013,Census Tract 919,43000,126000
25025092400,2013,Census Tract 924,145000,502000
25025100100,2013,Census Tract 1001,1125000,344000
25025000100,2013,Census Tract 1,1743000,11556000
25025010403,2013,Census Tract 104.03,72000,536000
25025050101,2013,Census Tract 501.01,289000,62000
25025050400,2013,Census Tract 504,592000,97000
25025050600,2013,Census Tract 506,695000,301000
25025050901,2013,Census Tract 509.01,448000,629000
25025070200,2013,Census Tract 702,1452000,2164000
25025071201,2013,Census Tract 712.01,1769000,6395000
25025090100,2013,Census Tract 901,127000,164000
25025090400,2013,Census Tract 904,1327000,19000
25025091400,2013,Census Tract 914,39000,14000
25025091800,2013,Census Tract 918,182000,532000
25025092200,2013,Census Tract 922,19000,106000
25025092300,2013,Census Tract 923,1496000,42000
25025101102,2013,Census Tract 1011.02,781000,2012000
25025110401,2013,Census Tract 1104.01,940000,631000
25025130406,2013,Census Tract 1304.06,88000,780000
25025000202,2013,Census Tract 2.02,677000,103000
25025000401,2013,Census Tract 4.01,1067000,187000
25025000504,2013,Census Tract 5.04,104000,103000
25025000802,2013,Census Tract 8.02,4637000,7363000
25025010404,2013,Census Tract 104.04,616000,332000
25025050200,2013,Census Tract 502,163000,154000
25025050500,2013,Census Tract 505,19000,29000
25025050700,2013,Census Tract 507,307000,27000
25025051200,2013,Census Tract 512,279000,351000
25025071101,2013,Census Tract 711.01,1515000,96000
25025080100,2013,Census Tract 801,2187000,11027000
25025081700,2013,Census Tract 817,165000,487000
25025081800,2013,Census Tract 818,793000,491000
25025090700,2013,Census Tract 907,617000,1381000
25025091200,2013,Census Tract 912,95000,224000
25025091700,2013,Census Tract 917,54000,1337000
25025092101,2013,Census Tract 921.01,330000,3532000
25025100200,2013,Census Tract 1002,547000,490000
25025100300,2013,Census Tract 1003,36000,26000
25025100400,2013,Census Tract 1004,924000,106000
25025100500,2013,Census Tract 1005,887000,108000
25025101002,2013,Census Tract 1010.02,416000,1146000
25025120201,2013,Census Tract 1202.01,249000,717000
25025140106,2013,Census Tract 1401.06,11000,453000
25025000701,2013,Census Tract 7.01,330000,247000
25025000703,2013,Census Tract 7.03,390000,533000
25025000704,2013,Census Tract 7.04,227000,215000
25025051000,2013,Census Tract 510,41000,1154000
25025082000,2013,Census Tract 820,89000,72000
25025090600,2013,Census Tract 906,164000,75000
25025091500,2013,Census Tract 915,122000,974000
25025092000,2013,Census Tract 920,266000,81000
25025120500,2013,Census Tract 1205,33000,275000
25025000601,2013,Census Tract 6.01,204000,457000
25025051101,2013,Census Tract 511.01,904000,453000
25025070700,2013,Census Tract 707,1623000,4224000
25025081400,2013,Census Tract 814,1316000,143000
25025081900,2013,Census Tract 819,15000,480000
25025091100,2013,Census Tract 911,226000,182000
25025100601,2013,Census Tract 1006.01,196000,198000
25025100900,2013,Census Tract 1009,789000,175000
25025110103,2013,Census Tract 1101.03,982000,341000
25025110403,2013,Census Tract 1104.03,106000,117000
25025110502,2013,Census Tract 1105.02,1426000,103000
25025120301,2013,Census Tract 1203.01,1241000,508000
25025120700,2013,Census Tract 1207,1194000,28000
25025140201,2013,Census Tract 1402.01,54000,1767000
25025140300,2013,Census Tract 1403,976000,1696000
25025000201,2013,Census Tract 2.01,316000,141000
25025000302,2013,Census Tract 3.02,977000,128000
25025000502,2013,Census Tract 5.02,1077000,256000
25025020200,2013,Census Tract 202,1219000,1610000
25025070800,2013,Census Tract 708,266000,881000
25025080900,2013,Census Tract 809,126000,132000
25025100800,2013,Census Tract 1008,469000,1740000
25025101001,2013,Census Tract 1010.01,1792000,2780000
25025101101,2013,Census Tract 1011.01,42000,17000
25025110201,2013,Census Tract 1102.01,182000,23000
25025140400,2013,Census Tract 1404,1445000,709000
25025010203,2013,Census Tract 102.03,1608000,1494000
25025010500,2013,Census Tract 105,375000,1303000
25025040200,2013,Census Tract 402,212000,28000
25025060101,2013,Census Tract 601.01,739000,126000
25025060200,2013,Census Tract 602,655000,53000
25025091001,2013,Census Tract 910.01,294000,1943000
25025100603,2013,Census Tract 1006.03,317000,2461000
25025100700,2013,Census Tract 1007,938000,304000
25025120104,2013,Census Tract 1201.04,25000,247000
25025130100,2013,Census Tract 1301,1286000,1243000
25025130404,2013,Census Tract 1304.04,8.00E+05,427000
25025140102,2013,Census Tract 1401.02,2054000,3367000
25025140105,2013,Census Tract 1401.05,1050000,239000
25025140107,2013,Census Tract 1401.07,371000,356000
25025140202,2013,Census Tract 1402.02,65000,449000
25025000301,2013,Census Tract 3.01,2354000,298000
25025000503,2013,Census Tract 5.03,49000,138000
25025010104,2013,Census Tract 101.04,1074000,2579000
25025010408,2013,Census Tract 104.08,363000,12000
25025030100,2013,Census Tract 301,182000,158000
25025040401,2013,Census Tract 404.01,364000,1073000
25025070500,2013,Census Tract 705,3682000,3451000
25025081100,2013,Census Tract 811,219000,1330000
25025060800,2013,Census Tract 608,2506000,796000
25025110301,2013,Census Tract 1103.01,42000,22000
25025110607,2013,Census Tract 1106.07,1135000,1600000
25025120600,2013,Census Tract 1206,40000,240000
25025000402,2013,Census Tract 4.02,603000,1402000
25025010103,2013,Census Tract 101.03,36000,112000
25025010600,2013,Census Tract 106,1090000,4626000
25025010701,2013,Census Tract 107.01,1753000,4740000
25025010702,2013,Census Tract 107.02,5885000,16052000
25025010801,2013,Census Tract 108.01,215000,342000
25025010802,2013,Census Tract 108.02,312000,1170000
25025020101,2013,Census Tract 201.01,2119000,1949000
25025020301,2013,Census Tract 203.01,213000,2397000
25025020302,2013,Census Tract 203.02,181000,1481000
25025020303,2013,Census Tract 203.03,796000,5381000
25025030200,2013,Census Tract 302,136000,1560000
25025030300,2013,Census Tract 303,10448000,31845000
25025030400,2013,Census Tract 304,1515000,326000
25025030500,2013,Census Tract 305,389000,3213000
25025040100,2013,Census Tract 401,189000,1664000
25025040300,2013,Census Tract 403,380000,179000
25025040600,2013,Census Tract 406,2130000,3029000
25025060301,2013,Census Tract 603.01,1001000,603000
25025060400,2013,Census Tract 604,54000,245000
25025060501,2013,Census Tract 605.01,585000,4575000
25025060600,2013,Census Tract 606,3302000,14563000
25025061200,2013,Census Tract 612,4219000,16088000
25025070101,2013,Census Tract 701.01,12286000,56146000
25025070300,2013,Census Tract 703,2819000,4923000
25025070600,2013,Census Tract 706,1398000,643000
25025110501,2013,Census Tract 1105.01,88000,158000
25025110601,2013,Census Tract 1106.01,969000,546000
25025120103,2013,Census Tract 1201.03,111000,1110000
25025120105,2013,Census Tract 1201.05,101000,580000
25025120400,2013,Census Tract 1204,2863000,2433000
25025130200,2013,Census Tract 1302,674000,657000
25025130300,2013,Census Tract 1303,163000,223000
25025130402,2013,Census Tract 1304.02,913000,2548000
25025010300,2014,Census Tract 103,1187000,349000
25025010405,2014,Census Tract 104.05,154000,1118000
25025080401,2014,Census Tract 804.01,497000,47000
25025080801,2014,Census Tract 808.01,8000,0
25025090300,2014,Census Tract 903,349000,20000
25025040801,2014,Census Tract 408.01,479000,5756000
25025050300,2014,Census Tract 503,544000,654000
25025060700,2014,Census Tract 607,0,15000
25025061000,2014,Census Tract 610,47000,70000
25025061101,2014,Census Tract 611.01,12000,0
25025070900,2014,Census Tract 709,281000,711000
25025080500,2014,Census Tract 805,312000,29000
25025080601,2014,Census Tract 806.01,892000,250000
25025081300,2014,Census Tract 813,192000,98000
25025082100,2014,Census Tract 821,933000,62000
25025090200,2014,Census Tract 902,56000,5000
25025000602,2014,Census Tract 6.02,162000,1179000
25025000803,2014,Census Tract 8.03,129000,159000
25025010204,2014,Census Tract 102.04,3647000,146000
25025070402,2014,Census Tract 704.02,2000,552000
25025080300,2014,Census Tract 803,1021000,996000
25025081001,2014,Census Tract 810.01,1789000,617000
25025081200,2014,Census Tract 812,106000,74000
25025081500,2014,Census Tract 815,24000,34000
25025090901,2014,Census Tract 909.01,72000,56000
25025091300,2014,Census Tract 913,29000,395000
25025091600,2014,Census Tract 916,1824000,818000
25025091900,2014,Census Tract 919,156000,192000
25025092400,2014,Census Tract 924,57000,173000
25025100100,2014,Census Tract 1001,653000,318000
25025000100,2014,Census Tract 1,2299000,6140000
25025010403,2014,Census Tract 104.03,192000,319000
25025050101,2014,Census Tract 501.01,276000,34000
25025050400,2014,Census Tract 504,86000,72000
25025050600,2014,Census Tract 506,298000,56000
25025050901,2014,Census Tract 509.01,1077000,587000
25025070200,2014,Census Tract 702,1701000,3551000
25025071201,2014,Census Tract 712.01,735000,7268000
25025090100,2014,Census Tract 901,115000,486000
25025090400,2014,Census Tract 904,1067000,316000
25025091400,2014,Census Tract 914,8000,49000
25025091800,2014,Census Tract 918,551000,82000
25025092200,2014,Census Tract 922,135000,51000
25025092300,2014,Census Tract 923,387000,294000
25025101102,2014,Census Tract 1011.02,652000,51000
25025110401,2014,Census Tract 1104.01,3880000,280000
25025130406,2014,Census Tract 1304.06,178000,207000
25025000202,2014,Census Tract 2.02,241000,434000
25025000401,2014,Census Tract 4.01,1340000,2.00E+05
25025000504,2014,Census Tract 5.04,5.00E+05,69000
25025000802,2014,Census Tract 8.02,4377000,5082000
25025010404,2014,Census Tract 104.04,342000,207000
25025050200,2014,Census Tract 502,826000,298000
25025050500,2014,Census Tract 505,868000,7000
25025050700,2014,Census Tract 507,280000,112000
25025051200,2014,Census Tract 512,527000,1504000
25025071101,2014,Census Tract 711.01,170000,406000
25025080100,2014,Census Tract 801,1975000,7061000
25025081700,2014,Census Tract 817,23000,1185000
25025081800,2014,Census Tract 818,476000,434000
25025090700,2014,Census Tract 907,1404000,1120000
25025091200,2014,Census Tract 912,108000,76000
25025091700,2014,Census Tract 917,22000,6000
25025092101,2014,Census Tract 921.01,3120000,3050000
25025100200,2014,Census Tract 1002,22000,45000
25025100300,2014,Census Tract 1003,30000,51000
25025100400,2014,Census Tract 1004,545000,411000
25025100500,2014,Census Tract 1005,217000,212000
25025101002,2014,Census Tract 1010.02,1185000,1068000
25025120201,2014,Census Tract 1202.01,1296000,1020000
25025140106,2014,Census Tract 1401.06,34000,20000
25025000701,2014,Census Tract 7.01,464000,596000
25025000703,2014,Census Tract 7.03,520000,461000
25025000704,2014,Census Tract 7.04,428000,604000
25025051000,2014,Census Tract 510,832000,615000
25025082000,2014,Census Tract 820,19000,168000
25025090600,2014,Census Tract 906,572000,33000
25025091500,2014,Census Tract 915,108000,592000
25025092000,2014,Census Tract 920,129000,48000
25025120500,2014,Census Tract 1205,779000,328000
25025000601,2014,Census Tract 6.01,757000,2269000
25025051101,2014,Census Tract 511.01,2019000,1878000
25025070700,2014,Census Tract 707,1502000,1595000
25025081400,2014,Census Tract 814,189000,66000
25025081900,2014,Census Tract 819,258000,416000
25025091100,2014,Census Tract 911,1178000,368000
25025100601,2014,Census Tract 1006.01,967000,389000
25025100900,2014,Census Tract 1009,97000,208000
25025110103,2014,Census Tract 1101.03,405000,455000
25025110403,2014,Census Tract 1104.03,647000,132000
25025110502,2014,Census Tract 1105.02,544000,1004000
25025120301,2014,Census Tract 1203.01,229000,1067000
25025120700,2014,Census Tract 1207,229000,83000
25025140201,2014,Census Tract 1402.01,109000,2213000
25025140300,2014,Census Tract 1403,1186000,539000
25025000201,2014,Census Tract 2.01,307000,106000
25025000302,2014,Census Tract 3.02,902000,238000
25025000502,2014,Census Tract 5.02,1242000,915000
25025020200,2014,Census Tract 202,944000,592000
25025070800,2014,Census Tract 708,725000,538000
25025080900,2014,Census Tract 809,803000,1288000
25025100800,2014,Census Tract 1008,310000,1347000
25025101001,2014,Census Tract 1010.01,878000,1986000
25025101101,2014,Census Tract 1011.01,177000,64000
25025110201,2014,Census Tract 1102.01,1285000,16000
25025140400,2014,Census Tract 1404,9.00E+05,407000
25025010203,2014,Census Tract 102.03,2216000,1406000
25025010500,2014,Census Tract 105,426000,1097000
25025040200,2014,Census Tract 402,21000,403000
25025060101,2014,Census Tract 601.01,912000,755000
25025060200,2014,Census Tract 602,334000,95000
25025091001,2014,Census Tract 910.01,549000,2719000
25025100603,2014,Census Tract 1006.03,1480000,1501000
25025100700,2014,Census Tract 1007,891000,761000
25025120104,2014,Census Tract 1201.04,159000,36000
25025130100,2014,Census Tract 1301,886000,771000
25025130404,2014,Census Tract 1304.04,926000,449000
25025140102,2014,Census Tract 1401.02,2120000,2842000
25025140105,2014,Census Tract 1401.05,1666000,1003000
25025140107,2014,Census Tract 1401.07,313000,120000
25025140202,2014,Census Tract 1402.02,1566000,172000
25025000301,2014,Census Tract 3.01,615000,232000
25025000503,2014,Census Tract 5.03,14000,155000
25025010104,2014,Census Tract 101.04,1645000,1460000
25025010408,2014,Census Tract 104.08,12000,77000
25025030100,2014,Census Tract 301,922000,112000
25025040401,2014,Census Tract 404.01,393000,2.00E+05
25025070500,2014,Census Tract 705,1248000,2870000
25025081100,2014,Census Tract 811,348000,1815000
25025060800,2014,Census Tract 608,2128000,465000
25025110301,2014,Census Tract 1103.01,647000,251000
25025110607,2014,Census Tract 1106.07,564000,1929000
25025120600,2014,Census Tract 1206,70000,738000
25025000402,2014,Census Tract 4.02,461000,176000
25025010103,2014,Census Tract 101.03,14000,36000
25025010600,2014,Census Tract 106,2661000,7166000
25025010701,2014,Census Tract 107.01,1175000,6700000
25025010702,2014,Census Tract 107.02,5826000,17557000
25025010801,2014,Census Tract 108.01,257000,933000
25025010802,2014,Census Tract 108.02,674000,352000
25025020101,2014,Census Tract 201.01,720000,1928000
25025020301,2014,Census Tract 203.01,419000,2300000
25025020302,2014,Census Tract 203.02,151000,347000
25025020303,2014,Census Tract 203.03,1139000,5798000
25025030200,2014,Census Tract 302,1615000,3396000
25025030300,2014,Census Tract 303,8701000,31019000
25025030400,2014,Census Tract 304,2417000,1025000
25025030500,2014,Census Tract 305,1477000,3277000
25025040100,2014,Census Tract 401,916000,1688000
25025040300,2014,Census Tract 403,199000,149000
25025040600,2014,Census Tract 406,1125000,6960000
25025060301,2014,Census Tract 603.01,964000,923000
25025060400,2014,Census Tract 604,144000,173000
25025060501,2014,Census Tract 605.01,3518000,2406000
25025060600,2014,Census Tract 606,3162000,16950000
25025061200,2014,Census Tract 612,4799000,15077000
25025070101,2014,Census Tract 701.01,19968000,59245000
25025070300,2014,Census Tract 703,1690000,6947000
25025070600,2014,Census Tract 706,1963000,413000
25025110501,2014,Census Tract 1105.01,27000,688000
25025110601,2014,Census Tract 1106.01,211000,727000
25025120103,2014,Census Tract 1201.03,351000,2359000
25025120105,2014,Census Tract 1201.05,293000,480000
25025120400,2014,Census Tract 1204,1979000,465000
25025130200,2014,Census Tract 1302,604000,755000
25025130300,2014,Census Tract 1303,332000,323000
25025130402,2014,Census Tract 1304.02,450000,4508000
25025010300,2015,Census Tract 103,83000,837000
25025010405,2015,Census Tract 104.05,44000,287000
25025080401,2015,Census Tract 804.01,379000,221000
25025080801,2015,Census Tract 808.01,38000,4000
25025090300,2015,Census Tract 903,822000,29000
25025040801,2015,Census Tract 408.01,485000,2735000
25025050300,2015,Census Tract 503,254000,354000
25025060700,2015,Census Tract 607,0,15000
25025061000,2015,Census Tract 610,60000,136000
25025061101,2015,Census Tract 611.01,1000,62000
25025070900,2015,Census Tract 709,283000,438000
25025080500,2015,Census Tract 805,201000,1000
25025080601,2015,Census Tract 806.01,138000,352000
25025081300,2015,Census Tract 813,737000,5.00E+05
25025082100,2015,Census Tract 821,9000,12000
25025090200,2015,Census Tract 902,1000,13000
25025000602,2015,Census Tract 6.02,275000,1212000
25025000803,2015,Census Tract 8.03,132000,6.00E+05
25025010204,2015,Census Tract 102.04,720000,306000
25025070402,2015,Census Tract 704.02,620000,291000
25025080300,2015,Census Tract 803,90000,381000
25025081001,2015,Census Tract 810.01,414000,71000
25025081200,2015,Census Tract 812,97000,236000
25025081500,2015,Census Tract 815,62000,46000
25025090901,2015,Census Tract 909.01,1023000,61000
25025091300,2015,Census Tract 913,36000,1644000
25025091600,2015,Census Tract 916,1084000,1177000
25025091900,2015,Census Tract 919,91000,492000
25025092400,2015,Census Tract 924,50000,209000
25025100100,2015,Census Tract 1001,41000,430000
25025000100,2015,Census Tract 1,2116000,9667000
25025010403,2015,Census Tract 104.03,190000,911000
25025050101,2015,Census Tract 501.01,131000,112000
25025050400,2015,Census Tract 504,93000,904000
25025050600,2015,Census Tract 506,781000,359000
25025050901,2015,Census Tract 509.01,457000,2391000
25025070200,2015,Census Tract 702,1001000,4354000
25025071201,2015,Census Tract 712.01,748000,5713000
25025090100,2015,Census Tract 901,87000,463000
25025090400,2015,Census Tract 904,56000,129000
25025091400,2015,Census Tract 914,117000,91000
25025091800,2015,Census Tract 918,262000,105000
25025092200,2015,Census Tract 922,76000,755000
25025092300,2015,Census Tract 923,146000,121000
25025101102,2015,Census Tract 1011.02,292000,98000
25025110401,2015,Census Tract 1104.01,673000,452000
25025130406,2015,Census Tract 1304.06,1027000,210000
25025000202,2015,Census Tract 2.02,1490000,769000
25025000401,2015,Census Tract 4.01,743000,289000
25025000504,2015,Census Tract 5.04,738000,1999000
25025000802,2015,Census Tract 8.02,1644000,7366000
25025010404,2015,Census Tract 104.04,908000,588000
25025050200,2015,Census Tract 502,553000,277000
25025050500,2015,Census Tract 505,177000,86000
25025050700,2015,Census Tract 507,109000,105000
25025051200,2015,Census Tract 512,129000,1543000
25025071101,2015,Census Tract 711.01,442000,442000
25025080100,2015,Census Tract 801,636000,5452000
25025081700,2015,Census Tract 817,715000,594000
25025081800,2015,Census Tract 818,190000,23000
25025090700,2015,Census Tract 907,513000,1172000
25025091200,2015,Census Tract 912,126000,75000
25025091700,2015,Census Tract 917,38000,1000
25025092101,2015,Census Tract 921.01,3920000,2473000
25025100200,2015,Census Tract 1002,40000,35000
25025100300,2015,Census Tract 1003,120000,1014000
25025100400,2015,Census Tract 1004,218000,892000
25025100500,2015,Census Tract 1005,1111000,145000
25025101002,2015,Census Tract 1010.02,92000,676000
25025120201,2015,Census Tract 1202.01,1529000,1325000
25025140106,2015,Census Tract 1401.06,26000,3000
25025000701,2015,Census Tract 7.01,575000,101000
25025000703,2015,Census Tract 7.03,559000,1003000
25025000704,2015,Census Tract 7.04,396000,568000
25025051000,2015,Census Tract 510,439000,2352000
25025082000,2015,Census Tract 820,76000,246000
25025090600,2015,Census Tract 906,276000,711000
25025091500,2015,Census Tract 915,383000,35000
25025092000,2015,Census Tract 920,184000,188000
25025120500,2015,Census Tract 1205,32000,228000
25025000601,2015,Census Tract 6.01,257000,843000
25025051101,2015,Census Tract 511.01,465000,532000
25025070700,2015,Census Tract 707,624000,627000
25025081400,2015,Census Tract 814,181000,399000
25025081900,2015,Census Tract 819,307000,9000
25025091100,2015,Census Tract 911,524000,317000
25025100601,2015,Census Tract 1006.01,549000,791000
25025100900,2015,Census Tract 1009,144000,228000
25025110103,2015,Census Tract 1101.03,851000,374000
25025110403,2015,Census Tract 1104.03,137000,1693000
25025110502,2015,Census Tract 1105.02,1338000,640000
25025120301,2015,Census Tract 1203.01,689000,2399000
25025120700,2015,Census Tract 1207,343000,68000
25025140201,2015,Census Tract 1402.01,236000,1131000
25025140300,2015,Census Tract 1403,1796000,1295000
25025000201,2015,Census Tract 2.01,223000,118000
25025000302,2015,Census Tract 3.02,232000,144000
25025000502,2015,Census Tract 5.02,796000,1052000
25025020200,2015,Census Tract 202,505000,1459000
25025070800,2015,Census Tract 708,1669000,2180000
25025080900,2015,Census Tract 809,207000,331000
25025100800,2015,Census Tract 1008,1412000,1511000
25025101001,2015,Census Tract 1010.01,642000,1538000
25025101101,2015,Census Tract 1011.01,24000,718000
25025110201,2015,Census Tract 1102.01,505000,83000
25025140400,2015,Census Tract 1404,737000,87000
25025010203,2015,Census Tract 102.03,2194000,930000
25025010500,2015,Census Tract 105,414000,4256000
25025040200,2015,Census Tract 402,82000,544000
25025060101,2015,Census Tract 601.01,867000,161000
25025060200,2015,Census Tract 602,129000,82000
25025091001,2015,Census Tract 910.01,566000,1867000
25025100603,2015,Census Tract 1006.03,1364000,2055000
25025100700,2015,Census Tract 1007,1049000,1117000
25025120104,2015,Census Tract 1201.04,71000,361000
25025130100,2015,Census Tract 1301,697000,1469000
25025130404,2015,Census Tract 1304.04,762000,781000
25025140102,2015,Census Tract 1401.02,5370000,5005000
25025140105,2015,Census Tract 1401.05,1631000,798000
25025140107,2015,Census Tract 1401.07,10000,46000
25025140202,2015,Census Tract 1402.02,893000,196000
25025000301,2015,Census Tract 3.01,538000,1222000
25025000503,2015,Census Tract 5.03,95000,72000
25025010104,2015,Census Tract 101.04,3014000,1905000
25025010408,2015,Census Tract 104.08,163000,42000
25025030100,2015,Census Tract 301,745000,148000
25025040401,2015,Census Tract 404.01,2197000,566000
25025070500,2015,Census Tract 705,1689000,4912000
25025081100,2015,Census Tract 811,445000,1029000
25025060800,2015,Census Tract 608,1017000,1775000
25025110301,2015,Census Tract 1103.01,303000,786000
25025110607,2015,Census Tract 1106.07,479000,1487000
25025120600,2015,Census Tract 1206,291000,654000
25025000402,2015,Census Tract 4.02,380000,437000
25025010103,2015,Census Tract 101.03,211000,24000
25025010600,2015,Census Tract 106,3443000,8890000
25025010701,2015,Census Tract 107.01,3323000,6869000
25025010702,2015,Census Tract 107.02,5907000,22381000
25025010801,2015,Census Tract 108.01,302000,883000
25025010802,2015,Census Tract 108.02,376000,913000
25025020101,2015,Census Tract 201.01,1879000,3468000
25025020301,2015,Census Tract 203.01,306000,628000
25025020302,2015,Census Tract 203.02,75000,669000
25025020303,2015,Census Tract 203.03,1023000,8020000
25025030200,2015,Census Tract 302,1477000,3158000
25025030300,2015,Census Tract 303,9832000,36999000
25025030400,2015,Census Tract 304,1989000,949000
25025030500,2015,Census Tract 305,382000,1694000
25025040100,2015,Census Tract 401,481000,1927000
25025040300,2015,Census Tract 403,805000,128000
25025040600,2015,Census Tract 406,340000,5186000
25025060301,2015,Census Tract 603.01,9.00E+05,1180000
25025060400,2015,Census Tract 604,125000,154000
25025060501,2015,Census Tract 605.01,1973000,1747000
25025060600,2015,Census Tract 606,3501000,24451000
25025061200,2015,Census Tract 612,5441000,14999000
25025070101,2015,Census Tract 701.01,20775000,63698000
25025070300,2015,Census Tract 703,1553000,4881000
25025070600,2015,Census Tract 706,1433000,564000
25025110501,2015,Census Tract 1105.01,192000,43000
25025110601,2015,Census Tract 1106.01,340000,173000
25025120103,2015,Census Tract 1201.03,533000,261000
25025120105,2015,Census Tract 1201.05,357000,843000
25025120400,2015,Census Tract 1204,1620000,1253000
25025130200,2015,Census Tract 1302,1536000,893000
25025130300,2015,Census Tract 1303,1061000,387000
25025130402,2015,Census Tract 1304.02,902000,2993000
25025010300,2016,Census Tract 103,97000,292000
25025010405,2016,Census Tract 104.05,181000,321000
25025080401,2016,Census Tract 804.01,217000,328000
25025080801,2016,Census Tract 808.01,15000,27000
25025090300,2016,Census Tract 903,117000,463000
25025040801,2016,Census Tract 408.01,962000,3322000
25025050300,2016,Census Tract 503,4.00E+05,286000
25025060700,2016,Census Tract 607,17000,1000
25025061000,2016,Census Tract 610,109000,135000
25025061101,2016,Census Tract 611.01,0,62000
25025070900,2016,Census Tract 709,440000,526000
25025080500,2016,Census Tract 805,135000,44000
25025080601,2016,Census Tract 806.01,820000,745000
25025081300,2016,Census Tract 813,598000,272000
25025082100,2016,Census Tract 821,420000,4000
25025090200,2016,Census Tract 902,130000,542000
25025000602,2016,Census Tract 6.02,418000,1277000
25025000803,2016,Census Tract 8.03,456000,90000
25025010204,2016,Census Tract 102.04,223000,1420000
25025070402,2016,Census Tract 704.02,677000,1454000
25025080300,2016,Census Tract 803,43000,665000
25025081001,2016,Census Tract 810.01,1288000,239000
25025081200,2016,Census Tract 812,221000,52000
25025081500,2016,Census Tract 815,68000,70000
25025090901,2016,Census Tract 909.01,189000,42000
25025091300,2016,Census Tract 913,808000,1095000
25025091600,2016,Census Tract 916,1641000,442000
25025091900,2016,Census Tract 919,286000,125000
25025092400,2016,Census Tract 924,195000,312000
25025100100,2016,Census Tract 1001,489000,353000
25025000100,2016,Census Tract 1,2626000,4678000
25025010403,2016,Census Tract 104.03,158000,724000
25025050101,2016,Census Tract 501.01,971000,141000
25025050400,2016,Census Tract 504,723000,155000
25025050600,2016,Census Tract 506,1174000,1207000
25025050901,2016,Census Tract 509.01,845000,2679000
25025070200,2016,Census Tract 702,885000,3765000
25025071201,2016,Census Tract 712.01,2252000,6122000
25025090100,2016,Census Tract 901,563000,162000
25025090400,2016,Census Tract 904,944000,239000
25025091400,2016,Census Tract 914,350000,707000
25025091800,2016,Census Tract 918,614000,53000
25025092200,2016,Census Tract 922,441000,72000
25025092300,2016,Census Tract 923,1120000,1427000
25025101102,2016,Census Tract 1011.02,701000,127000
25025110401,2016,Census Tract 1104.01,2066000,65000
25025130406,2016,Census Tract 1304.06,334000,144000
25025000202,2016,Census Tract 2.02,401000,769000
25025000401,2016,Census Tract 4.01,1952000,227000
25025000504,2016,Census Tract 5.04,606000,771000
25025000802,2016,Census Tract 8.02,8562000,6510000
25025010404,2016,Census Tract 104.04,439000,279000
25025050200,2016,Census Tract 502,475000,283000
25025050500,2016,Census Tract 505,289000,116000
25025050700,2016,Census Tract 507,359000,244000
25025051200,2016,Census Tract 512,226000,1379000
25025071101,2016,Census Tract 711.01,1019000,557000
25025080100,2016,Census Tract 801,2458000,10076000
25025081700,2016,Census Tract 817,237000,330000
25025081800,2016,Census Tract 818,1129000,51000
25025090700,2016,Census Tract 907,798000,1633000
25025091200,2016,Census Tract 912,1549000,164000
25025091700,2016,Census Tract 917,84000,66000
25025092101,2016,Census Tract 921.01,2713000,2716000
25025100200,2016,Census Tract 1002,372000,13000
25025100300,2016,Census Tract 1003,517000,147000
25025100400,2016,Census Tract 1004,1253000,634000
25025100500,2016,Census Tract 1005,264000,369000
25025101002,2016,Census Tract 1010.02,918000,647000
25025120201,2016,Census Tract 1202.01,2027000,325000
25025140106,2016,Census Tract 1401.06,63000,2000
25025000701,2016,Census Tract 7.01,326000,183000
25025000703,2016,Census Tract 7.03,260000,749000
25025000704,2016,Census Tract 7.04,460000,1239000
25025051000,2016,Census Tract 510,582000,1041000
25025082000,2016,Census Tract 820,111000,735000
25025090600,2016,Census Tract 906,369000,193000
25025091500,2016,Census Tract 915,55000,69000
25025092000,2016,Census Tract 920,658000,257000
25025120500,2016,Census Tract 1205,534000,367000
25025000601,2016,Census Tract 6.01,877000,1339000
25025051101,2016,Census Tract 511.01,728000,482000
25025070700,2016,Census Tract 707,474000,1203000
25025081400,2016,Census Tract 814,1372000,232000
25025081900,2016,Census Tract 819,150000,34000
25025091100,2016,Census Tract 911,1319000,261000
25025100601,2016,Census Tract 1006.01,1080000,868000
25025100900,2016,Census Tract 1009,556000,415000
25025110103,2016,Census Tract 1101.03,697000,1537000
25025110403,2016,Census Tract 1104.03,350000,162000
25025110502,2016,Census Tract 1105.02,2431000,2142000
25025120301,2016,Census Tract 1203.01,2488000,2975000
25025120700,2016,Census Tract 1207,835000,748000
25025140201,2016,Census Tract 1402.01,227000,2669000
25025140300,2016,Census Tract 1403,5598000,1580000
25025000201,2016,Census Tract 2.01,2428000,1297000
25025000302,2016,Census Tract 3.02,653000,80000
25025000502,2016,Census Tract 5.02,1051000,2132000
25025020200,2016,Census Tract 202,1373000,4189000
25025070800,2016,Census Tract 708,1204000,1094000
25025080900,2016,Census Tract 809,87000,1659000
25025100800,2016,Census Tract 1008,254000,2713000
25025101001,2016,Census Tract 1010.01,452000,1992000
25025101101,2016,Census Tract 1011.01,86000,119000
25025110201,2016,Census Tract 1102.01,187000,202000
25025140400,2016,Census Tract 1404,2963000,551000
25025010203,2016,Census Tract 102.03,1281000,719000
25025010500,2016,Census Tract 105,225000,3454000
25025040200,2016,Census Tract 402,25000,417000
25025060101,2016,Census Tract 601.01,1047000,393000
25025060200,2016,Census Tract 602,145000,98000
25025091001,2016,Census Tract 910.01,719000,1713000
25025100603,2016,Census Tract 1006.03,1745000,731000
25025100700,2016,Census Tract 1007,748000,2662000
25025120104,2016,Census Tract 1201.04,182000,267000
25025130100,2016,Census Tract 1301,1169000,755000
25025130404,2016,Census Tract 1304.04,1037000,704000
25025140102,2016,Census Tract 1401.02,1111000,3953000
25025140105,2016,Census Tract 1401.05,799000,1538000
25025140107,2016,Census Tract 1401.07,660000,118000
25025140202,2016,Census Tract 1402.02,340000,139000
25025000301,2016,Census Tract 3.01,391000,332000
25025000503,2016,Census Tract 5.03,370000,81000
25025010104,2016,Census Tract 101.04,1724000,2769000
25025010408,2016,Census Tract 104.08,37000,13000
25025030100,2016,Census Tract 301,1875000,249000
25025040401,2016,Census Tract 404.01,334000,173000
25025070500,2016,Census Tract 705,2406000,3679000
25025081100,2016,Census Tract 811,279000,416000
25025060800,2016,Census Tract 608,857000,6.00E+05
25025110301,2016,Census Tract 1103.01,643000,302000
25025110607,2016,Census Tract 1106.07,906000,1868000
25025120600,2016,Census Tract 1206,506000,1212000
25025000402,2016,Census Tract 4.02,592000,1483000
25025010103,2016,Census Tract 101.03,80000,68000
25025010600,2016,Census Tract 106,3263000,8724000
25025010701,2016,Census Tract 107.01,1826000,7259000
25025010702,2016,Census Tract 107.02,10562000,23436000
25025010801,2016,Census Tract 108.01,610000,1054000
25025010802,2016,Census Tract 108.02,484000,1610000
25025020101,2016,Census Tract 201.01,1599000,1662000
25025020301,2016,Census Tract 203.01,763000,633000
25025020302,2016,Census Tract 203.02,135000,482000
25025020303,2016,Census Tract 203.03,1599000,7595000
25025030200,2016,Census Tract 302,1009000,3093000
25025030300,2016,Census Tract 303,14016000,41296000
25025030400,2016,Census Tract 304,2534000,1963000
25025030500,2016,Census Tract 305,2069000,1323000
25025040100,2016,Census Tract 401,555000,3510000
25025040300,2016,Census Tract 403,289000,1470000
25025040600,2016,Census Tract 406,1145000,6372000
25025060301,2016,Census Tract 603.01,2322000,1688000
25025060400,2016,Census Tract 604,2.00E+05,225000
25025060501,2016,Census Tract 605.01,2405000,2511000
25025060600,2016,Census Tract 606,3478000,18594000
25025061200,2016,Census Tract 612,3788000,15082000
25025070101,2016,Census Tract 701.01,18396000,74039000
25025070300,2016,Census Tract 703,3528000,7356000
25025070600,2016,Census Tract 706,2136000,2829000
25025110501,2016,Census Tract 1105.01,152000,81000
25025110601,2016,Census Tract 1106.01,147000,469000
25025120103,2016,Census Tract 1201.03,745000,996000
25025120105,2016,Census Tract 1201.05,327000,813000
25025120400,2016,Census Tract 1204,1400000,2273000
25025130200,2016,Census Tract 1302,462000,1108000
25025130300,2016,Census Tract 1303,394000,1236000
25025130402,2016,Census Tract 1304.02,2055000,3191000
25025061101,2017,Census Tract 611.01,42000,55000
25025082100,2017,Census Tract 821,1319000,58000
25025060700,2017,Census Tract 607,0,1000
25025061000,2017,Census Tract 610,229000,239000
25025070402,2017,Census Tract 704.02,279000,560000
25025080500,2017,Census Tract 805,458000,53000
25025080601,2017,Census Tract 806.01,1148000,413000
25025081001,2017,Census Tract 810.01,2287000,297000
25025081200,2017,Census Tract 812,295000,691000
25025081300,2017,Census Tract 813,667000,161000
25025090200,2017,Census Tract 902,527000,9000
25025000602,2017,Census Tract 6.02,562000,1154000
25025010300,2017,Census Tract 103,134000,571000
25025050300,2017,Census Tract 503,309000,464000
25025070200,2017,Census Tract 702,2419000,2776000
25025080100,2017,Census Tract 801,1847000,10148000
25025080300,2017,Census Tract 803,45000,520000
25025080801,2017,Census Tract 808.01,75000,16000
25025081400,2017,Census Tract 814,1668000,529000
25025081700,2017,Census Tract 817,794000,296000
25025081800,2017,Census Tract 818,293000,48000
25025081900,2017,Census Tract 819,460000,894000
25025090100,2017,Census Tract 901,94000,536000
25025090300,2017,Census Tract 903,626000,196000
25025090901,2017,Census Tract 909.01,2.00E+05,27000
25025100100,2017,Census Tract 1001,416000,124000
25025010405,2017,Census Tract 104.05,140000,231000
25025040200,2017,Census Tract 402,46000,737000
25025050500,2017,Census Tract 505,348000,216000
25025050700,2017,Census Tract 507,869000,139000
25025071201,2017,Census Tract 712.01,1102000,4716000
25025080401,2017,Census Tract 804.01,860000,816000
25025081500,2017,Census Tract 815,62000,297000
25025090400,2017,Census Tract 904,3394000,316000
25025090600,2017,Census Tract 906,217000,280000
25025091300,2017,Census Tract 913,141000,1394000
25025091600,2017,Census Tract 916,452000,652000
25025091700,2017,Census Tract 917,270000,60000
25025092000,2017,Census Tract 920,2.00E+05,279000
25025092300,2017,Census Tract 923,424000,334000
25025092400,2017,Census Tract 924,520000,817000
25025100200,2017,Census Tract 1002,71000,26000
25025101002,2017,Census Tract 1010.02,811000,1473000
25025101102,2017,Census Tract 1011.02,1367000,138000
25025000100,2017,Census Tract 1,703000,4800000
25025000202,2017,Census Tract 2.02,434000,639000
25025000701,2017,Census Tract 7.01,344000,243000
25025000802,2017,Census Tract 8.02,3321000,6197000
25025010500,2017,Census Tract 105,431000,3569000
25025030400,2017,Census Tract 304,3483000,1336000
25025040801,2017,Census Tract 408.01,1120000,2306000
25025050101,2017,Census Tract 501.01,197000,186000
25025050200,2017,Census Tract 502,2062000,619000
25025050400,2017,Census Tract 504,270000,315000
25025050600,2017,Census Tract 506,928000,217000
25025081100,2017,Census Tract 811,179000,433000
25025082000,2017,Census Tract 820,82000,199000
25025090700,2017,Census Tract 907,2158000,1940000
25025091400,2017,Census Tract 914,305000,172000
25025091500,2017,Census Tract 915,217000,139000
25025091800,2017,Census Tract 918,174000,928000
25025091900,2017,Census Tract 919,96000,175000
25025092101,2017,Census Tract 921.01,3307000,2929000
25025100300,2017,Census Tract 1003,93000,492000
25025130406,2017,Census Tract 1304.06,185000,175000
25025000401,2017,Census Tract 4.01,888000,545000
25025000601,2017,Census Tract 6.01,1504000,2290000
25025000704,2017,Census Tract 7.04,403000,1140000
25025010404,2017,Census Tract 104.04,319000,318000
25025010408,2017,Census Tract 104.08,101000,90000
25025050901,2017,Census Tract 509.01,596000,1180000
25025051101,2017,Census Tract 511.01,298000,566000
25025060800,2017,Census Tract 608,3931000,1273000
25025091100,2017,Census Tract 911,1975000,1917000
25025091200,2017,Census Tract 912,214000,91000
25025100500,2017,Census Tract 1005,418000,747000
25025100601,2017,Census Tract 1006.01,445000,216000
25025100900,2017,Census Tract 1009,271000,388000
25025101001,2017,Census Tract 1010.01,1530000,1946000
25025101101,2017,Census Tract 1011.01,756000,148000
25025110201,2017,Census Tract 1102.01,109000,170000
25025110401,2017,Census Tract 1104.01,1248000,57000
25025140106,2017,Census Tract 1401.06,39000,96000
25025140300,2017,Census Tract 1403,938000,542000
25025000201,2017,Census Tract 2.01,826000,264000
25025000402,2017,Census Tract 4.02,437000,421000
25025000503,2017,Census Tract 5.03,326000,62000
25025000504,2017,Census Tract 5.04,1071000,687000
25025000803,2017,Census Tract 8.03,294000,329000
25025051200,2017,Census Tract 512,502000,986000
25025110103,2017,Census Tract 1101.03,411000,1543000
25025120500,2017,Census Tract 1205,448000,381000
25025000703,2017,Census Tract 7.03,756000,771000
25025010203,2017,Census Tract 102.03,1025000,3385000
25025010204,2017,Census Tract 102.04,1365000,1811000
25025030200,2017,Census Tract 302,952000,3151000
25025051000,2017,Census Tract 510,2174000,1135000
25025080900,2017,Census Tract 809,1350000,536000
25025091001,2017,Census Tract 910.01,258000,1784000
25025100400,2017,Census Tract 1004,697000,401000
25025100603,2017,Census Tract 1006.03,972000,934000
25025110301,2017,Census Tract 1103.01,251000,588000
25025110502,2017,Census Tract 1105.02,1021000,814000
25025120201,2017,Census Tract 1202.01,1366000,696000
25025140102,2017,Census Tract 1401.02,1010000,3461000
25025140105,2017,Census Tract 1401.05,246000,1921000
25025140400,2017,Census Tract 1404,2247000,230000
25025000301,2017,Census Tract 3.01,452000,273000
25025000302,2017,Census Tract 3.02,1273000,181000
25025092200,2017,Census Tract 922,145000,1106000
25025100800,2017,Census Tract 1008,1908000,824000
25025120104,2017,Census Tract 1201.04,118000,59000
25025120301,2017,Census Tract 1203.01,476000,566000
25025130404,2017,Census Tract 1304.04,1514000,332000
25025140107,2017,Census Tract 1401.07,334000,202000
25025140201,2017,Census Tract 1402.01,295000,522000
25025140202,2017,Census Tract 1402.02,478000,201000
25025000502,2017,Census Tract 5.02,1200000,946000
25025010104,2017,Census Tract 101.04,975000,3990000
25025110403,2017,Census Tract 1104.03,119000,129000
25025110501,2017,Census Tract 1105.01,126000,111000
25025130402,2017,Census Tract 1304.02,1397000,8262000
25025060101,2017,Census Tract 601.01,271000,320000
25025060301,2017,Census Tract 603.01,1047000,809000
25025060400,2017,Census Tract 604,1084000,662000
25025060501,2017,Census Tract 605.01,3825000,2205000
25025070700,2017,Census Tract 707,846000,786000
25025120400,2017,Census Tract 1204,969000,2801000
25025120700,2017,Census Tract 1207,939000,71000
25025130100,2017,Census Tract 1301,1749000,586000
25025130200,2017,Census Tract 1302,1462000,792000
25025010103,2017,Census Tract 101.03,720000,65000
25025010403,2017,Census Tract 104.03,832000,674000
25025010600,2017,Census Tract 106,4971000,6989000
25025010701,2017,Census Tract 107.01,2071000,6942000
25025010702,2017,Census Tract 107.02,4469000,19170000
25025010801,2017,Census Tract 108.01,404000,652000
25025010802,2017,Census Tract 108.02,619000,912000
25025020101,2017,Census Tract 201.01,1299000,2664000
25025020200,2017,Census Tract 202,1489000,1126000
25025020301,2017,Census Tract 203.01,477000,682000
25025020302,2017,Census Tract 203.02,165000,596000
25025020303,2017,Census Tract 203.03,1368000,8240000
25025030100,2017,Census Tract 301,1910000,240000
25025030300,2017,Census Tract 303,12552000,46980000
25025030500,2017,Census Tract 305,2385000,3086000
25025040100,2017,Census Tract 401,628000,3715000
25025040300,2017,Census Tract 403,1507000,142000
25025040401,2017,Census Tract 404.01,295000,210000
25025040600,2017,Census Tract 406,2119000,5803000
25025060200,2017,Census Tract 602,362000,96000
25025060600,2017,Census Tract 606,3162000,17465000
25025061200,2017,Census Tract 612,2146000,10641000
25025070101,2017,Census Tract 701.01,21287000,67080000
25025070300,2017,Census Tract 703,2880000,5931000
25025070500,2017,Census Tract 705,3329000,2765000
25025070600,2017,Census Tract 706,686000,441000
25025070800,2017,Census Tract 708,1754000,552000
25025100700,2017,Census Tract 1007,1146000,926000
25025110601,2017,Census Tract 1106.01,698000,233000
25025110607,2017,Census Tract 1106.07,633000,2172000
25025120103,2017,Census Tract 1201.03,315000,306000
25025120105,2017,Census Tract 1201.05,1309000,318000
25025120600,2017,Census Tract 1206,265000,226000
25025130300,2017,Census Tract 1303,388000,903000
25025070900,2017,Census Tract 709,850000,1497000
25025071101,2017,Census Tract 711.01,1452000,573000
25025061101,2018,Census Tract 611.01,5000,16000
25025082100,2018,Census Tract 821,161000,22000
25025060700,2018,Census Tract 607,0,0
25025061000,2018,Census Tract 610,74000,306000
25025070402,2018,Census Tract 704.02,669000,539000
25025080500,2018,Census Tract 805,37000,54000
25025080601,2018,Census Tract 806.01,180000,641000
25025081001,2018,Census Tract 810.01,789000,1034000
25025081200,2018,Census Tract 812,125000,283000
25025081300,2018,Census Tract 813,399000,369000
25025090200,2018,Census Tract 902,24000,18000
25025000602,2018,Census Tract 6.02,520000,313000
25025010300,2018,Census Tract 103,256000,499000
25025050300,2018,Census Tract 503,294000,353000
25025070200,2018,Census Tract 702,1434000,2877000
25025080100,2018,Census Tract 801,1468000,6301000
25025080300,2018,Census Tract 803,451000,397000
25025080801,2018,Census Tract 808.01,9000,251000
25025081400,2018,Census Tract 814,561000,429000
25025081700,2018,Census Tract 817,213000,872000
25025081800,2018,Census Tract 818,25000,94000
25025081900,2018,Census Tract 819,27000,40000
25025090100,2018,Census Tract 901,1292000,310000
25025090300,2018,Census Tract 903,224000,34000
25025090901,2018,Census Tract 909.01,154000,94000
25025100100,2018,Census Tract 1001,81000,306000
25025010405,2018,Census Tract 104.05,323000,546000
25025040200,2018,Census Tract 402,232000,444000
25025050500,2018,Census Tract 505,64000,184000
25025050700,2018,Census Tract 507,128000,208000
25025071201,2018,Census Tract 712.01,1224000,3537000
25025080401,2018,Census Tract 804.01,640000,408000
25025081500,2018,Census Tract 815,280000,73000
25025090400,2018,Census Tract 904,432000,315000
25025090600,2018,Census Tract 906,172000,827000
25025091300,2018,Census Tract 913,52000,1047000
25025091600,2018,Census Tract 916,241000,492000
25025091700,2018,Census Tract 917,511000,640000
25025092000,2018,Census Tract 920,399000,393000
25025092300,2018,Census Tract 923,16000,439000
25025092400,2018,Census Tract 924,590000,349000
25025100200,2018,Census Tract 1002,40000,29000
25025101002,2018,Census Tract 1010.02,831000,713000
25025101102,2018,Census Tract 1011.02,338000,884000
25025000100,2018,Census Tract 1,1934000,6059000
25025000202,2018,Census Tract 2.02,359000,766000
25025000701,2018,Census Tract 7.01,150000,430000
25025000802,2018,Census Tract 8.02,1597000,6825000
25025010500,2018,Census Tract 105,632000,2575000
25025030400,2018,Census Tract 304,1511000,2854000
25025040801,2018,Census Tract 408.01,459000,1130000
25025050101,2018,Census Tract 501.01,311000,683000
25025050200,2018,Census Tract 502,493000,754000
25025050400,2018,Census Tract 504,753000,187000
25025050600,2018,Census Tract 506,613000,208000
25025081100,2018,Census Tract 811,1018000,972000
25025082000,2018,Census Tract 820,155000,429000
25025090700,2018,Census Tract 907,1188000,5316000
25025091400,2018,Census Tract 914,110000,190000
25025091500,2018,Census Tract 915,58000,98000
25025091800,2018,Census Tract 918,1043000,740000
25025091900,2018,Census Tract 919,138000,187000
25025092101,2018,Census Tract 921.01,1501000,2999000
25025100300,2018,Census Tract 1003,290000,79000
25025130406,2018,Census Tract 1304.06,742000,182000
25025000401,2018,Census Tract 4.01,1029000,325000
25025000601,2018,Census Tract 6.01,971000,1719000
25025000704,2018,Census Tract 7.04,628000,867000
25025010404,2018,Census Tract 104.04,184000,422000
25025010408,2018,Census Tract 104.08,144000,329000
25025050901,2018,Census Tract 509.01,595000,2697000
25025051101,2018,Census Tract 511.01,296000,418000
25025060800,2018,Census Tract 608,1433000,1075000
25025091100,2018,Census Tract 911,457000,436000
25025091200,2018,Census Tract 912,178000,93000
25025100500,2018,Census Tract 1005,1367000,724000
25025100601,2018,Census Tract 1006.01,803000,399000
25025100900,2018,Census Tract 1009,494000,361000
25025101001,2018,Census Tract 1010.01,937000,2018000
25025101101,2018,Census Tract 1011.01,276000,628000
25025110201,2018,Census Tract 1102.01,926000,188000
25025110401,2018,Census Tract 1104.01,893000,152000
25025140106,2018,Census Tract 1401.06,10000,28000
25025140300,2018,Census Tract 1403,1723000,788000
25025000201,2018,Census Tract 2.01,807000,320000
25025000402,2018,Census Tract 4.02,1260000,419000
25025000503,2018,Census Tract 5.03,886000,81000
25025000504,2018,Census Tract 5.04,992000,364000
25025000803,2018,Census Tract 8.03,569000,159000
25025051200,2018,Census Tract 512,970000,446000
25025110103,2018,Census Tract 1101.03,1121000,728000
25025120500,2018,Census Tract 1205,193000,404000
25025000703,2018,Census Tract 7.03,435000,1316000
25025010203,2018,Census Tract 102.03,2034000,1942000
25025010204,2018,Census Tract 102.04,258000,1847000
25025030200,2018,Census Tract 302,672000,3012000
25025051000,2018,Census Tract 510,1399000,1519000
25025080900,2018,Census Tract 809,232000,611000
25025091001,2018,Census Tract 910.01,546000,2155000
25025100400,2018,Census Tract 1004,161000,828000
25025100603,2018,Census Tract 1006.03,792000,711000
25025110301,2018,Census Tract 1103.01,391000,364000
25025110502,2018,Census Tract 1105.02,601000,658000
25025120201,2018,Census Tract 1202.01,432000,545000
25025140102,2018,Census Tract 1401.02,752000,4481000
25025140105,2018,Census Tract 1401.05,325000,1957000
25025140400,2018,Census Tract 1404,321000,616000
25025000301,2018,Census Tract 3.01,1187000,1629000
25025000302,2018,Census Tract 3.02,681000,266000
25025092200,2018,Census Tract 922,186000,934000
25025100800,2018,Census Tract 1008,562000,1115000
25025120104,2018,Census Tract 1201.04,154000,717000
25025120301,2018,Census Tract 1203.01,1531000,1409000
25025130404,2018,Census Tract 1304.04,427000,251000
25025140107,2018,Census Tract 1401.07,33000,113000
25025140201,2018,Census Tract 1402.01,134000,2411000
25025140202,2018,Census Tract 1402.02,103000,384000
25025000502,2018,Census Tract 5.02,987000,1217000
25025010104,2018,Census Tract 101.04,883000,5.00E+06
25025110403,2018,Census Tract 1104.03,86000,148000
25025110501,2018,Census Tract 1105.01,166000,186000
25025130402,2018,Census Tract 1304.02,2922000,4286000
25025060101,2018,Census Tract 601.01,203000,691000
25025060301,2018,Census Tract 603.01,7.00E+05,1577000
25025060400,2018,Census Tract 604,859000,393000
25025060501,2018,Census Tract 605.01,2416000,2160000
25025070700,2018,Census Tract 707,382000,1697000
25025120400,2018,Census Tract 1204,1243000,940000
25025120700,2018,Census Tract 1207,324000,316000
25025130100,2018,Census Tract 1301,634000,763000
25025130200,2018,Census Tract 1302,1769000,526000
25025010103,2018,Census Tract 101.03,1524000,194000
25025010403,2018,Census Tract 104.03,257000,1427000
25025010600,2018,Census Tract 106,4492000,12539000
25025010701,2018,Census Tract 107.01,2651000,6048000
25025010702,2018,Census Tract 107.02,4902000,16255000
25025010801,2018,Census Tract 108.01,1397000,1138000
25025010802,2018,Census Tract 108.02,1532000,1155000
25025020101,2018,Census Tract 201.01,1089000,3260000
25025020200,2018,Census Tract 202,2029000,1725000
25025020301,2018,Census Tract 203.01,372000,621000
25025020302,2018,Census Tract 203.02,236000,589000
25025020303,2018,Census Tract 203.03,3039000,9132000
25025030100,2018,Census Tract 301,1442000,590000
25025030300,2018,Census Tract 303,10618000,38961000
25025030500,2018,Census Tract 305,1098000,1486000
25025040100,2018,Census Tract 401,371000,2305000
25025040300,2018,Census Tract 403,424000,662000
25025040401,2018,Census Tract 404.01,380000,191000
25025040600,2018,Census Tract 406,1084000,5998000
25025060200,2018,Census Tract 602,493000,375000
25025060600,2018,Census Tract 606,2787000,17342000
25025061200,2018,Census Tract 612,4246000,12515000
25025070101,2018,Census Tract 701.01,14188000,74283000
25025070300,2018,Census Tract 703,2031000,10530000
25025070500,2018,Census Tract 705,1469000,2039000
25025070600,2018,Census Tract 706,429000,958000
25025070800,2018,Census Tract 708,1835000,1715000
25025100700,2018,Census Tract 1007,439000,2302000
25025110601,2018,Census Tract 1106.01,130000,238000
25025110607,2018,Census Tract 1106.07,1279000,1507000
25025120103,2018,Census Tract 1201.03,180000,2273000
25025120105,2018,Census Tract 1201.05,311000,298000
25025120600,2018,Census Tract 1206,1049000,479000
25025130300,2018,Census Tract 1303,632000,767000
25025070900,2018,Census Tract 709,380000,2427000
25025071101,2018,Census Tract 711.01,413000,1854000
25025061101,2019,Census Tract 611.01,9000,53000
25025082100,2019,Census Tract 821,239000,72000
25025060700,2019,Census Tract 607,9000,28000
25025061000,2019,Census Tract 610,261000,574000
25025070402,2019,Census Tract 704.02,221000,473000
25025080500,2019,Census Tract 805,197000,31000
25025080601,2019,Census Tract 806.01,2013000,466000
25025081001,2019,Census Tract 810.01,392000,254000
25025081200,2019,Census Tract 812,152000,87000
25025081300,2019,Census Tract 813,126000,279000
25025090200,2019,Census Tract 902,136000,536000
25025000602,2019,Census Tract 6.02,256000,1313000
25025010300,2019,Census Tract 103,78000,1865000
25025050300,2019,Census Tract 503,1290000,1152000
25025070200,2019,Census Tract 702,3657000,4259000
25025080100,2019,Census Tract 801,950000,8764000
25025080300,2019,Census Tract 803,74000,656000
25025080801,2019,Census Tract 808.01,7000,24000
25025081400,2019,Census Tract 814,232000,262000
25025081700,2019,Census Tract 817,201000,803000
25025081800,2019,Census Tract 818,331000,382000
25025081900,2019,Census Tract 819,339000,123000
25025090100,2019,Census Tract 901,242000,288000
25025090300,2019,Census Tract 903,1.00E+05,2030000
25025090901,2019,Census Tract 909.01,216000,140000
25025100100,2019,Census Tract 1001,95000,425000
25025010405,2019,Census Tract 104.05,184000,232000
25025040200,2019,Census Tract 402,399000,110000
25025050500,2019,Census Tract 505,29000,267000
25025050700,2019,Census Tract 507,829000,1028000
25025071201,2019,Census Tract 712.01,774000,5309000
25025080401,2019,Census Tract 804.01,589000,448000
25025081500,2019,Census Tract 815,447000,159000
25025090400,2019,Census Tract 904,168000,125000
25025090600,2019,Census Tract 906,1117000,1373000
25025091300,2019,Census Tract 913,31000,132000
25025091600,2019,Census Tract 916,941000,1188000
25025091700,2019,Census Tract 917,138000,259000
25025092000,2019,Census Tract 920,198000,565000
25025092300,2019,Census Tract 923,185000,322000
25025092400,2019,Census Tract 924,155000,275000
25025100200,2019,Census Tract 1002,447000,68000
25025101002,2019,Census Tract 1010.02,1909000,390000
25025101102,2019,Census Tract 1011.02,602000,153000
25025000100,2019,Census Tract 1,1348000,6012000
25025000202,2019,Census Tract 2.02,1799000,1254000
25025000701,2019,Census Tract 7.01,309000,250000
25025000802,2019,Census Tract 8.02,1680000,5474000
25025010500,2019,Census Tract 105,614000,4159000
25025030400,2019,Census Tract 304,1040000,2082000
25025040801,2019,Census Tract 408.01,627000,2116000
25025050101,2019,Census Tract 501.01,147000,328000
25025050200,2019,Census Tract 502,184000,397000
25025050400,2019,Census Tract 504,873000,350000
25025050600,2019,Census Tract 506,1377000,616000
25025081100,2019,Census Tract 811,217000,514000
25025082000,2019,Census Tract 820,116000,875000
25025090700,2019,Census Tract 907,806000,2299000
25025091400,2019,Census Tract 914,58000,158000
25025091500,2019,Census Tract 915,815000,180000
25025091800,2019,Census Tract 918,87000,231000
25025091900,2019,Census Tract 919,116000,186000
25025092101,2019,Census Tract 921.01,798000,4093000
25025100300,2019,Census Tract 1003,135000,369000
25025130406,2019,Census Tract 1304.06,689000,297000
25025000401,2019,Census Tract 4.01,326000,434000
25025000601,2019,Census Tract 6.01,445000,2225000
25025000704,2019,Census Tract 7.04,1063000,1007000
25025010404,2019,Census Tract 104.04,356000,859000
25025010408,2019,Census Tract 104.08,19000,127000
25025050901,2019,Census Tract 509.01,1161000,1562000
25025051101,2019,Census Tract 511.01,701000,1306000
25025060800,2019,Census Tract 608,761000,1490000
25025091100,2019,Census Tract 911,1952000,998000
25025091200,2019,Census Tract 912,707000,411000
25025100500,2019,Census Tract 1005,826000,1975000
25025100601,2019,Census Tract 1006.01,508000,535000
25025100900,2019,Census Tract 1009,682000,310000
25025101001,2019,Census Tract 1010.01,1211000,2151000
25025101101,2019,Census Tract 1011.01,64000,96000
25025110201,2019,Census Tract 1102.01,385000,1154000
25025110401,2019,Census Tract 1104.01,496000,936000
25025140106,2019,Census Tract 1401.06,262000,14000
25025140300,2019,Census Tract 1403,3783000,1184000
25025000201,2019,Census Tract 2.01,498000,245000
25025000402,2019,Census Tract 4.02,725000,851000
25025000503,2019,Census Tract 5.03,260000,144000
25025000504,2019,Census Tract 5.04,938000,1134000
25025000803,2019,Census Tract 8.03,432000,422000
25025051200,2019,Census Tract 512,511000,2097000
25025110103,2019,Census Tract 1101.03,280000,447000
25025120500,2019,Census Tract 1205,161000,166000
25025000703,2019,Census Tract 7.03,392000,1175000
25025010203,2019,Census Tract 102.03,816000,2633000
25025010204,2019,Census Tract 102.04,507000,958000
25025030200,2019,Census Tract 302,130000,4153000
25025051000,2019,Census Tract 510,877000,2081000
25025080900,2019,Census Tract 809,253000,1940000
25025091001,2019,Census Tract 910.01,796000,1791000
25025100400,2019,Census Tract 1004,240000,360000
25025100603,2019,Census Tract 1006.03,795000,861000
25025110301,2019,Census Tract 1103.01,351000,274000
25025110502,2019,Census Tract 1105.02,1245000,798000
25025120201,2019,Census Tract 1202.01,1991000,2066000
25025140102,2019,Census Tract 1401.02,1446000,6645000
25025140105,2019,Census Tract 1401.05,386000,3562000
25025140400,2019,Census Tract 1404,291000,866000
25025000301,2019,Census Tract 3.01,357000,1395000
25025000302,2019,Census Tract 3.02,594000,367000
25025092200,2019,Census Tract 922,1120000,893000
25025100800,2019,Census Tract 1008,539000,1295000
25025120104,2019,Census Tract 1201.04,87000,98000
25025120301,2019,Census Tract 1203.01,1796000,788000
25025130404,2019,Census Tract 1304.04,536000,203000
25025140107,2019,Census Tract 1401.07,824000,269000
25025140201,2019,Census Tract 1402.01,457000,1677000
25025140202,2019,Census Tract 1402.02,403000,639000
25025000502,2019,Census Tract 5.02,1624000,1244000
25025010104,2019,Census Tract 101.04,531000,2333000
25025110403,2019,Census Tract 1104.03,195000,143000
25025110501,2019,Census Tract 1105.01,212000,175000
25025130402,2019,Census Tract 1304.02,1098000,3639000
25025060101,2019,Census Tract 601.01,360000,434000
25025060301,2019,Census Tract 603.01,1042000,1396000
25025060400,2019,Census Tract 604,515000,408000
25025060501,2019,Census Tract 605.01,2347000,2846000
25025070700,2019,Census Tract 707,390000,1189000
25025120400,2019,Census Tract 1204,1870000,2154000
25025120700,2019,Census Tract 1207,303000,1113000
25025130100,2019,Census Tract 1301,980000,860000
25025130200,2019,Census Tract 1302,1582000,2161000
25025010103,2019,Census Tract 101.03,110000,117000
25025010403,2019,Census Tract 104.03,495000,1650000
25025010600,2019,Census Tract 106,3315000,10777000
25025010701,2019,Census Tract 107.01,4074000,7972000
25025010702,2019,Census Tract 107.02,4206000,18671000
25025010801,2019,Census Tract 108.01,519000,1111000
25025010802,2019,Census Tract 108.02,816000,1194000
25025020101,2019,Census Tract 201.01,3708000,2320000
25025020200,2019,Census Tract 202,1050000,1025000
25025020301,2019,Census Tract 203.01,422000,884000
25025020302,2019,Census Tract 203.02,435000,427000
25025020303,2019,Census Tract 203.03,3963000,10664000
25025030100,2019,Census Tract 301,973000,213000
25025030300,2019,Census Tract 303,12095000,47321000
25025030500,2019,Census Tract 305,1410000,4393000
25025040100,2019,Census Tract 401,702000,1893000
25025040300,2019,Census Tract 403,1166000,413000
25025040401,2019,Census Tract 404.01,437000,854000
25025040600,2019,Census Tract 406,1410000,4044000
25025060200,2019,Census Tract 602,455000,251000
25025060600,2019,Census Tract 606,2642000,21029000
25025061200,2019,Census Tract 612,2120000,12052000
25025070101,2019,Census Tract 701.01,13034000,65515000
25025070300,2019,Census Tract 703,2039000,7408000
25025070500,2019,Census Tract 705,1246000,4131000
25025070600,2019,Census Tract 706,1317000,532000
25025070800,2019,Census Tract 708,1002000,996000
25025100700,2019,Census Tract 1007,386000,1635000
25025110601,2019,Census Tract 1106.01,464000,314000
25025110607,2019,Census Tract 1106.07,526000,942000
25025120103,2019,Census Tract 1201.03,659000,1465000
25025120105,2019,Census Tract 1201.05,346000,182000
25025120600,2019,Census Tract 1206,538000,1403000
25025130300,2019,Census Tract 1303,847000,539000
25025070900,2019,Census Tract 709,1298000,775000
25025071101,2019,Census Tract 711.01,561000,1152000
25025061101,2020,Census Tract 611.01,7000,107000
25025082100,2020,Census Tract 821,260000,180000
25025060700,2020,Census Tract 607,24000,17000
25025061000,2020,Census Tract 610,145000,894000
25025070402,2020,Census Tract 704.02,1075000,3916000
25025080500,2020,Census Tract 805,493000,689000
25025080601,2020,Census Tract 806.01,1297000,2630000
25025081001,2020,Census Tract 810.01,656000,676000
25025081200,2020,Census Tract 812,178000,703000
25025081300,2020,Census Tract 813,721000,1755000
25025090200,2020,Census Tract 902,190000,620000
25025000602,2020,Census Tract 6.02,489000,874000
25025010300,2020,Census Tract 103,383000,1554000
25025050300,2020,Census Tract 503,536000,3654000
25025070200,2020,Census Tract 702,4689000,14896000
25025080100,2020,Census Tract 801,3123000,18124000
25025080300,2020,Census Tract 803,132000,1162000
25025080801,2020,Census Tract 808.01,87000,258000
25025081400,2020,Census Tract 814,1375000,2098000
25025081700,2020,Census Tract 817,265000,1248000
25025081800,2020,Census Tract 818,503000,863000
25025081900,2020,Census Tract 819,346000,1025000
25025090100,2020,Census Tract 901,204000,464000
25025090300,2020,Census Tract 903,780000,936000
25025090901,2020,Census Tract 909.01,540000,759000
25025100100,2020,Census Tract 1001,823000,1148000
25025010405,2020,Census Tract 104.05,432000,669000
25025040200,2020,Census Tract 402,8000,1032000
25025050500,2020,Census Tract 505,153000,374000
25025050700,2020,Census Tract 507,1704000,1232000
25025071201,2020,Census Tract 712.01,3192000,17733000
25025080401,2020,Census Tract 804.01,367000,3427000
25025081500,2020,Census Tract 815,91000,136000
25025090400,2020,Census Tract 904,215000,1976000
25025090600,2020,Census Tract 906,5.00E+05,3830000
25025091300,2020,Census Tract 913,524000,1451000
25025091600,2020,Census Tract 916,872000,2476000
25025091700,2020,Census Tract 917,70000,252000
25025092000,2020,Census Tract 920,1211000,1395000
25025092300,2020,Census Tract 923,113000,1118000
25025092400,2020,Census Tract 924,613000,870000
25025100200,2020,Census Tract 1002,163000,110000
25025101002,2020,Census Tract 1010.02,421000,1680000
25025101102,2020,Census Tract 1011.02,291000,759000
25025000100,2020,Census Tract 1,2387000,19970000
25025000202,2020,Census Tract 2.02,1585000,2735000
25025000701,2020,Census Tract 7.01,555000,477000
25025000802,2020,Census Tract 8.02,3787000,16410000
25025010500,2020,Census Tract 105,1170000,7302000
25025030400,2020,Census Tract 304,2858000,11117000
25025040801,2020,Census Tract 408.01,1688000,7313000
25025050101,2020,Census Tract 501.01,568000,564000
25025050200,2020,Census Tract 502,488000,1232000
25025050400,2020,Census Tract 504,599000,1743000
25025050600,2020,Census Tract 506,668000,1577000
25025081100,2020,Census Tract 811,1080000,1340000
25025082000,2020,Census Tract 820,169000,3138000
25025090700,2020,Census Tract 907,1007000,6032000
25025091400,2020,Census Tract 914,531000,216000
25025091500,2020,Census Tract 915,213000,204000
25025091800,2020,Census Tract 918,2.00E+05,1217000
25025091900,2020,Census Tract 919,347000,314000
25025092101,2020,Census Tract 921.01,4095000,10593000
25025100300,2020,Census Tract 1003,383000,544000
25025130406,2020,Census Tract 1304.06,609000,1517000
25025000401,2020,Census Tract 4.01,869000,592000
25025000601,2020,Census Tract 6.01,1622000,5434000
25025000704,2020,Census Tract 7.04,1107000,2442000
25025010404,2020,Census Tract 104.04,494000,1798000
25025010408,2020,Census Tract 104.08,67000,1.00E+05
25025050901,2020,Census Tract 509.01,932000,5112000
25025051101,2020,Census Tract 511.01,1924000,1380000
25025060800,2020,Census Tract 608,1586000,6405000
25025091100,2020,Census Tract 911,1352000,2947000
25025091200,2020,Census Tract 912,614000,912000
25025100500,2020,Census Tract 1005,1522000,1774000
25025100601,2020,Census Tract 1006.01,602000,1725000
25025100900,2020,Census Tract 1009,396000,1581000
25025101001,2020,Census Tract 1010.01,883000,3440000
25025101101,2020,Census Tract 1011.01,207000,221000
25025110201,2020,Census Tract 1102.01,642000,477000
25025110401,2020,Census Tract 1104.01,960000,522000
25025140106,2020,Census Tract 1401.06,16000,105000
25025140300,2020,Census Tract 1403,874000,4873000
25025000201,2020,Census Tract 2.01,957000,1122000
25025000402,2020,Census Tract 4.02,918000,1900000
25025000503,2020,Census Tract 5.03,671000,132000
25025000504,2020,Census Tract 5.04,1223000,2477000
25025000803,2020,Census Tract 8.03,927000,969000
25025051200,2020,Census Tract 512,1278000,4169000
25025110103,2020,Census Tract 1101.03,1694000,3884000
25025120500,2020,Census Tract 1205,483000,532000
25025000703,2020,Census Tract 7.03,1526000,3531000
25025010203,2020,Census Tract 102.03,1219000,9790000
25025010204,2020,Census Tract 102.04,434000,4367000
25025030200,2020,Census Tract 302,1820000,5543000
25025051000,2020,Census Tract 510,1410000,3485000
25025080900,2020,Census Tract 809,1786000,1695000
25025091001,2020,Census Tract 910.01,1023000,5430000
25025100400,2020,Census Tract 1004,510000,995000
25025100603,2020,Census Tract 1006.03,1457000,5135000
25025110301,2020,Census Tract 1103.01,4.00E+05,861000
25025110502,2020,Census Tract 1105.02,1400000,2800000
25025120201,2020,Census Tract 1202.01,1132000,3022000
25025140102,2020,Census Tract 1401.02,1285000,12631000
25025140105,2020,Census Tract 1401.05,212000,4018000
25025140400,2020,Census Tract 1404,1176000,1318000
25025000301,2020,Census Tract 3.01,517000,2417000
25025000302,2020,Census Tract 3.02,516000,535000
25025092200,2020,Census Tract 922,481000,665000
25025100800,2020,Census Tract 1008,1268000,3841000
25025120104,2020,Census Tract 1201.04,367000,514000
25025120301,2020,Census Tract 1203.01,930000,5908000
25025130404,2020,Census Tract 1304.04,419000,687000
25025140107,2020,Census Tract 1401.07,99000,221000
25025140201,2020,Census Tract 1402.01,780000,3897000
25025140202,2020,Census Tract 1402.02,451000,1043000
25025000502,2020,Census Tract 5.02,758000,3642000
25025010104,2020,Census Tract 101.04,4893000,6228000
25025110403,2020,Census Tract 1104.03,219000,430000
25025110501,2020,Census Tract 1105.01,236000,414000
25025130402,2020,Census Tract 1304.02,2303000,9207000
25025060101,2020,Census Tract 601.01,166000,1201000
25025060301,2020,Census Tract 603.01,2016000,1766000
25025060400,2020,Census Tract 604,478000,1424000
25025060501,2020,Census Tract 605.01,3252000,8217000
25025070700,2020,Census Tract 707,2138000,6430000
25025120400,2020,Census Tract 1204,1658000,3788000
25025120700,2020,Census Tract 1207,348000,734000
25025130100,2020,Census Tract 1301,1658000,2679000
25025130200,2020,Census Tract 1302,1554000,3722000
25025010103,2020,Census Tract 101.03,190000,653000
25025010403,2020,Census Tract 104.03,2749000,2853000
25025010600,2020,Census Tract 106,5858000,28818000
25025010701,2020,Census Tract 107.01,8621000,26818000
25025010702,2020,Census Tract 107.02,8486000,56336000
25025010801,2020,Census Tract 108.01,2114000,1777000
25025010802,2020,Census Tract 108.02,493000,4291000
25025020101,2020,Census Tract 201.01,1681000,7586000
25025020200,2020,Census Tract 202,441000,3896000
25025020301,2020,Census Tract 203.01,1120000,1876000
25025020302,2020,Census Tract 203.02,637000,1249000
25025020303,2020,Census Tract 203.03,5642000,34402000
25025030100,2020,Census Tract 301,1605000,796000
25025030300,2020,Census Tract 303,27855000,133823000
25025030500,2020,Census Tract 305,1247000,5295000
25025040100,2020,Census Tract 401,1215000,4846000
25025040300,2020,Census Tract 403,738000,2121000
25025040401,2020,Census Tract 404.01,605000,2679000
25025040600,2020,Census Tract 406,3670000,17246000
25025060200,2020,Census Tract 602,160000,340000
25025060600,2020,Census Tract 606,7460000,60585000
25025061200,2020,Census Tract 612,5643000,35528000
25025070101,2020,Census Tract 701.01,34051000,243858000
25025070300,2020,Census Tract 703,3685000,33211000
25025070500,2020,Census Tract 705,3548000,11398000
25025070600,2020,Census Tract 706,1011000,2380000
25025070800,2020,Census Tract 708,1567000,5463000
25025100700,2020,Census Tract 1007,1169000,5909000
25025110601,2020,Census Tract 1106.01,496000,538000
25025110607,2020,Census Tract 1106.07,1679000,3084000
25025120103,2020,Census Tract 1201.03,1172000,3090000
25025120105,2020,Census Tract 1201.05,724000,1382000
25025120600,2020,Census Tract 1206,284000,928000
25025130300,2020,Census Tract 1303,1021000,2841000
25025070900,2020,Census Tract 709,882000,1904000
25025071101,2020,Census Tract 711.01,1860000,4100000
25025061101,2021,Census Tract 611.01,53000,75000
25025082100,2021,Census Tract 821,176000,333000
25025060700,2021,Census Tract 607,15000,49000
25025061000,2021,Census Tract 610,129000,677000
25025070402,2021,Census Tract 704.02,539000,5173000
25025080500,2021,Census Tract 805,177000,368000
25025080601,2021,Census Tract 806.01,362000,1426000
25025081001,2021,Census Tract 810.01,657000,1534000
25025081200,2021,Census Tract 812,467000,303000
25025081300,2021,Census Tract 813,708000,1267000
25025090200,2021,Census Tract 902,279000,1003000
25025000602,2021,Census Tract 6.02,1060000,4.00E+05
25025010300,2021,Census Tract 103,28000,1201000
25025050300,2021,Census Tract 503,332000,2331000
25025070200,2021,Census Tract 702,2962000,9642000
25025080100,2021,Census Tract 801,820000,10975000
25025080300,2021,Census Tract 803,311000,1486000
25025080801,2021,Census Tract 808.01,142000,520000
25025081400,2021,Census Tract 814,678000,1146000
25025081700,2021,Census Tract 817,232000,326000
25025081800,2021,Census Tract 818,792000,839000
25025081900,2021,Census Tract 819,72000,909000
25025090100,2021,Census Tract 901,139000,601000
25025090300,2021,Census Tract 903,275000,609000
25025090901,2021,Census Tract 909.01,124000,539000
25025100100,2021,Census Tract 1001,544000,1853000
25025010405,2021,Census Tract 104.05,676000,560000
25025040200,2021,Census Tract 402,1.00E+05,1302000
25025050500,2021,Census Tract 505,85000,289000
25025050700,2021,Census Tract 507,368000,824000
25025071201,2021,Census Tract 712.01,2347000,12678000
25025080401,2021,Census Tract 804.01,451000,2394000
25025081500,2021,Census Tract 815,318000,241000
25025090400,2021,Census Tract 904,298000,607000
25025090600,2021,Census Tract 906,630000,3048000
25025091300,2021,Census Tract 913,174000,1022000
25025091600,2021,Census Tract 916,1084000,1245000
25025091700,2021,Census Tract 917,625000,311000
25025092000,2021,Census Tract 920,370000,1329000
25025092300,2021,Census Tract 923,821000,1136000
25025092400,2021,Census Tract 924,247000,663000
25025100200,2021,Census Tract 1002,1247000,274000
25025101002,2021,Census Tract 1010.02,618000,3183000
25025101102,2021,Census Tract 1011.02,234000,955000
25025000100,2021,Census Tract 1,3319000,14018000
25025000202,2021,Census Tract 2.02,1334000,1685000
25025000701,2021,Census Tract 7.01,330000,659000
25025000802,2021,Census Tract 8.02,3139000,9890000
25025010500,2021,Census Tract 105,2074000,6364000
25025030400,2021,Census Tract 304,1920000,15216000
25025040801,2021,Census Tract 408.01,1169000,7153000
25025050101,2021,Census Tract 501.01,155000,326000
25025050200,2021,Census Tract 502,404000,1165000
25025050400,2021,Census Tract 504,427000,787000
25025050600,2021,Census Tract 506,1546000,1510000
25025081100,2021,Census Tract 811,553000,1043000
25025082000,2021,Census Tract 820,452000,1459000
25025090700,2021,Census Tract 907,1137000,4523000
25025091400,2021,Census Tract 914,211000,310000
25025091500,2021,Census Tract 915,465000,209000
25025091800,2021,Census Tract 918,164000,860000
25025091900,2021,Census Tract 919,239000,438000
25025092101,2021,Census Tract 921.01,2432000,7388000
25025100300,2021,Census Tract 1003,516000,757000
25025130406,2021,Census Tract 1304.06,1771000,652000
25025000401,2021,Census Tract 4.01,342000,1206000
25025000601,2021,Census Tract 6.01,885000,3271000
25025000704,2021,Census Tract 7.04,1166000,3201000
25025010404,2021,Census Tract 104.04,374000,930000
25025010408,2021,Census Tract 104.08,547000,69000
25025050901,2021,Census Tract 509.01,755000,3691000
25025051101,2021,Census Tract 511.01,2249000,1863000
25025060800,2021,Census Tract 608,1536000,3731000
25025091100,2021,Census Tract 911,1190000,2916000
25025091200,2021,Census Tract 912,269000,278000
25025100500,2021,Census Tract 1005,1392000,711000
25025100601,2021,Census Tract 1006.01,342000,1855000
25025100900,2021,Census Tract 1009,939000,2784000
25025101001,2021,Census Tract 1010.01,571000,2811000
25025101101,2021,Census Tract 1011.01,253000,797000
25025110201,2021,Census Tract 1102.01,134000,455000
25025110401,2021,Census Tract 1104.01,310000,1466000
25025140106,2021,Census Tract 1401.06,89000,97000
25025140300,2021,Census Tract 1403,2907000,5339000
25025000201,2021,Census Tract 2.01,821000,541000
25025000402,2021,Census Tract 4.02,668000,2650000
25025000503,2021,Census Tract 5.03,1138000,119000
25025000504,2021,Census Tract 5.04,783000,979000
25025000803,2021,Census Tract 8.03,289000,1353000
25025051200,2021,Census Tract 512,526000,1875000
25025110103,2021,Census Tract 1101.03,2049000,3121000
25025120500,2021,Census Tract 1205,216000,474000
25025000703,2021,Census Tract 7.03,1130000,2436000
25025010203,2021,Census Tract 102.03,1130000,9178000
25025010204,2021,Census Tract 102.04,1815000,2038000
25025030200,2021,Census Tract 302,367000,5107000
25025051000,2021,Census Tract 510,1085000,2292000
25025080900,2021,Census Tract 809,969000,1246000
25025091001,2021,Census Tract 910.01,768000,3827000
25025100400,2021,Census Tract 1004,875000,1251000
25025100603,2021,Census Tract 1006.03,1119000,6852000
25025110301,2021,Census Tract 1103.01,1036000,376000
25025110502,2021,Census Tract 1105.02,1416000,2405000
25025120201,2021,Census Tract 1202.01,2409000,1884000
25025140102,2021,Census Tract 1401.02,1265000,6599000
25025140105,2021,Census Tract 1401.05,530000,2523000
25025140400,2021,Census Tract 1404,1064000,2644000
25025000301,2021,Census Tract 3.01,492000,1894000
25025000302,2021,Census Tract 3.02,427000,1444000
25025092200,2021,Census Tract 922,692000,843000
25025100800,2021,Census Tract 1008,931000,1970000
25025120104,2021,Census Tract 1201.04,365000,391000
25025120301,2021,Census Tract 1203.01,1095000,2654000
25025130404,2021,Census Tract 1304.04,328000,1657000
25025140107,2021,Census Tract 1401.07,187000,190000
25025140201,2021,Census Tract 1402.01,429000,2268000
25025140202,2021,Census Tract 1402.02,684000,768000
25025000502,2021,Census Tract 5.02,386000,2897000
25025010104,2021,Census Tract 101.04,1227000,6757000
25025110403,2021,Census Tract 1104.03,214000,512000
25025110501,2021,Census Tract 1105.01,427000,895000
25025130402,2021,Census Tract 1304.02,4901000,5248000
25025060101,2021,Census Tract 601.01,213000,642000
25025060301,2021,Census Tract 603.01,3047000,1719000
25025060400,2021,Census Tract 604,1701000,1134000
25025060501,2021,Census Tract 605.01,2272000,5581000
25025070700,2021,Census Tract 707,829000,5781000
25025120400,2021,Census Tract 1204,3890000,3580000
25025120700,2021,Census Tract 1207,607000,332000
25025130100,2021,Census Tract 1301,1290000,4699000
25025130200,2021,Census Tract 1302,1253000,2272000
25025010103,2021,Census Tract 101.03,409000,715000
25025010403,2021,Census Tract 104.03,298000,4289000
25025010600,2021,Census Tract 106,3326000,19312000
25025010701,2021,Census Tract 107.01,3402000,20552000
25025010702,2021,Census Tract 107.02,8555000,35302000
25025010801,2021,Census Tract 108.01,638000,1933000
25025010802,2021,Census Tract 108.02,1214000,2912000
25025020101,2021,Census Tract 201.01,1746000,6962000
25025020200,2021,Census Tract 202,906000,4995000
25025020301,2021,Census Tract 203.01,550000,2259000
25025020302,2021,Census Tract 203.02,380000,1376000
25025020303,2021,Census Tract 203.03,3324000,24174000
25025030100,2021,Census Tract 301,133000,554000
25025030300,2021,Census Tract 303,19191000,90071000
25025030500,2021,Census Tract 305,3291000,5587000
25025040100,2021,Census Tract 401,749000,4337000
25025040300,2021,Census Tract 403,695000,806000
25025040401,2021,Census Tract 404.01,458000,1189000
25025040600,2021,Census Tract 406,2807000,8679000
25025060200,2021,Census Tract 602,359000,355000
25025060600,2021,Census Tract 606,3183000,42262000
25025061200,2021,Census Tract 612,4820000,20400000
25025070101,2021,Census Tract 701.01,22495000,156903000
25025070300,2021,Census Tract 703,5243000,25029000
25025070500,2021,Census Tract 705,2450000,7830000
25025070600,2021,Census Tract 706,2067000,3495000
25025070800,2021,Census Tract 708,1142000,3899000
25025100700,2021,Census Tract 1007,691000,5578000
25025110601,2021,Census Tract 1106.01,428000,541000
25025110607,2021,Census Tract 1106.07,522000,1738000
25025120103,2021,Census Tract 1201.03,2104000,4679000
25025120105,2021,Census Tract 1201.05,762000,883000
25025120600,2021,Census Tract 1206,688000,640000
25025130300,2021,Census Tract 1303,1470000,4215000
25025070900,2021,Census Tract 709,1482000,2199000
25025071101,2021,Census Tract 711.01,890000,2914000
