"YEAR","GEOID","NAME","tot_pov_stat_det","tot_below_pov","tot_above_pov"
1980,25025000101,"Census Tract 1.01",1760,206,1554
1980,25025000102,"Census Tract 1.02",2071,242,1829
1980,25025000201,"Census Tract 2.01",3751,580,3171
1980,25025000202,"Census Tract 2.02",3936,738,3198
1980,25025000301,"Census Tract 3.01",3047,277,2770
1980,25025000302,"Census Tract 3.02",3019,274,2745
1980,25025000401,"Census Tract 4.01",5253,938,4315
1980,25025000402,"Census Tract 4.02",3250,580,2670
1980,25025000502,"Census Tract 5.02",4009,1173,2836
1980,25025000503,"Census Tract 5.03",1722,504,1218
1980,25025000505,"Census Tract 5.05",1511,442,1069
1980,25025000506,"Census Tract 5.06",2017,590,1427
1980,25025000601,"Census Tract 6.01",3245,583,2662
1980,25025000603,"Census Tract 6.03",1600,530,1070
1980,25025000604,"Census Tract 6.04",2613,865,1748
1980,25025000701,"Census Tract 7.01",3852,1000,2852
1980,25025000703,"Census Tract 7.03",2002,668,1334
1980,25025000704,"Census Tract 7.04",4046,1349,2697
1980,25025000804,"Census Tract 8.04",2243,546,1697
1980,25025000805,"Census Tract 8.05",2771,674,2097
1980,25025000806,"Census Tract 8.06",1306,318,988
1980,25025000807,"Census Tract 8.07",1193,290,903
1980,25025010103,"Census Tract 101.03",653,334,319
1980,25025010104,"Census Tract 101.04",2525,781,1744
1980,25025010204,"Census Tract 102.04",2515,923,1592
1980,25025010205,"Census Tract 102.05",1955,717,1238
1980,25025010206,"Census Tract 102.06",1447,531,916
1980,25025010300,"Census Tract 103",1059,381,678
1980,25025010403,"Census Tract 104.03",1700,593,1107
1980,25025010404,"Census Tract 104.04",2229,778,1451
1980,25025010405,"Census Tract 104.05",2903,1013,1890
1980,25025010408,"Census Tract 104.08",1125,413,712
1980,25025010500,"Census Tract 105",1992,241,1751
1980,25025010600,"Census Tract 106",2103,234,1869
1980,25025010701,"Census Tract 107.01",2750,465,2285
1980,25025010702,"Census Tract 107.02",2643,447,2196
1980,25025010801,"Census Tract 108.01",2921,475,2446
1980,25025010802,"Census Tract 108.02",3045,496,2549
1980,25025020101,"Census Tract 201.01",5203,759,4444
1980,25025020200,"Census Tract 202",3739,885,2854
1980,25025020301,"Census Tract 203.01",2201,299,1902
1980,25025020302,"Census Tract 203.02",1387,183,1204
1980,25025020304,"Census Tract 203.04",128,17,111
1980,25025020305,"Census Tract 203.05",1696,223,1473
1980,25025030100,"Census Tract 301",2087,268,1819
1980,25025030200,"Census Tract 302",1424,286,1138
1980,25025030301,"Census Tract 303.01",968,73,895
1980,25025030302,"Census Tract 303.02",987,79,908
1980,25025030400,"Census Tract 304",3548,397,3151
1980,25025030500,"Census Tract 305",1723,256,1467
1980,25025040100,"Census Tract 401",1395,57,1338
1980,25025040200,"Census Tract 402",1208,256,952
1980,25025040300,"Census Tract 403",4013,549,3464
1980,25025040401,"Census Tract 404.01",2710,530,2180
1980,25025040600,"Census Tract 406",2402,248,2154
1980,25025040801,"Census Tract 408.01",1542,760,782
1980,25025050101,"Census Tract 501.01",3928,1068,2860
1980,25025050200,"Census Tract 502",3587,619,2968
1980,25025050300,"Census Tract 503",1668,502,1166
1980,25025050400,"Census Tract 504",1744,203,1541
1980,25025050500,"Census Tract 505",1495,179,1316
1980,25025050600,"Census Tract 506",1414,163,1251
1980,25025050700,"Census Tract 507",3142,539,2603
1980,25025050901,"Census Tract 509.01",3246,582,2664
1980,25025051000,"Census Tract 510",4011,592,3419
1980,25025051101,"Census Tract 511.01",5098,461,4637
1980,25025051200,"Census Tract 512",2413,400,2013
1980,25025060101,"Census Tract 601.01",3419,243,3176
1980,25025060200,"Census Tract 602",2392,200,2192
1980,25025060301,"Census Tract 603.01",3490,497,2993
1980,25025060400,"Census Tract 604",5053,484,4569
1980,25025060501,"Census Tract 605.01",3065,591,2474
1980,25025060601,"Census Tract 606.01",535,149,386
1980,25025060602,"Census Tract 606.02",37,9,28
1980,25025060603,"Census Tract 606.03",24,7,17
1980,25025060604,"Census Tract 606.04",76,21,55
1980,25025060700,"Census Tract 607",1869,1018,851
1980,25025060800,"Census Tract 608",3072,645,2427
1980,25025061000,"Census Tract 610",2994,1162,1832
1980,25025061101,"Census Tract 611.01",2012,692,1320
1980,25025061201,"Census Tract 612.01",1279,222,1057
1980,25025061202,"Census Tract 612.02",,,
1980,25025061203,"Census Tract 612.03",299,21,278
1980,25025061204,"Census Tract 612.04",57,4,53
1980,25025070102,"Census Tract 701.02",783,124,659
1980,25025070103,"Census Tract 701.03",53,8,45
1980,25025070104,"Census Tract 701.04",298,47,251
1980,25025070201,"Census Tract 702.01",1268,304,964
1980,25025070202,"Census Tract 702.02",2904,632,2272
1980,25025070301,"Census Tract 703.01",1982,331,1651
1980,25025070302,"Census Tract 703.02",1228,208,1020
1980,25025070402,"Census Tract 704.02",1740,445,1295
1980,25025070501,"Census Tract 705.01",1901,436,1465
1980,25025070502,"Census Tract 705.02",3433,787,2646
1980,25025070600,"Census Tract 706",2645,389,2256
1980,25025070700,"Census Tract 707",1595,214,1381
1980,25025070801,"Census Tract 708.01",716,136,580
1980,25025070802,"Census Tract 708.02",2001,380,1621
1980,25025070901,"Census Tract 709.01",1030,227,803
1980,25025070902,"Census Tract 709.02",1737,382,1355
1980,25025071101,"Census Tract 711.01",2349,604,1745
1980,25025071201,"Census Tract 712.01",1129,431,698
1980,25025080100,"Census Tract 801",1867,546,1321
1980,25025080300,"Census Tract 803",2324,1087,1237
1980,25025080401,"Census Tract 804.01",2808,855,1953
1980,25025080500,"Census Tract 805",2950,879,2071
1980,25025080601,"Census Tract 806.01",1391,563,828
1980,25025080801,"Census Tract 808.01",2537,1049,1488
1980,25025080900,"Census Tract 809",3018,803,2215
1980,25025081001,"Census Tract 810.01",4583,1599,2984
1980,25025081101,"Census Tract 811.01",694,146,548
1980,25025081102,"Census Tract 811.02",1515,343,1172
1980,25025081200,"Census Tract 812",4040,1516,2524
1980,25025081301,"Census Tract 813.01",1688,684,1004
1980,25025081302,"Census Tract 813.02",2361,957,1404
1980,25025081400,"Census Tract 814",2272,670,1602
1980,25025081500,"Census Tract 815",2213,559,1654
1980,25025081700,"Census Tract 817",3559,671,2888
1980,25025081800,"Census Tract 818",2505,798,1707
1980,25025081900,"Census Tract 819",3064,498,2566
1980,25025082000,"Census Tract 820",3176,958,2218
1980,25025082100,"Census Tract 821",5693,1816,3877
1980,25025090100,"Census Tract 901",4665,1439,3226
1980,25025090200,"Census Tract 902",2080,902,1178
1980,25025090300,"Census Tract 903",3251,1187,2064
1980,25025090400,"Census Tract 904",2669,641,2028
1980,25025090600,"Census Tract 906",1969,788,1181
1980,25025090700,"Census Tract 907",4074,616,3458
1980,25025090901,"Census Tract 909.01",1398,403,995
1980,25025091001,"Census Tract 910.01",2493,455,2038
1980,25025091100,"Census Tract 911",4709,682,4027
1980,25025091200,"Census Tract 912",3134,603,2531
1980,25025091300,"Census Tract 913",2319,817,1502
1980,25025091400,"Census Tract 914",2316,761,1555
1980,25025091500,"Census Tract 915",4392,1265,3127
1980,25025091600,"Census Tract 916",2326,512,1814
1980,25025091700,"Census Tract 917",3138,582,2556
1980,25025091800,"Census Tract 918",3316,1248,2068
1980,25025091900,"Census Tract 919",3364,1083,2281
1980,25025092000,"Census Tract 920",5228,1529,3699
1980,25025092101,"Census Tract 921.01",5313,899,4414
1980,25025092200,"Census Tract 922",3379,454,2925
1980,25025092300,"Census Tract 923",2783,709,2074
1980,25025092400,"Census Tract 924",5602,1842,3760
1980,25025100100,"Census Tract 1001",4198,1542,2656
1980,25025100200,"Census Tract 1002",2579,981,1598
1980,25025100300,"Census Tract 1003",3434,1062,2372
1980,25025100400,"Census Tract 1004",4966,918,4048
1980,25025100500,"Census Tract 1005",5417,1395,4022
1980,25025100601,"Census Tract 1006.01",5346,474,4872
1980,25025100603,"Census Tract 1006.03",1955,293,1662
1980,25025100700,"Census Tract 1007",4892,248,4644
1980,25025100800,"Census Tract 1008",5381,535,4846
1980,25025100900,"Census Tract 1009",3887,338,3549
1980,25025101001,"Census Tract 1010.01",5592,641,4951
1980,25025101002,"Census Tract 1010.02",5402,949,4453
1980,25025101101,"Census Tract 1011.01",3011,357,2654
1980,25025101102,"Census Tract 1011.02",4183,1490,2693
1980,25025110104,"Census Tract 1101.04",1764,269,1495
1980,25025110105,"Census Tract 1101.05",1990,309,1681
1980,25025110106,"Census Tract 1101.06",1159,180,979
1980,25025110201,"Census Tract 1102.01",1637,235,1402
1980,25025110301,"Census Tract 1103.01",2253,202,2051
1980,25025110401,"Census Tract 1104.01",3200,601,2599
1980,25025110403,"Census Tract 1104.03",4230,311,3919
1980,25025110501,"Census Tract 1105.01",3865,222,3643
1980,25025110502,"Census Tract 1105.02",3969,485,3484
1980,25025110601,"Census Tract 1106.01",2490,82,2408
1980,25025110607,"Census Tract 1106.07",5464,533,4931
1980,25025120103,"Census Tract 1201.03",1489,175,1314
1980,25025120104,"Census Tract 1201.04",2226,261,1965
1980,25025120105,"Census Tract 1201.05",2400,282,2118
1980,25025120201,"Census Tract 1202.01",3319,577,2742
1980,25025120301,"Census Tract 1203.01",4786,1420,3366
1980,25025120400,"Census Tract 1204",5437,890,4547
1980,25025120500,"Census Tract 1205",2179,784,1395
1980,25025120600,"Census Tract 1206",2581,375,2206
1980,25025120700,"Census Tract 1207",2023,581,1442
1980,25025130101,"Census Tract 1301.01",6240,285,5955
1980,25025130200,"Census Tract 1302",5085,175,4910
1980,25025130300,"Census Tract 1303",5043,172,4871
1980,25025130402,"Census Tract 1304.02",5400,203,5197
1980,25025130404,"Census Tract 1304.04",2417,238,2179
1980,25025130406,"Census Tract 1304.06",4119,406,3713
1980,25025140102,"Census Tract 1401.02",4158,120,4038
1980,25025140105,"Census Tract 1401.05",3350,487,2863
1980,25025140106,"Census Tract 1401.06",2165,315,1850
1980,25025140107,"Census Tract 1401.07",2467,359,2108
1980,25025140201,"Census Tract 1402.01",2139,160,1979
1980,25025140202,"Census Tract 1402.02",5638,421,5217
1980,25025140300,"Census Tract 1403",4973,477,4496
1980,25025140400,"Census Tract 1404",7271,855,6416
1980,25025980300,"Census Tract 9803",,,
1980,25025980700,"Census Tract 9807",,,
1980,25025980900,"Census Tract 9809",,,
1980,25025981000,"Census Tract 9810",,,
1980,25025981100,"Census Tract 9811",,,
1980,25025981201,"Census Tract 9812.01",,,
1980,25025981202,"Census Tract 9812.02",,,
1980,25025981300,"Census Tract 9813",,,
1980,25025981501,"Census Tract 9815.01",,,
1980,25025981502,"Census Tract 9815.02",,,
1980,25025981600,"Census Tract 9816",,,
1980,25025981700,"Census Tract 9817",,,
1980,25025981800,"Census Tract 9818",,,
1980,25025981900,"Census Tract 9819",,,
1990,25025000101,"Census Tract 1.01",1768,128,1640
1990,25025000102,"Census Tract 1.02",2073,150,1923
1990,25025000201,"Census Tract 2.01",3689,363,3326
1990,25025000202,"Census Tract 2.02",3858,555,3303
1990,25025000301,"Census Tract 3.01",2969,260,2709
1990,25025000302,"Census Tract 3.02",2941,257,2684
1990,25025000401,"Census Tract 4.01",5589,1238,4351
1990,25025000402,"Census Tract 4.02",3046,435,2611
1990,25025000502,"Census Tract 5.02",4561,1137,3424
1990,25025000503,"Census Tract 5.03",2347,492,1855
1990,25025000505,"Census Tract 5.05",2060,432,1628
1990,25025000506,"Census Tract 5.06",2748,576,2172
1990,25025000601,"Census Tract 6.01",3398,431,2967
1990,25025000603,"Census Tract 6.03",1695,429,1266
1990,25025000604,"Census Tract 6.04",2768,701,2067
1990,25025000701,"Census Tract 7.01",4522,1363,3159
1990,25025000703,"Census Tract 7.03",2462,799,1663
1990,25025000704,"Census Tract 7.04",4978,1616,3362
1990,25025000804,"Census Tract 8.04",3226,735,2491
1990,25025000805,"Census Tract 8.05",3864,879,2985
1990,25025000806,"Census Tract 8.06",794,168,626
1990,25025000807,"Census Tract 8.07",727,154,573
1990,25025010103,"Census Tract 101.03",744,428,316
1990,25025010104,"Census Tract 101.04",2734,796,1938
1990,25025010204,"Census Tract 102.04",2725,958,1767
1990,25025010205,"Census Tract 102.05",2118,745,1373
1990,25025010206,"Census Tract 102.06",1567,551,1016
1990,25025010300,"Census Tract 103",1066,349,717
1990,25025010403,"Census Tract 104.03",2816,1067,1749
1990,25025010404,"Census Tract 104.04",3690,1398,2292
1990,25025010405,"Census Tract 104.05",2094,817,1277
1990,25025010408,"Census Tract 104.08",1219,429,790
1990,25025010500,"Census Tract 105",2393,485,1908
1990,25025010600,"Census Tract 106",1969,202,1767
1990,25025010701,"Census Tract 107.01",2406,260,2146
1990,25025010702,"Census Tract 107.02",2310,249,2061
1990,25025010801,"Census Tract 108.01",2758,337,2421
1990,25025010802,"Census Tract 108.02",2876,352,2524
1990,25025020101,"Census Tract 201.01",4489,319,4170
1990,25025020200,"Census Tract 202",3386,446,2940
1990,25025020301,"Census Tract 203.01",1852,232,1620
1990,25025020302,"Census Tract 203.02",1164,146,1018
1990,25025020304,"Census Tract 203.04",107,13,94
1990,25025020305,"Census Tract 203.05",1424,178,1246
1990,25025030100,"Census Tract 301",1954,187,1767
1990,25025030200,"Census Tract 302",1592,255,1337
1990,25025030301,"Census Tract 303.01",1144,148,996
1990,25025030302,"Census Tract 303.02",1162,151,1011
1990,25025030400,"Census Tract 304",3522,389,3133
1990,25025030500,"Census Tract 305",2050,235,1815
1990,25025040100,"Census Tract 401",1851,111,1740
1990,25025040200,"Census Tract 402",1486,361,1125
1990,25025040300,"Census Tract 403",4041,529,3512
1990,25025040401,"Census Tract 404.01",2114,189,1925
1990,25025040600,"Census Tract 406",2143,81,2062
1990,25025040801,"Census Tract 408.01",2893,567,2326
1990,25025050101,"Census Tract 501.01",4049,1008,3041
1990,25025050200,"Census Tract 502",3992,744,3248
1990,25025050300,"Census Tract 503",1849,802,1047
1990,25025050400,"Census Tract 504",1986,360,1626
1990,25025050500,"Census Tract 505",1616,160,1456
1990,25025050600,"Census Tract 506",1656,344,1312
1990,25025050700,"Census Tract 507",3054,684,2370
1990,25025050901,"Census Tract 509.01",3167,520,2647
1990,25025051000,"Census Tract 510",3940,649,3291
1990,25025051101,"Census Tract 511.01",5021,739,4282
1990,25025051200,"Census Tract 512",2356,303,2053
1990,25025060101,"Census Tract 601.01",3081,257,2824
1990,25025060200,"Census Tract 602",2179,141,2038
1990,25025060301,"Census Tract 603.01",3206,205,3001
1990,25025060400,"Census Tract 604",4695,318,4377
1990,25025060501,"Census Tract 605.01",3541,578,2963
1990,25025060601,"Census Tract 606.01",810,162,648
1990,25025060602,"Census Tract 606.02",56,11,45
1990,25025060603,"Census Tract 606.03",36,7,29
1990,25025060604,"Census Tract 606.04",116,23,93
1990,25025060700,"Census Tract 607",1326,566,760
1990,25025060800,"Census Tract 608",3212,521,2691
1990,25025061000,"Census Tract 610",2684,1142,1542
1990,25025061101,"Census Tract 611.01",1964,702,1262
1990,25025061201,"Census Tract 612.01",1461,289,1172
1990,25025061202,"Census Tract 612.02",,,
1990,25025061203,"Census Tract 612.03",469,82,387
1990,25025061204,"Census Tract 612.04",90,16,74
1990,25025070102,"Census Tract 701.02",830,288,542
1990,25025070103,"Census Tract 701.03",58,20,38
1990,25025070104,"Census Tract 701.04",315,109,206
1990,25025070201,"Census Tract 702.01",1093,312,781
1990,25025070202,"Census Tract 702.02",2659,810,1849
1990,25025070301,"Census Tract 703.01",2113,344,1769
1990,25025070302,"Census Tract 703.02",1303,212,1091
1990,25025070402,"Census Tract 704.02",1638,496,1142
1990,25025070501,"Census Tract 705.01",2061,419,1642
1990,25025070502,"Census Tract 705.02",3722,756,2966
1990,25025070600,"Census Tract 706",2348,107,2241
1990,25025070700,"Census Tract 707",2171,258,1913
1990,25025070801,"Census Tract 708.01",859,125,734
1990,25025070802,"Census Tract 708.02",2399,349,2050
1990,25025070901,"Census Tract 709.01",1059,213,846
1990,25025070902,"Census Tract 709.02",1786,359,1427
1990,25025071101,"Census Tract 711.01",2689,785,1904
1990,25025071201,"Census Tract 712.01",1485,865,620
1990,25025080100,"Census Tract 801",1872,564,1308
1990,25025080300,"Census Tract 803",2547,1226,1321
1990,25025080401,"Census Tract 804.01",2773,1266,1507
1990,25025080500,"Census Tract 805",3149,1111,2038
1990,25025080601,"Census Tract 806.01",1710,709,1001
1990,25025080801,"Census Tract 808.01",3441,1399,2042
1990,25025080900,"Census Tract 809",3149,789,2360
1990,25025081001,"Census Tract 810.01",4755,1142,3613
1990,25025081101,"Census Tract 811.01",925,118,807
1990,25025081102,"Census Tract 811.02",1939,265,1674
1990,25025081200,"Census Tract 812",3247,879,2368
1990,25025081301,"Census Tract 813.01",1832,756,1076
1990,25025081302,"Census Tract 813.02",2561,1057,1504
1990,25025081400,"Census Tract 814",2516,656,1860
1990,25025081500,"Census Tract 815",2160,567,1593
1990,25025081700,"Census Tract 817",3713,917,2796
1990,25025081800,"Census Tract 818",2881,647,2234
1990,25025081900,"Census Tract 819",3260,640,2620
1990,25025082000,"Census Tract 820",2940,725,2215
1990,25025082100,"Census Tract 821",4586,1439,3147
1990,25025090100,"Census Tract 901",4315,1018,3297
1990,25025090200,"Census Tract 902",2097,537,1560
1990,25025090300,"Census Tract 903",2849,944,1905
1990,25025090400,"Census Tract 904",2795,814,1981
1990,25025090600,"Census Tract 906",2032,682,1350
1990,25025090700,"Census Tract 907",4166,555,3611
1990,25025090901,"Census Tract 909.01",2194,713,1481
1990,25025091001,"Census Tract 910.01",2686,391,2295
1990,25025091100,"Census Tract 911",4704,650,4054
1990,25025091200,"Census Tract 912",3245,607,2638
1990,25025091300,"Census Tract 913",2455,775,1680
1990,25025091400,"Census Tract 914",2295,561,1734
1990,25025091500,"Census Tract 915",4429,1133,3296
1990,25025091600,"Census Tract 916",2877,593,2284
1990,25025091700,"Census Tract 917",3166,748,2418
1990,25025091800,"Census Tract 918",3452,598,2854
1990,25025091900,"Census Tract 919",4092,824,3268
1990,25025092000,"Census Tract 920",4894,1082,3812
1990,25025092101,"Census Tract 921.01",5730,839,4891
1990,25025092200,"Census Tract 922",3030,373,2657
1990,25025092300,"Census Tract 923",3479,838,2641
1990,25025092400,"Census Tract 924",5605,2037,3568
1990,25025100100,"Census Tract 1001",4573,1505,3068
1990,25025100200,"Census Tract 1002",2711,1161,1550
1990,25025100300,"Census Tract 1003",3617,707,2910
1990,25025100400,"Census Tract 1004",5214,561,4653
1990,25025100500,"Census Tract 1005",6034,1197,4837
1990,25025100601,"Census Tract 1006.01",5127,371,4756
1990,25025100603,"Census Tract 1006.03",1814,171,1643
1990,25025100700,"Census Tract 1007",4637,354,4283
1990,25025100800,"Census Tract 1008",5207,424,4783
1990,25025100900,"Census Tract 1009",3867,279,3588
1990,25025101001,"Census Tract 1010.01",6000,773,5227
1990,25025101002,"Census Tract 1010.02",5233,981,4252
1990,25025101101,"Census Tract 1011.01",3446,1004,2442
1990,25025101102,"Census Tract 1011.02",4720,1151,3569
1990,25025110104,"Census Tract 1101.04",2012,424,1588
1990,25025110105,"Census Tract 1101.05",2295,497,1798
1990,25025110106,"Census Tract 1101.06",1337,290,1047
1990,25025110201,"Census Tract 1102.01",1641,251,1390
1990,25025110301,"Census Tract 1103.01",2356,144,2212
1990,25025110401,"Census Tract 1104.01",3542,413,3129
1990,25025110403,"Census Tract 1104.03",4148,245,3903
1990,25025110501,"Census Tract 1105.01",3409,208,3201
1990,25025110502,"Census Tract 1105.02",3783,394,3389
1990,25025110601,"Census Tract 1106.01",2360,97,2263
1990,25025110607,"Census Tract 1106.07",4894,309,4585
1990,25025120103,"Census Tract 1201.03",1526,191,1335
1990,25025120104,"Census Tract 1201.04",2283,285,1998
1990,25025120105,"Census Tract 1201.05",2460,307,2153
1990,25025120201,"Census Tract 1202.01",3874,598,3276
1990,25025120301,"Census Tract 1203.01",5059,1352,3707
1990,25025120400,"Census Tract 1204",5523,540,4983
1990,25025120500,"Census Tract 1205",2482,708,1774
1990,25025120600,"Census Tract 1206",2501,316,2185
1990,25025120700,"Census Tract 1207",2099,281,1818
1990,25025130101,"Census Tract 1301.01",5700,192,5508
1990,25025130200,"Census Tract 1302",4860,121,4739
1990,25025130300,"Census Tract 1303",4647,191,4456
1990,25025130402,"Census Tract 1304.02",4903,401,4502
1990,25025130404,"Census Tract 1304.04",2460,161,2299
1990,25025130406,"Census Tract 1304.06",4193,274,3919
1990,25025140102,"Census Tract 1401.02",4030,242,3788
1990,25025140105,"Census Tract 1401.05",3374,261,3113
1990,25025140106,"Census Tract 1401.06",2179,168,2011
1990,25025140107,"Census Tract 1401.07",2484,192,2292
1990,25025140201,"Census Tract 1402.01",1984,146,1838
1990,25025140202,"Census Tract 1402.02",5232,386,4846
1990,25025140300,"Census Tract 1403",5321,621,4700
1990,25025140400,"Census Tract 1404",7585,406,7179
1990,25025980300,"Census Tract 9803",,,
1990,25025980700,"Census Tract 9807",,,
1990,25025980900,"Census Tract 9809",,,
1990,25025981000,"Census Tract 9810",,,
1990,25025981100,"Census Tract 9811",15,10,5
1990,25025981201,"Census Tract 9812.01",,,
1990,25025981202,"Census Tract 9812.02",,,
1990,25025981300,"Census Tract 9813",,,
1990,25025981501,"Census Tract 9815.01",,,
1990,25025981502,"Census Tract 9815.02",,,
1990,25025981600,"Census Tract 9816",,,
1990,25025981700,"Census Tract 9817",,,
1990,25025981800,"Census Tract 9818",,,
1990,25025981900,"Census Tract 9819",,,
2000,25025000101,"Census Tract 1.01",1767,238,1529
2000,25025000102,"Census Tract 1.02",2162,291,1871
2000,25025000201,"Census Tract 2.01",3875,337,3538
2000,25025000202,"Census Tract 2.02",3920,478,3442
2000,25025000301,"Census Tract 3.01",2671,240,2431
2000,25025000302,"Census Tract 3.02",3036,169,2867
2000,25025000401,"Census Tract 4.01",5868,1276,4592
2000,25025000402,"Census Tract 4.02",3303,674,2629
2000,25025000502,"Census Tract 5.02",3076,727,2349
2000,25025000503,"Census Tract 5.03",2612,625,1987
2000,25025000505,"Census Tract 5.05",2054,491,1563
2000,25025000506,"Census Tract 5.06",2790,667,2123
2000,25025000601,"Census Tract 6.01",3353,534,2819
2000,25025000603,"Census Tract 6.03",2127,915,1212
2000,25025000604,"Census Tract 6.04",2561,1101,1460
2000,25025000701,"Census Tract 7.01",4643,1246,3397
2000,25025000703,"Census Tract 7.03",2451,788,1663
2000,25025000704,"Census Tract 7.04",4907,1578,3329
2000,25025000804,"Census Tract 8.04",3422,1122,2300
2000,25025000805,"Census Tract 8.05",4262,1397,2865
2000,25025000806,"Census Tract 8.06",666,179,487
2000,25025000807,"Census Tract 8.07",661,178,483
2000,25025010103,"Census Tract 101.03",721,412,309
2000,25025010104,"Census Tract 101.04",2803,647,2156
2000,25025010204,"Census Tract 102.04",2223,1060,1163
2000,25025010205,"Census Tract 102.05",2419,651,1768
2000,25025010206,"Census Tract 102.06",1581,428,1153
2000,25025010300,"Census Tract 103",1492,857,635
2000,25025010403,"Census Tract 104.03",2080,781,1299
2000,25025010404,"Census Tract 104.04",4559,1712,2847
2000,25025010405,"Census Tract 104.05",1659,648,1011
2000,25025010408,"Census Tract 104.08",1329,358,971
2000,25025010500,"Census Tract 105",2407,632,1775
2000,25025010600,"Census Tract 106",2396,230,2166
2000,25025010701,"Census Tract 107.01",2153,146,2007
2000,25025010702,"Census Tract 107.02",2465,168,2297
2000,25025010801,"Census Tract 108.01",2709,208,2501
2000,25025010802,"Census Tract 108.02",2666,205,2461
2000,25025020101,"Census Tract 201.01",4157,173,3984
2000,25025020200,"Census Tract 202",3553,417,3136
2000,25025020301,"Census Tract 203.01",1604,178,1426
2000,25025020302,"Census Tract 203.02",1056,117,939
2000,25025020304,"Census Tract 203.04",116,13,103
2000,25025020305,"Census Tract 203.05",2239,248,1991
2000,25025030100,"Census Tract 301",1941,152,1789
2000,25025030200,"Census Tract 302",1556,138,1418
2000,25025030301,"Census Tract 303.01",1093,153,940
2000,25025030302,"Census Tract 303.02",1300,182,1118
2000,25025030400,"Census Tract 304",3552,433,3119
2000,25025030500,"Census Tract 305",2257,118,2139
2000,25025040100,"Census Tract 401",1873,110,1763
2000,25025040200,"Census Tract 402",1620,447,1173
2000,25025040300,"Census Tract 403",3845,417,3428
2000,25025040401,"Census Tract 404.01",2137,357,1780
2000,25025040600,"Census Tract 406",2062,114,1948
2000,25025040801,"Census Tract 408.01",3648,1213,2435
2000,25025050101,"Census Tract 501.01",4587,952,3635
2000,25025050200,"Census Tract 502",4858,980,3878
2000,25025050300,"Census Tract 503",2314,1065,1249
2000,25025050400,"Census Tract 504",2499,358,2141
2000,25025050500,"Census Tract 505",1733,267,1466
2000,25025050600,"Census Tract 506",2238,383,1855
2000,25025050700,"Census Tract 507",4009,731,3278
2000,25025050901,"Census Tract 509.01",3665,724,2941
2000,25025051000,"Census Tract 510",3930,731,3199
2000,25025051101,"Census Tract 511.01",5619,868,4751
2000,25025051200,"Census Tract 512",2608,377,2231
2000,25025060101,"Census Tract 601.01",2998,126,2872
2000,25025060200,"Census Tract 602",2050,138,1912
2000,25025060301,"Census Tract 603.01",3077,220,2857
2000,25025060400,"Census Tract 604",4580,347,4233
2000,25025060501,"Census Tract 605.01",3162,225,2937
2000,25025060601,"Census Tract 606.01",883,61,822
2000,25025060602,"Census Tract 606.02",56,4,52
2000,25025060603,"Census Tract 606.03",,,
2000,25025060604,"Census Tract 606.04",245,17,228
2000,25025060700,"Census Tract 607",1543,720,823
2000,25025060800,"Census Tract 608",3811,504,3307
2000,25025061000,"Census Tract 610",3058,1457,1601
2000,25025061101,"Census Tract 611.01",1968,920,1048
2000,25025061201,"Census Tract 612.01",1505,257,1248
2000,25025061202,"Census Tract 612.02",,,
2000,25025061203,"Census Tract 612.03",393,67,326
2000,25025061204,"Census Tract 612.04",78,13,65
2000,25025070102,"Census Tract 701.02",1423,489,934
2000,25025070103,"Census Tract 701.03",,,
2000,25025070104,"Census Tract 701.04",660,208,452
2000,25025070201,"Census Tract 702.01",1539,540,999
2000,25025070202,"Census Tract 702.02",2425,846,1579
2000,25025070301,"Census Tract 703.01",2080,277,1803
2000,25025070302,"Census Tract 703.02",1476,197,1279
2000,25025070402,"Census Tract 704.02",1729,718,1011
2000,25025070501,"Census Tract 705.01",1955,428,1527
2000,25025070502,"Census Tract 705.02",3465,759,2706
2000,25025070600,"Census Tract 706",2193,200,1993
2000,25025070700,"Census Tract 707",2238,260,1978
2000,25025070801,"Census Tract 708.01",1006,181,825
2000,25025070802,"Census Tract 708.02",2579,465,2114
2000,25025070901,"Census Tract 709.01",922,248,674
2000,25025070902,"Census Tract 709.02",1943,522,1421
2000,25025071101,"Census Tract 711.01",2971,806,2165
2000,25025071201,"Census Tract 712.01",1343,554,789
2000,25025080100,"Census Tract 801",1827,545,1282
2000,25025080300,"Census Tract 803",1633,486,1147
2000,25025080401,"Census Tract 804.01",2194,801,1393
2000,25025080500,"Census Tract 805",2394,954,1440
2000,25025080601,"Census Tract 806.01",2344,908,1436
2000,25025080801,"Census Tract 808.01",1573,678,895
2000,25025080900,"Census Tract 809",3580,1378,2202
2000,25025081001,"Census Tract 810.01",4931,1668,3263
2000,25025081101,"Census Tract 811.01",915,186,729
2000,25025081102,"Census Tract 811.02",2071,422,1649
2000,25025081200,"Census Tract 812",2889,1221,1668
2000,25025081301,"Census Tract 813.01",1831,558,1273
2000,25025081302,"Census Tract 813.02",2253,687,1566
2000,25025081400,"Census Tract 814",2505,439,2066
2000,25025081500,"Census Tract 815",1545,223,1322
2000,25025081700,"Census Tract 817",3683,956,2727
2000,25025081800,"Census Tract 818",2802,750,2052
2000,25025081900,"Census Tract 819",3163,387,2776
2000,25025082000,"Census Tract 820",2794,858,1936
2000,25025082100,"Census Tract 821",4245,1389,2856
2000,25025090100,"Census Tract 901",4567,894,3673
2000,25025090200,"Census Tract 902",1976,666,1310
2000,25025090300,"Census Tract 903",3127,1105,2022
2000,25025090400,"Census Tract 904",3247,983,2264
2000,25025090600,"Census Tract 906",2011,318,1693
2000,25025090700,"Census Tract 907",4595,778,3817
2000,25025090901,"Census Tract 909.01",3203,1015,2188
2000,25025091001,"Census Tract 910.01",2772,385,2387
2000,25025091100,"Census Tract 911",5057,816,4241
2000,25025091200,"Census Tract 912",3394,688,2706
2000,25025091300,"Census Tract 913",2332,589,1743
2000,25025091400,"Census Tract 914",2443,867,1576
2000,25025091500,"Census Tract 915",4701,1057,3644
2000,25025091600,"Census Tract 916",3436,739,2697
2000,25025091700,"Census Tract 917",3344,558,2786
2000,25025091800,"Census Tract 918",3537,788,2749
2000,25025091900,"Census Tract 919",3640,1055,2585
2000,25025092000,"Census Tract 920",5328,1062,4266
2000,25025092101,"Census Tract 921.01",6730,1130,5600
2000,25025092200,"Census Tract 922",3649,366,3283
2000,25025092300,"Census Tract 923",3058,595,2463
2000,25025092400,"Census Tract 924",6445,2435,4010
2000,25025100100,"Census Tract 1001",5389,1740,3649
2000,25025100200,"Census Tract 1002",2610,498,2112
2000,25025100300,"Census Tract 1003",3664,732,2932
2000,25025100400,"Census Tract 1004",5144,764,4380
2000,25025100500,"Census Tract 1005",6541,1851,4690
2000,25025100601,"Census Tract 1006.01",5637,861,4776
2000,25025100603,"Census Tract 1006.03",1618,261,1357
2000,25025100700,"Census Tract 1007",4384,248,4136
2000,25025100800,"Census Tract 1008",5488,489,4999
2000,25025100900,"Census Tract 1009",4227,416,3811
2000,25025101001,"Census Tract 1010.01",6128,879,5249
2000,25025101002,"Census Tract 1010.02",5312,856,4456
2000,25025101101,"Census Tract 1011.01",3330,665,2665
2000,25025101102,"Census Tract 1011.02",4931,1057,3874
2000,25025110104,"Census Tract 1101.04",2063,395,1668
2000,25025110105,"Census Tract 1101.05",2210,438,1772
2000,25025110106,"Census Tract 1101.06",1202,238,964
2000,25025110201,"Census Tract 1102.01",1947,207,1740
2000,25025110301,"Census Tract 1103.01",2521,299,2222
2000,25025110401,"Census Tract 1104.01",3739,718,3021
2000,25025110403,"Census Tract 1104.03",4372,346,4026
2000,25025110501,"Census Tract 1105.01",3285,358,2927
2000,25025110502,"Census Tract 1105.02",4085,396,3689
2000,25025110601,"Census Tract 1106.01",2470,58,2412
2000,25025110607,"Census Tract 1106.07",4887,155,4732
2000,25025120103,"Census Tract 1201.03",1412,74,1338
2000,25025120104,"Census Tract 1201.04",2299,316,1983
2000,25025120105,"Census Tract 1201.05",2119,114,2005
2000,25025120201,"Census Tract 1202.01",3488,537,2951
2000,25025120301,"Census Tract 1203.01",4778,1086,3692
2000,25025120400,"Census Tract 1204",5420,522,4898
2000,25025120500,"Census Tract 1205",2541,441,2100
2000,25025120600,"Census Tract 1206",2415,422,1993
2000,25025120700,"Census Tract 1207",2051,361,1690
2000,25025130101,"Census Tract 1301.01",4754,227,4527
2000,25025130200,"Census Tract 1302",4615,139,4476
2000,25025130300,"Census Tract 1303",4328,146,4182
2000,25025130402,"Census Tract 1304.02",4470,154,4316
2000,25025130404,"Census Tract 1304.04",2558,371,2187
2000,25025130406,"Census Tract 1304.06",4769,691,4078
2000,25025140102,"Census Tract 1401.02",4124,306,3818
2000,25025140105,"Census Tract 1401.05",3652,372,3280
2000,25025140106,"Census Tract 1401.06",2408,551,1857
2000,25025140107,"Census Tract 1401.07",2531,579,1952
2000,25025140201,"Census Tract 1402.01",2022,169,1853
2000,25025140202,"Census Tract 1402.02",5347,487,4860
2000,25025140300,"Census Tract 1403",6145,716,5429
2000,25025140400,"Census Tract 1404",7840,979,6861
2000,25025980300,"Census Tract 9803",,,
2000,25025980700,"Census Tract 9807",,,
2000,25025980900,"Census Tract 9809",,,
2000,25025981000,"Census Tract 9810",,,
2000,25025981100,"Census Tract 9811",163,32,131
2000,25025981201,"Census Tract 9812.01",,,
2000,25025981202,"Census Tract 9812.02",,,
2000,25025981300,"Census Tract 9813",,,
2000,25025981501,"Census Tract 9815.01",,,
2000,25025981502,"Census Tract 9815.02",,,
2000,25025981600,"Census Tract 9816",,,
2000,25025981700,"Census Tract 9817",,,
2000,25025981800,"Census Tract 9818",,,
2000,25025981900,"Census Tract 9819",,,
2010,25025000101,"Census Tract 1.01",1560,226,1334
2010,25025000102,"Census Tract 1.02",2061,299,1762
2010,25025000201,"Census Tract 2.01",3636,477,3159
2010,25025000202,"Census Tract 2.02",3899,734,3165
2010,25025000301,"Census Tract 3.01",2398,104,2294
2010,25025000302,"Census Tract 3.02",3076,312,2764
2010,25025000401,"Census Tract 4.01",5441,1072,4369
2010,25025000402,"Census Tract 4.02",3467,688,2779
2010,25025000502,"Census Tract 5.02",2742,704,2038
2010,25025000503,"Census Tract 5.03",1931,177,1754
2010,25025000505,"Census Tract 5.05",2347,519,1828
2010,25025000506,"Census Tract 5.06",3006,665,2341
2010,25025000601,"Census Tract 6.01",3281,394,2887
2010,25025000603,"Census Tract 6.03",1399,512,887
2010,25025000604,"Census Tract 6.04",2555,936,1619
2010,25025000701,"Census Tract 7.01",4193,887,3306
2010,25025000703,"Census Tract 7.03",2865,1627,1238
2010,25025000704,"Census Tract 7.04",4679,1228,3451
2010,25025000804,"Census Tract 8.04",3510,1274,2236
2010,25025000805,"Census Tract 8.05",4021,1459,2562
2010,25025000806,"Census Tract 8.06",589,165,424
2010,25025000807,"Census Tract 8.07",662,186,476
2010,25025010103,"Census Tract 101.03",620,282,338
2010,25025010104,"Census Tract 101.04",2966,800,2166
2010,25025010204,"Census Tract 102.04",1784,654,1130
2010,25025010205,"Census Tract 102.05",3398,1033,2365
2010,25025010206,"Census Tract 102.06",1414,430,984
2010,25025010300,"Census Tract 103",468,197,271
2010,25025010403,"Census Tract 104.03",3104,1380,1724
2010,25025010404,"Census Tract 104.04",3271,1916,1355
2010,25025010405,"Census Tract 104.05",1553,688,865
2010,25025010408,"Census Tract 104.08",1248,466,782
2010,25025010500,"Census Tract 105",2662,799,1863
2010,25025010600,"Census Tract 106",2840,347,2493
2010,25025010701,"Census Tract 107.01",2160,318,1842
2010,25025010702,"Census Tract 107.02",2357,166,2191
2010,25025010801,"Census Tract 108.01",2493,104,2389
2010,25025010802,"Census Tract 108.02",3032,443,2589
2010,25025020101,"Census Tract 201.01",4335,119,4216
2010,25025020200,"Census Tract 202",3739,904,2835
2010,25025020301,"Census Tract 203.01",2260,339,1921
2010,25025020302,"Census Tract 203.02",1056,99,957
2010,25025020304,"Census Tract 203.04",280,29,251
2010,25025020305,"Census Tract 203.05",1940,198,1742
2010,25025030100,"Census Tract 301",1958,386,1572
2010,25025030200,"Census Tract 302",1650,369,1281
2010,25025030301,"Census Tract 303.01",1150,127,1023
2010,25025030302,"Census Tract 303.02",1952,216,1736
2010,25025030400,"Census Tract 304",3661,471,3190
2010,25025030500,"Census Tract 305",2374,205,2169
2010,25025040100,"Census Tract 401",2310,51,2259
2010,25025040200,"Census Tract 402",1697,438,1259
2010,25025040300,"Census Tract 403",4122,454,3668
2010,25025040401,"Census Tract 404.01",2466,213,2253
2010,25025040600,"Census Tract 406",2323,100,2223
2010,25025040801,"Census Tract 408.01",3620,1520,2100
2010,25025050101,"Census Tract 501.01",5198,1296,3902
2010,25025050200,"Census Tract 502",5439,491,4948
2010,25025050300,"Census Tract 503",2146,910,1236
2010,25025050400,"Census Tract 504",2311,356,1955
2010,25025050500,"Census Tract 505",2101,223,1878
2010,25025050600,"Census Tract 506",1906,131,1775
2010,25025050700,"Census Tract 507",4652,475,4177
2010,25025050901,"Census Tract 509.01",4368,696,3672
2010,25025051000,"Census Tract 510",3896,478,3418
2010,25025051101,"Census Tract 511.01",6195,657,5538
2010,25025051200,"Census Tract 512",2509,373,2136
2010,25025060101,"Census Tract 601.01",3106,294,2812
2010,25025060200,"Census Tract 602",2055,146,1909
2010,25025060301,"Census Tract 603.01",2643,126,2517
2010,25025060400,"Census Tract 604",4573,369,4204
2010,25025060501,"Census Tract 605.01",3395,185,3210
2010,25025060601,"Census Tract 606.01",942,42,900
2010,25025060602,"Census Tract 606.02",51,2,49
2010,25025060603,"Census Tract 606.03",545,24,521
2010,25025060604,"Census Tract 606.04",293,13,280
2010,25025060700,"Census Tract 607",1801,816,985
2010,25025060800,"Census Tract 608",3475,213,3262
2010,25025061000,"Census Tract 610",3528,1568,1960
2010,25025061101,"Census Tract 611.01",2249,1287,962
2010,25025061201,"Census Tract 612.01",1427,251,1176
2010,25025061202,"Census Tract 612.02",,,
2010,25025061203,"Census Tract 612.03",1081,190,891
2010,25025061204,"Census Tract 612.04",499,88,411
2010,25025070102,"Census Tract 701.02",1988,522,1466
2010,25025070103,"Census Tract 701.03",,,
2010,25025070104,"Census Tract 701.04",1118,294,824
2010,25025070201,"Census Tract 702.01",1983,770,1213
2010,25025070202,"Census Tract 702.02",2991,1032,1959
2010,25025070301,"Census Tract 703.01",2372,356,2016
2010,25025070302,"Census Tract 703.02",2020,303,1717
2010,25025070402,"Census Tract 704.02",1823,709,1114
2010,25025070501,"Census Tract 705.01",2768,818,1950
2010,25025070502,"Census Tract 705.02",4486,1325,3161
2010,25025070600,"Census Tract 706",2351,233,2118
2010,25025070700,"Census Tract 707",2347,421,1926
2010,25025070801,"Census Tract 708.01",1005,234,771
2010,25025070802,"Census Tract 708.02",2431,566,1865
2010,25025070901,"Census Tract 709.01",1076,323,753
2010,25025070902,"Census Tract 709.02",1981,594,1387
2010,25025071101,"Census Tract 711.01",3700,929,2771
2010,25025071201,"Census Tract 712.01",3066,1353,1713
2010,25025080100,"Census Tract 801",1411,421,990
2010,25025080300,"Census Tract 803",1739,558,1181
2010,25025080401,"Census Tract 804.01",2415,1377,1038
2010,25025080500,"Census Tract 805",2744,1567,1177
2010,25025080601,"Census Tract 806.01",2349,1302,1047
2010,25025080801,"Census Tract 808.01",2415,1626,789
2010,25025080900,"Census Tract 809",3695,1409,2286
2010,25025081001,"Census Tract 810.01",5139,1668,3471
2010,25025081101,"Census Tract 811.01",892,266,626
2010,25025081102,"Census Tract 811.02",2820,842,1978
2010,25025081200,"Census Tract 812",3261,1262,1999
2010,25025081301,"Census Tract 813.01",2089,892,1197
2010,25025081302,"Census Tract 813.02",2847,1216,1631
2010,25025081400,"Census Tract 814",2943,444,2499
2010,25025081500,"Census Tract 815",1962,764,1198
2010,25025081700,"Census Tract 817",3422,928,2494
2010,25025081800,"Census Tract 818",2793,594,2199
2010,25025081900,"Census Tract 819",2357,374,1983
2010,25025082000,"Census Tract 820",2542,548,1994
2010,25025082100,"Census Tract 821",4806,1800,3006
2010,25025090100,"Census Tract 901",4613,1133,3480
2010,25025090200,"Census Tract 902",2075,962,1113
2010,25025090300,"Census Tract 903",2525,1375,1150
2010,25025090400,"Census Tract 904",3529,834,2695
2010,25025090600,"Census Tract 906",1805,492,1313
2010,25025090700,"Census Tract 907",4157,970,3187
2010,25025090901,"Census Tract 909.01",4026,1718,2308
2010,25025091001,"Census Tract 910.01",2479,505,1974
2010,25025091100,"Census Tract 911",4344,725,3619
2010,25025091200,"Census Tract 912",2888,519,2369
2010,25025091300,"Census Tract 913",1741,632,1109
2010,25025091400,"Census Tract 914",2171,759,1412
2010,25025091500,"Census Tract 915",4778,1276,3502
2010,25025091600,"Census Tract 916",3363,908,2455
2010,25025091700,"Census Tract 917",3248,772,2476
2010,25025091800,"Census Tract 918",2929,598,2331
2010,25025091900,"Census Tract 919",3577,1138,2439
2010,25025092000,"Census Tract 920",5174,1261,3913
2010,25025092101,"Census Tract 921.01",5649,1611,4038
2010,25025092200,"Census Tract 922",2932,661,2271
2010,25025092300,"Census Tract 923",2662,532,2130
2010,25025092400,"Census Tract 924",5969,2273,3696
2010,25025100100,"Census Tract 1001",5613,1833,3780
2010,25025100200,"Census Tract 1002",2997,551,2446
2010,25025100300,"Census Tract 1003",3555,822,2733
2010,25025100400,"Census Tract 1004",4778,931,3847
2010,25025100500,"Census Tract 1005",4773,1098,3675
2010,25025100601,"Census Tract 1006.01",4653,435,4218
2010,25025100603,"Census Tract 1006.03",1651,44,1607
2010,25025100700,"Census Tract 1007",4212,336,3876
2010,25025100800,"Census Tract 1008",5602,675,4927
2010,25025100900,"Census Tract 1009",4256,460,3796
2010,25025101001,"Census Tract 1010.01",5892,941,4951
2010,25025101002,"Census Tract 1010.02",6147,1586,4561
2010,25025101101,"Census Tract 1011.01",3608,590,3018
2010,25025101102,"Census Tract 1011.02",4207,1451,2756
2010,25025110104,"Census Tract 1101.04",2338,685,1653
2010,25025110105,"Census Tract 1101.05",2006,614,1392
2010,25025110106,"Census Tract 1101.06",1375,421,954
2010,25025110201,"Census Tract 1102.01",1883,299,1584
2010,25025110301,"Census Tract 1103.01",2466,0,2466
2010,25025110401,"Census Tract 1104.01",3518,384,3134
2010,25025110403,"Census Tract 1104.03",4592,288,4304
2010,25025110501,"Census Tract 1105.01",3567,337,3230
2010,25025110502,"Census Tract 1105.02",3486,585,2901
2010,25025110601,"Census Tract 1106.01",2577,69,2508
2010,25025110607,"Census Tract 1106.07",4574,323,4251
2010,25025120103,"Census Tract 1201.03",1441,21,1420
2010,25025120104,"Census Tract 1201.04",2096,288,1808
2010,25025120105,"Census Tract 1201.05",2130,145,1985
2010,25025120201,"Census Tract 1202.01",3920,817,3103
2010,25025120301,"Census Tract 1203.01",4419,375,4044
2010,25025120400,"Census Tract 1204",5266,794,4472
2010,25025120500,"Census Tract 1205",2462,626,1836
2010,25025120600,"Census Tract 1206",2494,105,2389
2010,25025120700,"Census Tract 1207",2080,355,1725
2010,25025130101,"Census Tract 1301.01",4823,91,4732
2010,25025130200,"Census Tract 1302",4631,167,4464
2010,25025130300,"Census Tract 1303",4554,38,4516
2010,25025130402,"Census Tract 1304.02",4407,113,4294
2010,25025130404,"Census Tract 1304.04",2718,136,2582
2010,25025130406,"Census Tract 1304.06",4955,914,4041
2010,25025140102,"Census Tract 1401.02",4354,362,3992
2010,25025140105,"Census Tract 1401.05",3697,254,3443
2010,25025140106,"Census Tract 1401.06",2179,525,1654
2010,25025140107,"Census Tract 1401.07",2461,322,2139
2010,25025140201,"Census Tract 1402.01",2115,139,1976
2010,25025140202,"Census Tract 1402.02",5266,548,4718
2010,25025140300,"Census Tract 1403",5977,1031,4946
2010,25025140400,"Census Tract 1404",8127,875,7252
2010,25025980300,"Census Tract 9803",256,221,35
2010,25025980700,"Census Tract 9807",,,
2010,25025980900,"Census Tract 9809",,,
2010,25025981000,"Census Tract 9810",,,
2010,25025981100,"Census Tract 9811",6,0,6
2010,25025981201,"Census Tract 9812.01",,,
2010,25025981202,"Census Tract 9812.02",,,
2010,25025981300,"Census Tract 9813",,,
2010,25025981501,"Census Tract 9815.01",,,
2010,25025981502,"Census Tract 9815.02",52,0,52
2010,25025981600,"Census Tract 9816",,,
2010,25025981700,"Census Tract 9817",,,
2010,25025981800,"Census Tract 9818",88,0,88
2010,25025981900,"Census Tract 9819",,,
2020,25025000101,"Census Tract 1.01",1858,235,1623
2020,25025000102,"Census Tract 1.02",4317,1140,3177
2020,25025000201,"Census Tract 2.01",4644,686,3959
2020,25025000202,"Census Tract 2.02",4107,766,3341
2020,25025000301,"Census Tract 3.01",3021,244,2777
2020,25025000302,"Census Tract 3.02",3047,219,2828
2020,25025000401,"Census Tract 4.01",5702,1242,4459
2020,25025000402,"Census Tract 4.02",3750,719,3031
2020,25025000502,"Census Tract 5.02",4102,746,3356
2020,25025000503,"Census Tract 5.03",2348,315,2033
2020,25025000505,"Census Tract 5.05",2064,544,1520
2020,25025000506,"Census Tract 5.06",2924,545,2379
2020,25025000601,"Census Tract 6.01",3782,332,3450
2020,25025000603,"Census Tract 6.03",1850,888,961
2020,25025000604,"Census Tract 6.04",2546,831,1715
2020,25025000701,"Census Tract 7.01",4493,1016,3477
2020,25025000703,"Census Tract 7.03",2409,867,1542
2020,25025000704,"Census Tract 7.04",5312,1166,4146
2020,25025000804,"Census Tract 8.04",4359,495,3864
2020,25025000805,"Census Tract 8.05",5429,2143,3285
2020,25025000806,"Census Tract 8.06",1664,485,1179
2020,25025000807,"Census Tract 8.07",670,356,315
2020,25025010103,"Census Tract 101.03",818,281,537
2020,25025010104,"Census Tract 101.04",3035,968,2067
2020,25025010204,"Census Tract 102.04",2593,627,1967
2020,25025010205,"Census Tract 102.05",5811,2100,3712
2020,25025010206,"Census Tract 102.06",2220,770,1450
2020,25025010300,"Census Tract 103",466,107,358
2020,25025010403,"Census Tract 104.03",3296,1794,1503
2020,25025010404,"Census Tract 104.04",2910,1141,1769
2020,25025010405,"Census Tract 104.05",3344,800,2544
2020,25025010408,"Census Tract 104.08",1522,486,1036
2020,25025010500,"Census Tract 105",4016,1870,2146
2020,25025010600,"Census Tract 106",3676,588,3088
2020,25025010701,"Census Tract 107.01",2447,174,2274
2020,25025010702,"Census Tract 107.02",2211,159,2051
2020,25025010801,"Census Tract 108.01",2814,202,2613
2020,25025010802,"Census Tract 108.02",2955,194,2761
2020,25025020101,"Census Tract 201.01",4312,156,4156
2020,25025020200,"Census Tract 202",3792,529,3263
2020,25025020301,"Census Tract 203.01",2099,279,1820
2020,25025020302,"Census Tract 203.02",1346,96,1249
2020,25025020304,"Census Tract 203.04",1946,235,1711
2020,25025020305,"Census Tract 203.05",4331,497,3833
2020,25025030100,"Census Tract 301",2097,378,1720
2020,25025030200,"Census Tract 302",1817,184,1633
2020,25025030301,"Census Tract 303.01",1376,53,1324
2020,25025030302,"Census Tract 303.02",1521,335,1187
2020,25025030400,"Census Tract 304",4317,502,3814
2020,25025030500,"Census Tract 305",2631,210,2421
2020,25025040100,"Census Tract 401",2416,216,2200
2020,25025040200,"Census Tract 402",1577,271,1307
2020,25025040300,"Census Tract 403",4490,222,4268
2020,25025040401,"Census Tract 404.01",2910,119,2791
2020,25025040600,"Census Tract 406",3947,227,3720
2020,25025040801,"Census Tract 408.01",4011,697,3314
2020,25025050101,"Census Tract 501.01",5032,808,4223
2020,25025050200,"Census Tract 502",5305,896,4409
2020,25025050300,"Census Tract 503",4178,879,3300
2020,25025050400,"Census Tract 504",2454,280,2174
2020,25025050500,"Census Tract 505",2110,283,1828
2020,25025050600,"Census Tract 506",2057,204,1853
2020,25025050700,"Census Tract 507",4529,668,3862
2020,25025050901,"Census Tract 509.01",4174,476,3697
2020,25025051000,"Census Tract 510",4387,562,3825
2020,25025051101,"Census Tract 511.01",6226,1200,5025
2020,25025051200,"Census Tract 512",3411,412,3000
2020,25025060101,"Census Tract 601.01",3779,114,3665
2020,25025060200,"Census Tract 602",2384,152,2232
2020,25025060301,"Census Tract 603.01",3822,322,3500
2020,25025060400,"Census Tract 604",5575,59,5517
2020,25025060501,"Census Tract 605.01",4862,181,4681
2020,25025060601,"Census Tract 606.01",2288,124,2165
2020,25025060602,"Census Tract 606.02",272,17,256
2020,25025060603,"Census Tract 606.03",1653,58,1595
2020,25025060604,"Census Tract 606.04",3213,93,3120
2020,25025060700,"Census Tract 607",1706,661,1045
2020,25025060800,"Census Tract 608",4952,210,4742
2020,25025061000,"Census Tract 610",2871,639,2232
2020,25025061101,"Census Tract 611.01",2810,1239,1571
2020,25025061201,"Census Tract 612.01",2127,425,1702
2020,25025061202,"Census Tract 612.02",0,0,0
2020,25025061203,"Census Tract 612.03",2435,120,2314
2020,25025061204,"Census Tract 612.04",921,23,897
2020,25025070102,"Census Tract 701.02",3060,830,2230
2020,25025070103,"Census Tract 701.03",743,40,703
2020,25025070104,"Census Tract 701.04",3046,381,2666
2020,25025070201,"Census Tract 702.01",2114,669,1445
2020,25025070202,"Census Tract 702.02",5713,2187,3525
2020,25025070301,"Census Tract 703.01",2288,278,2010
2020,25025070302,"Census Tract 703.02",2112,308,1804
2020,25025070402,"Census Tract 704.02",4942,1250,3692
2020,25025070501,"Census Tract 705.01",2280,84,2196
2020,25025070502,"Census Tract 705.02",3448,1191,2257
2020,25025070600,"Census Tract 706",2346,58,2287
2020,25025070700,"Census Tract 707",2541,424,2117
2020,25025070801,"Census Tract 708.01",966,270,696
2020,25025070802,"Census Tract 708.02",2724,418,2306
2020,25025070901,"Census Tract 709.01",1167,252,914
2020,25025070902,"Census Tract 709.02",2209,502,1707
2020,25025071101,"Census Tract 711.01",4073,931,3143
2020,25025071201,"Census Tract 712.01",3567,951,2616
2020,25025080100,"Census Tract 801",2312,785,1527
2020,25025080300,"Census Tract 803",2057,716,1341
2020,25025080401,"Census Tract 804.01",3850,1637,2213
2020,25025080500,"Census Tract 805",3258,1063,2195
2020,25025080601,"Census Tract 806.01",3356,2127,1229
2020,25025080801,"Census Tract 808.01",3968,2439,1529
2020,25025080900,"Census Tract 809",4759,1709,3050
2020,25025081001,"Census Tract 810.01",6211,2459,3752
2020,25025081101,"Census Tract 811.01",1428,187,1241
2020,25025081102,"Census Tract 811.02",3049,977,2072
2020,25025081200,"Census Tract 812",3514,1122,2392
2020,25025081301,"Census Tract 813.01",2527,1118,1410
2020,25025081302,"Census Tract 813.02",3113,1013,2100
2020,25025081400,"Census Tract 814",3833,998,2835
2020,25025081500,"Census Tract 815",2488,710,1778
2020,25025081700,"Census Tract 817",4009,1151,2858
2020,25025081800,"Census Tract 818",3370,678,2692
2020,25025081900,"Census Tract 819",3479,691,2788
2020,25025082000,"Census Tract 820",3212,1042,2170
2020,25025082100,"Census Tract 821",4961,965,3997
2020,25025090100,"Census Tract 901",5196,1588,3608
2020,25025090200,"Census Tract 902",2148,567,1581
2020,25025090300,"Census Tract 903",3870,1055,2815
2020,25025090400,"Census Tract 904",4251,800,3451
2020,25025090600,"Census Tract 906",2504,504,2000
2020,25025090700,"Census Tract 907",5334,876,4459
2020,25025090901,"Census Tract 909.01",4536,1906,2630
2020,25025091001,"Census Tract 910.01",5210,241,4969
2020,25025091100,"Census Tract 911",4811,544,4267
2020,25025091200,"Census Tract 912",3172,986,2185
2020,25025091300,"Census Tract 913",2656,909,1747
2020,25025091400,"Census Tract 914",2872,681,2192
2020,25025091500,"Census Tract 915",4350,1542,2808
2020,25025091600,"Census Tract 916",3236,503,2733
2020,25025091700,"Census Tract 917",3073,715,2358
2020,25025091800,"Census Tract 918",3687,1151,2536
2020,25025091900,"Census Tract 919",4230,964,3266
2020,25025092000,"Census Tract 920",5008,819,4188
2020,25025092101,"Census Tract 921.01",6687,1294,5394
2020,25025092200,"Census Tract 922",3408,406,3001
2020,25025092300,"Census Tract 923",3266,422,2843
2020,25025092400,"Census Tract 924",5806,1138,4668
2020,25025100100,"Census Tract 1001",5550,1130,4420
2020,25025100200,"Census Tract 1002",2838,878,1961
2020,25025100300,"Census Tract 1003",3613,448,3165
2020,25025100400,"Census Tract 1004",5058,1174,3884
2020,25025100500,"Census Tract 1005",6224,1378,4846
2020,25025100601,"Census Tract 1006.01",5211,577,4634
2020,25025100603,"Census Tract 1006.03",2052,111,1941
2020,25025100700,"Census Tract 1007",4361,196,4165
2020,25025100800,"Census Tract 1008",5569,564,5005
2020,25025100900,"Census Tract 1009",4053,223,3830
2020,25025101001,"Census Tract 1010.01",5449,490,4960
2020,25025101002,"Census Tract 1010.02",5460,1397,4063
2020,25025101101,"Census Tract 1011.01",3468,485,2983
2020,25025101102,"Census Tract 1011.02",4662,1527,3135
2020,25025110104,"Census Tract 1101.04",2008,529,1479
2020,25025110105,"Census Tract 1101.05",2511,219,2292
2020,25025110106,"Census Tract 1101.06",1287,127,1160
2020,25025110201,"Census Tract 1102.01",2083,339,1744
2020,25025110301,"Census Tract 1103.01",2359,136,2223
2020,25025110401,"Census Tract 1104.01",3611,478,3133
2020,25025110403,"Census Tract 1104.03",4430,273,4157
2020,25025110501,"Census Tract 1105.01",3212,155,3057
2020,25025110502,"Census Tract 1105.02",3974,336,3638
2020,25025110601,"Census Tract 1106.01",2501,89,2412
2020,25025110607,"Census Tract 1106.07",4790,249,4541
2020,25025120103,"Census Tract 1201.03",1650,17,1634
2020,25025120104,"Census Tract 1201.04",2387,112,2275
2020,25025120105,"Census Tract 1201.05",2246,247,1999
2020,25025120201,"Census Tract 1202.01",4820,646,4174
2020,25025120301,"Census Tract 1203.01",5209,564,4645
2020,25025120400,"Census Tract 1204",5784,393,5391
2020,25025120500,"Census Tract 1205",2523,546,1977
2020,25025120600,"Census Tract 1206",2609,99,2510
2020,25025120700,"Census Tract 1207",2155,189,1966
2020,25025130101,"Census Tract 1301.01",5987,147,5841
2020,25025130200,"Census Tract 1302",4574,256,4318
2020,25025130300,"Census Tract 1303",4444,178,4266
2020,25025130402,"Census Tract 1304.02",4820,182,4638
2020,25025130404,"Census Tract 1304.04",2872,118,2753
2020,25025130406,"Census Tract 1304.06",5858,947,4911
2020,25025140102,"Census Tract 1401.02",4925,257,4668
2020,25025140105,"Census Tract 1401.05",3589,536,3053
2020,25025140106,"Census Tract 1401.06",2223,352,1871
2020,25025140107,"Census Tract 1401.07",2810,349,2461
2020,25025140201,"Census Tract 1402.01",2306,167,2139
2020,25025140202,"Census Tract 1402.02",5410,364,5045
2020,25025140300,"Census Tract 1403",6906,631,6275
2020,25025140400,"Census Tract 1404",7787,1159,6628
2020,25025980101,"Census Tract 9801.01",0,0,0
2020,25025980300,"Census Tract 9803",70,63,6
2020,25025980700,"Census Tract 9807",0,0,0
2020,25025980900,"Census Tract 9809",52,19,33
2020,25025981000,"Census Tract 9810",2,0,2
2020,25025981100,"Census Tract 9811",5,0,5
2020,25025981201,"Census Tract 9812.01",0,0,0
2020,25025981202,"Census Tract 9812.02",0,0,0
2020,25025981300,"Census Tract 9813",47,0,47
2020,25025981501,"Census Tract 9815.01",0,0,0
2020,25025981600,"Census Tract 9816",0,0,0
2020,25025981700,"Census Tract 9817",0,0,0
2020,25025981800,"Census Tract 9818",6,0,6
2020,25025981900,"Census Tract 9819",0,0,0
2020,25025990101,"Census Tract 9901.01",0,0,0
2024,25025000101,"Census Tract 1.01",1897,237,1660
2024,25025000102,"Census Tract 1.02",4914,1341,3573
2024,25025000201,"Census Tract 2.01",4491,568,3923
2024,25025000202,"Census Tract 2.02",4270,790,3480
2024,25025000301,"Census Tract 3.01",3053,246,2807
2024,25025000302,"Census Tract 3.02",3120,224,2896
2024,25025000401,"Census Tract 4.01",5819,1285,4533
2024,25025000402,"Census Tract 4.02",3847,747,3100
2024,25025000502,"Census Tract 5.02",4172,755,3416
2024,25025000503,"Census Tract 5.03",2361,316,2046
2024,25025000505,"Census Tract 5.05",2198,582,1616
2024,25025000506,"Census Tract 5.06",2962,553,2409
2024,25025000601,"Census Tract 6.01",3900,344,3556
2024,25025000603,"Census Tract 6.03",2624,1212,1411
2024,25025000604,"Census Tract 6.04",2635,858,1777
2024,25025000701,"Census Tract 7.01",4528,1026,3501
2024,25025000703,"Census Tract 7.03",2470,872,1597
2024,25025000704,"Census Tract 7.04",5378,1175,4202
2024,25025000804,"Census Tract 8.04",4963,596,4367
2024,25025000805,"Census Tract 8.05",6286,2391,3895
2024,25025000806,"Census Tract 8.06",1680,486,1194
2024,25025000807,"Census Tract 8.07",671,356,315
2024,25025010103,"Census Tract 101.03",838,279,559
2024,25025010104,"Census Tract 101.04",3124,973,2151
2024,25025010204,"Census Tract 102.04",3046,676,2370
2024,25025010205,"Census Tract 102.05",5926,2100,3826
2024,25025010206,"Census Tract 102.06",2779,907,1873
2024,25025010300,"Census Tract 103",499,113,387
2024,25025010403,"Census Tract 104.03",3384,1803,1581
2024,25025010404,"Census Tract 104.04",3057,1198,1859
2024,25025010405,"Census Tract 104.05",1925,836,1089
2024,25025010408,"Census Tract 104.08",1517,476,1042
2024,25025010500,"Census Tract 105",3447,1279,2168
2024,25025010600,"Census Tract 106",3810,600,3211
2024,25025010701,"Census Tract 107.01",2265,171,2093
2024,25025010702,"Census Tract 107.02",2296,165,2131
2024,25025010801,"Census Tract 108.01",2713,212,2501
2024,25025010802,"Census Tract 108.02",3036,192,2844
2024,25025020101,"Census Tract 201.01",4300,171,4129
2024,25025020200,"Census Tract 202",3800,554,3246
2024,25025020301,"Census Tract 203.01",2208,269,1939
2024,25025020302,"Census Tract 203.02",1282,92,1189
2024,25025020304,"Census Tract 203.04",1940,232,1708
2024,25025020305,"Census Tract 203.05",4549,569,3980
2024,25025030100,"Census Tract 301",2057,363,1694
2024,25025030200,"Census Tract 302",1792,176,1616
2024,25025030301,"Census Tract 303.01",1544,62,1482
2024,25025030302,"Census Tract 303.02",1886,388,1498
2024,25025030400,"Census Tract 304",4135,477,3657
2024,25025030500,"Census Tract 305",2532,207,2324
2024,25025040100,"Census Tract 401",2454,239,2215
2024,25025040200,"Census Tract 402",1578,291,1287
2024,25025040300,"Census Tract 403",4374,204,4169
2024,25025040401,"Census Tract 404.01",2880,117,2762
2024,25025040600,"Census Tract 406",3909,226,3682
2024,25025040801,"Census Tract 408.01",4072,725,3348
2024,25025050101,"Census Tract 501.01",5164,864,4301
2024,25025050200,"Census Tract 502",5494,912,4582
2024,25025050300,"Census Tract 503",4381,969,3412
2024,25025050400,"Census Tract 504",2594,302,2293
2024,25025050500,"Census Tract 505",2198,294,1905
2024,25025050600,"Census Tract 506",2107,207,1900
2024,25025050700,"Census Tract 507",4737,705,4032
2024,25025050901,"Census Tract 509.01",4344,490,3854
2024,25025051000,"Census Tract 510",4804,595,4209
2024,25025051101,"Census Tract 511.01",6546,1239,5307
2024,25025051200,"Census Tract 512",3565,461,3104
2024,25025060101,"Census Tract 601.01",3897,121,3776
2024,25025060200,"Census Tract 602",2443,151,2292
2024,25025060301,"Census Tract 603.01",3939,349,3590
2024,25025060400,"Census Tract 604",5708,68,5640
2024,25025060501,"Census Tract 605.01",4951,188,4764
2024,25025060601,"Census Tract 606.01",2330,131,2199
2024,25025060602,"Census Tract 606.02",302,17,286
2024,25025060603,"Census Tract 606.03",2216,84,2132
2024,25025060604,"Census Tract 606.04",3974,109,3865
2024,25025060700,"Census Tract 607",1792,646,1146
2024,25025060800,"Census Tract 608",5045,217,4828
2024,25025061000,"Census Tract 610",2965,588,2377
2024,25025061101,"Census Tract 611.01",2812,1277,1535
2024,25025061201,"Census Tract 612.01",2212,454,1758
2024,25025061202,"Census Tract 612.02",0,0,0
2024,25025061203,"Census Tract 612.03",2499,124,2375
2024,25025061204,"Census Tract 612.04",1181,24,1157
2024,25025070102,"Census Tract 701.02",2871,919,1952
2024,25025070103,"Census Tract 701.03",725,34,690
2024,25025070104,"Census Tract 701.04",3581,511,3070
2024,25025070201,"Census Tract 702.01",2262,708,1554
2024,25025070202,"Census Tract 702.02",5312,1768,3544
2024,25025070301,"Census Tract 703.01",2375,293,2082
2024,25025070302,"Census Tract 703.02",2356,353,2003
2024,25025070402,"Census Tract 704.02",5428,1284,4144
2024,25025070501,"Census Tract 705.01",2393,90,2303
2024,25025070502,"Census Tract 705.02",3638,1262,2376
2024,25025070600,"Census Tract 706",2434,62,2372
2024,25025070700,"Census Tract 707",2712,474,2238
2024,25025070801,"Census Tract 708.01",989,287,701
2024,25025070802,"Census Tract 708.02",2842,450,2392
2024,25025070901,"Census Tract 709.01",1197,276,921
2024,25025070902,"Census Tract 709.02",2315,551,1764
2024,25025071101,"Census Tract 711.01",4240,984,3256
2024,25025071201,"Census Tract 712.01",4048,1066,2981
2024,25025080100,"Census Tract 801",2345,798,1547
2024,25025080300,"Census Tract 803",2068,718,1350
2024,25025080401,"Census Tract 804.01",4020,1736,2284
2024,25025080500,"Census Tract 805",3272,1068,2204
2024,25025080601,"Census Tract 806.01",2262,1166,1096
2024,25025080801,"Census Tract 808.01",2992,1494,1498
2024,25025080900,"Census Tract 809",5126,1917,3209
2024,25025081001,"Census Tract 810.01",5938,2359,3579
2024,25025081101,"Census Tract 811.01",1443,189,1254
2024,25025081102,"Census Tract 811.02",3068,990,2078
2024,25025081200,"Census Tract 812",3621,1138,2483
2024,25025081301,"Census Tract 813.01",2721,1214,1507
2024,25025081302,"Census Tract 813.02",3184,1030,2154
2024,25025081400,"Census Tract 814",4016,1066,2950
2024,25025081500,"Census Tract 815",2499,699,1799
2024,25025081700,"Census Tract 817",4219,1236,2984
2024,25025081800,"Census Tract 818",3530,693,2837
2024,25025081900,"Census Tract 819",3556,722,2834
2024,25025082000,"Census Tract 820",3238,1054,2184
2024,25025082100,"Census Tract 821",4962,968,3993
2024,25025090100,"Census Tract 901",5056,1555,3501
2024,25025090200,"Census Tract 902",2109,573,1536
2024,25025090300,"Census Tract 903",3629,959,2670
2024,25025090400,"Census Tract 904",4342,816,3526
2024,25025090600,"Census Tract 906",2544,531,2013
2024,25025090700,"Census Tract 907",5385,912,4472
2024,25025090901,"Census Tract 909.01",4160,1756,2404
2024,25025091001,"Census Tract 910.01",4998,261,4737
2024,25025091100,"Census Tract 911",4941,568,4373
2024,25025091200,"Census Tract 912",3215,984,2231
2024,25025091300,"Census Tract 913",2849,957,1892
2024,25025091400,"Census Tract 914",2944,680,2265
2024,25025091500,"Census Tract 915",4459,1553,2907
2024,25025091600,"Census Tract 916",3131,499,2631
2024,25025091700,"Census Tract 917",3010,704,2306
2024,25025091800,"Census Tract 918",3584,1122,2462
2024,25025091900,"Census Tract 919",4100,985,3115
2024,25025092000,"Census Tract 920",4910,815,4096
2024,25025092101,"Census Tract 921.01",6599,1244,5354
2024,25025092200,"Census Tract 922",3383,401,2982
2024,25025092300,"Census Tract 923",3153,398,2754
2024,25025092400,"Census Tract 924",5630,1103,4527
2024,25025100100,"Census Tract 1001",5393,1024,4369
2024,25025100200,"Census Tract 1002",2781,859,1922
2024,25025100300,"Census Tract 1003",3544,411,3133
2024,25025100400,"Census Tract 1004",4954,1145,3809
2024,25025100500,"Census Tract 1005",6103,1377,4726
2024,25025100601,"Census Tract 1006.01",5120,589,4531
2024,25025100603,"Census Tract 1006.03",2195,124,2071
2024,25025100700,"Census Tract 1007",4332,205,4128
2024,25025100800,"Census Tract 1008",5544,580,4964
2024,25025100900,"Census Tract 1009",4153,231,3921
2024,25025101001,"Census Tract 1010.01",5630,501,5129
2024,25025101002,"Census Tract 1010.02",5639,1446,4194
2024,25025101101,"Census Tract 1011.01",3615,483,3132
2024,25025101102,"Census Tract 1011.02",4711,1498,3213
2024,25025110104,"Census Tract 1101.04",2005,530,1475
2024,25025110105,"Census Tract 1101.05",2664,237,2427
2024,25025110106,"Census Tract 1101.06",1340,124,1215
2024,25025110201,"Census Tract 1102.01",2086,345,1741
2024,25025110301,"Census Tract 1103.01",2369,155,2213
2024,25025110401,"Census Tract 1104.01",3587,479,3108
2024,25025110403,"Census Tract 1104.03",4417,274,4143
2024,25025110501,"Census Tract 1105.01",3239,152,3087
2024,25025110502,"Census Tract 1105.02",3976,340,3636
2024,25025110601,"Census Tract 1106.01",2494,92,2402
2024,25025110607,"Census Tract 1106.07",4774,246,4528
2024,25025120103,"Census Tract 1201.03",1715,19,1696
2024,25025120104,"Census Tract 1201.04",2423,110,2313
2024,25025120105,"Census Tract 1201.05",2307,254,2052
2024,25025120201,"Census Tract 1202.01",4892,682,4210
2024,25025120301,"Census Tract 1203.01",5305,574,4731
2024,25025120400,"Census Tract 1204",5978,434,5545
2024,25025120500,"Census Tract 1205",2573,560,2012
2024,25025120600,"Census Tract 1206",2664,102,2562
2024,25025120700,"Census Tract 1207",2208,189,2018
2024,25025130101,"Census Tract 1301.01",5983,149,5834
2024,25025130200,"Census Tract 1302",4622,269,4352
2024,25025130300,"Census Tract 1303",4447,171,4276
2024,25025130402,"Census Tract 1304.02",4989,182,4807
2024,25025130404,"Census Tract 1304.04",2908,112,2797
2024,25025130406,"Census Tract 1304.06",5573,901,4672
2024,25025140102,"Census Tract 1401.02",4841,252,4589
2024,25025140105,"Census Tract 1401.05",3530,548,2982
2024,25025140106,"Census Tract 1401.06",2204,356,1849
2024,25025140107,"Census Tract 1401.07",2760,350,2410
2024,25025140201,"Census Tract 1402.01",2236,161,2074
2024,25025140202,"Census Tract 1402.02",5359,348,5011
2024,25025140300,"Census Tract 1403",6839,680,6159
2024,25025140400,"Census Tract 1404",7747,1180,6567
2024,25025980101,"Census Tract 9801.01",0,0,0
2024,25025980300,"Census Tract 9803",70,63,6
2024,25025980700,"Census Tract 9807",0,0,0
2024,25025980900,"Census Tract 9809",53,21,32
2024,25025981000,"Census Tract 9810",2,0,2
2024,25025981100,"Census Tract 9811",5,0,5
2024,25025981201,"Census Tract 9812.01",0,0,0
2024,25025981202,"Census Tract 9812.02",0,0,0
2024,25025981300,"Census Tract 9813",47,0,47
2024,25025981501,"Census Tract 9815.01",0,0,0
2024,25025981600,"Census Tract 9816",0,0,0
2024,25025981700,"Census Tract 9817",0,0,0
2024,25025981800,"Census Tract 9818",6,0,6
2024,25025981900,"Census Tract 9819",0,0,0
2024,25025990101,"Census Tract 9901.01",0,0,0
