YEAR,GEOID,median_nom_101,median_nom_102,median_adj_101,median_adj_102,count_101,count_102,NAME
1990,Allston,140500.0,115500.0,314647.0,258660.0,10.0,83.0,Allston
1990,Back Bay,1472500.0,215000.0,3297633.5,481488.0,4.0,319.0,Back Bay
1990,Beacon Hill,710000.0,155000.0,1590031.0,347119.0,19.0,108.0,Beacon Hill
1990,Brighton,161750.0,104250.0,362235.5,233466.0,44.0,250.0,Brighton
1990,Charlestown,130750.0,164000.0,292812.0,367275.0,38.0,106.0,Charlestown
1990,Chinatown,111439.0,103370.0,249565.0,231495.0,2.0,10.0,Chinatown
1990,Dorchester,122000.0,114500.0,273217.0,256420.5,153.0,132.0,Dorchester
1990,Downtown,,226250.0,,506682.5,0.0,66.0,Downtown
1990,East Boston,106000.0,97000.0,237385.0,217230.0,30.0,39.0,East Boston
1990,Fenway,,125000.0,,279935.0,0.0,93.0,Fenway
1990,Hyde Park,134450.0,110400.0,301098.0,247238.5,146.0,20.0,Hyde Park
1990,Jamaica Plain,195000.0,125000.0,436699.0,279935.0,71.0,126.0,Jamaica Plain
1990,Longwood,,89000.0,,199313.5,0.0,10.0,Longwood
1990,Mattapan,123500.0,73500.0,276575.5,164602.0,72.0,8.0,Mattapan
1990,Mission Hill,50000.0,135100.0,111974.0,302554.0,1.0,25.0,Mission Hill
1990,North End,,147000.0,,329204.0,0.0,161.0,North End
1990,Roslindale,138000.0,141500.0,309048.0,316886.5,91.0,58.0,Roslindale
1990,Roxbury,100000.0,96150.0,223948.0,215326.0,21.0,49.0,Roxbury
1990,South Boston,130000.0,117000.0,291132.0,262019.0,31.0,102.0,South Boston
1990,South Boston Waterfront,,146000.0,,326964.0,0.0,1.0,South Boston Waterfront
1990,South End,235000.0,143200.0,526278.0,320693.0,14.0,215.0,South End
1990,West End,,125000.0,,279935.0,0.0,29.0,West End
1990,West Roxbury,162500.0,135500.0,363915.0,303449.5,197.0,70.0,West Roxbury
1991,Allston,137000.0,62000.0,294419.0,133241.0,11.0,71.0,Allston
1991,Back Bay,430800.0,210800.0,925809.0,453019.0,2.0,332.0,Back Bay
1991,Beacon Hill,375000.0,151000.0,805892.0,324506.0,9.0,147.0,Beacon Hill
1991,Brighton,160000.0,78750.0,343847.0,169237.5,35.0,186.0,Brighton
1991,Charlestown,124000.0,148500.0,266481.5,319133.0,30.0,117.0,Charlestown
1991,Dorchester,106000.0,99500.0,227799.0,213830.5,150.0,86.0,Dorchester
1991,Downtown,,160000.0,,343847.0,0.0,81.0,Downtown
1991,East Boston,100000.0,47000.0,214905.0,101005.0,13.0,41.0,East Boston
1991,Fenway,181250.0,95750.0,389514.5,205771.0,2.0,74.0,Fenway
1991,Hyde Park,125000.0,86950.0,268631.0,186859.5,120.0,10.0,Hyde Park
1991,Jamaica Plain,150750.0,111000.0,323969.0,238544.0,59.0,97.0,Jamaica Plain
1991,Longwood,,62500.0,,134315.5,0.0,4.0,Longwood
1991,Mattapan,103250.0,115000.0,221889.0,247140.0,46.0,7.0,Mattapan
1991,Mission Hill,135000.0,79000.0,290121.0,169775.0,1.0,7.0,Mission Hill
1991,North End,,126500.0,,271854.0,0.0,79.0,North End
1991,Roslindale,128250.0,84000.0,275615.0,180520.0,82.0,17.0,Roslindale
1991,Roxbury,88000.0,72525.0,189116.0,155859.5,13.0,42.0,Roxbury
1991,South Boston,92000.0,87500.0,197712.0,188041.0,35.0,85.0,South Boston
1991,South Boston Waterfront,,126000.0,,270780.0,0.0,2.0,South Boston Waterfront
1991,South End,258000.0,124250.0,554454.0,267019.0,19.0,220.0,South End
1991,West End,165000.0,122500.0,354593.0,263258.0,1.0,32.0,West End
1991,West Roxbury,150000.0,130000.0,322357.0,279376.0,187.0,63.0,West Roxbury
1992,Allston,115000.0,42000.0,239918.0,87622.0,7.0,73.0,Allston
1992,Back Bay,662500.0,199000.0,1382136.5,415163.0,4.0,315.0,Back Bay
1992,Beacon Hill,492000.0,155000.0,1026432.0,323368.0,17.0,151.0,Beacon Hill
1992,Brighton,152500.0,55000.0,318152.5,114743.0,48.0,256.0,Brighton
1992,Charlestown,155000.0,144900.0,323368.0,302297.0,26.0,161.0,Charlestown
1992,Chinatown,,82550.0,,172219.5,0.0,2.0,Chinatown
1992,Dorchester,98000.0,57500.0,204452.0,119959.0,148.0,66.0,Dorchester
1992,Downtown,44290.0,158000.0,92400.0,329626.5,1.0,98.0,Downtown
1992,East Boston,71000.0,27777.0,148123.0,57950.0,23.0,62.0,East Boston
1992,Fenway,,70000.0,,146037.0,0.0,134.0,Fenway
1992,Hyde Park,115500.0,51500.0,240961.0,107441.5,158.0,8.0,Hyde Park
1992,Jamaica Plain,154500.0,86500.0,322325.0,180460.0,69.0,105.0,Jamaica Plain
1992,Longwood,,88750.0,,185154.0,0.0,4.0,Longwood
1992,Mattapan,94000.0,113500.0,196107.0,236788.5,49.0,8.0,Mattapan
1992,Mission Hill,67000.0,40000.0,139778.0,83450.0,5.0,18.0,Mission Hill
1992,North End,,127000.0,,264953.0,0.0,81.0,North End
1992,Roslindale,120000.0,74000.0,250349.0,154382.0,105.0,31.0,Roslindale
1992,Roxbury,68000.0,59750.0,141864.5,124653.0,14.0,34.0,Roxbury
1992,South Boston,80000.0,70000.0,166900.0,146037.0,49.0,79.0,South Boston
1992,South Boston Waterfront,,116000.0,,242004.0,0.0,3.0,South Boston Waterfront
1992,South End,245000.0,123750.0,511130.0,258172.5,11.0,224.0,South End
1992,West End,,120000.0,,250349.0,0.0,25.0,West End
1992,West Roxbury,150000.0,90000.0,312937.0,187762.0,206.0,63.0,West Roxbury
1993,Allston,133500.0,35000.0,270418.5,70896.0,8.0,94.0,Allston
1993,Back Bay,718750.0,200000.0,1455904.0,405121.0,4.0,362.0,Back Bay
1993,Beacon Hill,500000.0,168000.0,1012803.0,340302.0,23.0,169.0,Beacon Hill
1993,Brighton,155000.0,50000.0,313969.0,101280.0,55.0,246.0,Brighton
1993,Charlestown,125000.0,174900.0,253201.0,354278.0,49.0,222.0,Charlestown
1993,Chinatown,,212500.0,,430441.0,0.0,1.0,Chinatown
1993,Dorchester,90100.0,52000.0,182507.0,105331.0,227.0,116.0,Dorchester
1993,Downtown,,176500.0,,357519.5,0.0,104.0,Downtown
1993,East Boston,87000.0,25000.0,176228.0,50640.0,25.0,64.0,East Boston
1993,Fenway,233250.0,74900.0,472472.5,151718.0,2.0,183.0,Fenway
1993,Hyde Park,107000.0,55000.0,216740.0,111408.0,187.0,18.0,Hyde Park
1993,Jamaica Plain,170000.0,88750.0,344353.0,179772.0,95.0,136.0,Jamaica Plain
1993,Longwood,,87000.0,,176227.5,0.0,16.0,Longwood
1993,Mattapan,90750.0,105000.0,183823.5,212689.0,60.0,11.0,Mattapan
1993,Mission Hill,72500.0,45000.0,146856.0,91152.0,3.0,20.0,Mission Hill
1993,North End,170000.0,132850.0,344353.0,269101.5,1.0,112.0,North End
1993,Roslindale,115000.0,53000.0,232945.0,107357.0,129.0,45.0,Roslindale
1993,Roxbury,57500.0,60000.0,116472.0,121536.0,18.0,57.0,Roxbury
1993,South Boston,89000.0,79000.0,180279.0,160023.0,39.0,98.0,South Boston
1993,South Boston Waterfront,,155000.0,,313969.0,0.0,7.0,South Boston Waterfront
1993,South End,332500.0,121000.0,673514.0,245098.0,13.0,321.0,South End
1993,West End,,115000.0,,232945.0,0.0,32.0,West End
1993,West Roxbury,151225.0,110000.0,306322.0,222817.0,268.0,69.0,West Roxbury
1994,Allston,127500.0,65365.0,251817.0,129098.0,23.0,84.0,Allston
1994,Back Bay,800000.0,232000.0,1580027.0,458208.0,5.0,444.0,Back Bay
1994,Beacon Hill,500000.0,180000.0,987517.0,355506.0,17.0,181.0,Beacon Hill
1994,Brighton,151500.0,62250.0,299217.5,122946.0,60.0,308.0,Brighton
1994,Charlestown,137500.0,152500.0,271567.0,301193.0,55.0,183.0,Charlestown
1994,Dorchester,81000.0,39000.0,159978.0,77026.0,274.0,143.0,Dorchester
1994,Downtown,,194000.0,,383157.0,0.0,102.0,Downtown
1994,East Boston,75450.0,19450.0,149016.5,38414.5,42.0,60.0,East Boston
1994,Fenway,,64000.0,,126402.0,0.0,219.0,Fenway
1994,Hyde Park,107875.0,36000.0,213057.0,71101.0,256.0,30.0,Hyde Park
1994,Jamaica Plain,170000.0,87500.0,335756.0,172815.0,109.0,133.0,Jamaica Plain
1994,Longwood,,50000.0,,98752.0,0.0,13.0,Longwood
1994,Mattapan,91670.0,94000.0,181051.0,185653.0,85.0,9.0,Mattapan
1994,Mission Hill,61000.0,46144.5,120477.0,91137.0,4.0,26.0,Mission Hill
1994,North End,,147000.0,,290330.0,0.0,142.0,North End
1994,Roslindale,118000.0,55450.0,233054.0,109515.5,194.0,72.0,Roslindale
1994,Roxbury,48750.0,55720.0,96283.0,110049.0,32.0,46.0,Roxbury
1994,South Boston,93750.0,87900.0,185159.5,173605.0,68.0,115.0,South Boston
1994,South Boston Waterfront,,148500.0,,293293.0,0.0,5.0,South Boston Waterfront
1994,South End,247500.0,146250.0,488821.0,288848.5,32.0,396.0,South End
1994,West End,,116125.0,,229351.0,0.0,52.0,West End
1994,West Roxbury,157000.0,79000.0,310080.0,156028.0,332.0,127.0,West Roxbury
1995,Allston,126500.0,65000.0,242956.0,124839.0,23.0,100.0,Allston
1995,Back Bay,787500.0,220000.0,1512475.5,422533.0,2.0,403.0,Back Bay
1995,Beacon Hill,861250.0,187750.0,1654120.0,360593.0,26.0,179.0,Beacon Hill
1995,Brighton,158000.0,75000.0,303455.0,144045.0,53.0,292.0,Brighton
1995,Charlestown,120500.0,153500.0,231432.5,294813.0,48.0,215.0,Charlestown
1995,Dorchester,85000.0,44000.0,163251.0,84507.0,257.0,119.0,Dorchester
1995,Downtown,,173000.0,,332264.0,0.0,115.0,Downtown
1995,East Boston,50000.0,24250.0,96030.0,46575.0,27.0,41.0,East Boston
1995,Fenway,293000.0,95000.0,562737.0,182457.0,3.0,227.0,Fenway
1995,Hyde Park,108000.0,31500.0,207425.0,60499.0,320.0,28.0,Hyde Park
1995,Jamaica Plain,171000.0,98000.0,328423.0,188219.0,73.0,141.0,Jamaica Plain
1995,Longwood,,45000.0,,86427.0,0.0,3.0,Longwood
1995,Mattapan,92000.0,26000.0,176696.0,49936.0,79.0,9.0,Mattapan
1995,Mission Hill,126500.0,57000.0,242956.0,109474.0,3.0,27.0,Mission Hill
1995,North End,,162500.0,,312098.0,0.0,127.0,North End
1995,Roslindale,115000.0,73000.0,220869.0,140204.0,177.0,51.0,Roslindale
1995,Roxbury,50500.0,50000.0,96990.0,96030.0,29.0,41.0,Roxbury
1995,South Boston,100000.0,83000.0,192060.0,159410.0,77.0,117.0,South Boston
1995,South Boston Waterfront,,116281.5,,223331.0,0.0,10.0,South Boston Waterfront
1995,South End,320000.0,151000.0,614593.0,290011.0,23.0,413.0,South End
1995,West End,,125000.0,,240075.0,0.0,47.0,West End
1995,West Roxbury,156000.0,75000.0,299614.0,144045.0,266.0,121.0,West Roxbury
1996,Allston,134000.0,65500.0,249980.0,122191.5,15.0,92.0,Allston
1996,Back Bay,942500.0,238000.0,1758252.0,443994.0,14.0,491.0,Back Bay
1996,Beacon Hill,719000.0,187000.0,1341308.5,348852.0,22.0,205.0,Beacon Hill
1996,Brighton,179250.0,85000.0,334394.0,158569.0,62.0,307.0,Brighton
1996,Charlestown,189500.0,183750.0,353516.0,342789.0,68.0,244.0,Charlestown
1996,Chinatown,,140000.0,,261173.0,0.0,7.0,Chinatown
1996,Dorchester,102500.0,46000.0,191216.0,85814.0,253.0,107.0,Dorchester
1996,Downtown,,188500.0,,351650.0,0.0,163.0,Downtown
1996,East Boston,80000.0,37000.0,149242.0,69024.0,39.0,40.0,East Boston
1996,Fenway,271000.0,100000.0,505556.0,186552.0,1.0,269.0,Fenway
1996,Hyde Park,113000.0,66000.0,210804.0,123124.0,291.0,49.0,Hyde Park
1996,Jamaica Plain,225000.0,111375.0,419742.0,207772.5,106.0,190.0,Jamaica Plain
1996,Longwood,,45000.0,,83948.0,0.0,5.0,Longwood
1996,Mattapan,93000.0,50750.0,173493.0,94675.0,73.0,22.0,Mattapan
1996,Mission Hill,97000.0,65000.0,180955.0,121259.0,5.0,17.0,Mission Hill
1996,North End,488000.0,148500.0,910373.0,277029.5,1.0,144.0,North End
1996,Roslindale,127700.0,77000.0,238226.5,143645.0,166.0,45.0,Roslindale
1996,Roxbury,65750.0,78000.0,122658.0,145511.0,38.0,47.0,Roxbury
1996,South Boston,108400.0,95450.0,202222.0,178063.5,71.0,136.0,South Boston
1996,South Boston Waterfront,,176000.0,,328331.0,0.0,47.0,South Boston Waterfront
1996,South End,296500.0,165000.0,553126.5,307811.0,36.0,512.0,South End
1996,West End,,126700.0,,236361.0,0.0,207.0,West End
1996,West Roxbury,165000.0,87500.0,307811.0,163233.0,280.0,95.0,West Roxbury
1997,Allston,153000.0,95500.0,279022.5,174161.0,12.0,96.0,Allston
1997,Back Bay,1700000.0,246500.0,3100249.0,449536.0,5.0,421.0,Back Bay
1997,Beacon Hill,937500.0,200000.0,1709696.5,364735.0,18.0,191.0,Beacon Hill
1997,Brighton,184500.0,89900.0,336468.0,163948.0,49.0,329.0,Brighton
1997,Charlestown,245000.0,173000.0,446801.0,315496.0,51.0,217.0,Charlestown
1997,Chinatown,,295750.0,,539352.5,0.0,12.0,Chinatown
1997,Dorchester,115000.0,56000.0,209723.0,102126.0,196.0,81.0,Dorchester
1997,Downtown,355000.0,196400.0,647405.0,358170.0,1.0,144.0,Downtown
1997,East Boston,70000.0,39150.0,127657.0,71396.5,29.0,34.0,East Boston
1997,Fenway,,116500.0,,212458.0,0.0,247.0,Fenway
1997,Hyde Park,122500.0,63000.0,223400.0,114892.0,200.0,29.0,Hyde Park
1997,Jamaica Plain,221500.0,104750.0,403944.0,191030.0,68.0,152.0,Jamaica Plain
1997,Longwood,,126000.0,,229783.0,0.0,6.0,Longwood
1997,Mattapan,103000.0,103000.0,187839.0,187838.5,87.0,18.0,Mattapan
1997,Mission Hill,215000.0,76000.0,392090.0,138599.5,2.0,14.0,Mission Hill
1997,North End,162500.0,198500.0,296347.5,362000.0,2.0,191.0,North End
1997,Roslindale,130000.0,87000.0,237078.0,158660.0,163.0,41.0,Roslindale
1997,Roxbury,69425.0,111500.0,126608.5,203340.0,44.0,34.0,Roxbury
1997,South Boston,125900.0,118000.0,229601.0,215194.0,81.0,132.0,South Boston
1997,South Boston Waterfront,,201000.0,,366559.0,0.0,20.0,South Boston Waterfront
1997,South End,506000.0,187000.0,922780.0,341027.0,20.0,479.0,South End
1997,West End,,153150.0,,279296.0,0.0,182.0,West End
1997,West Roxbury,178000.0,101000.0,324614.0,184191.0,265.0,95.0,West Roxbury
1998,Allston,185000.0,109000.0,332206.0,195732.0,21.0,160.0,Allston
1998,Back Bay,1451000.0,279000.0,2605569.0,501002.0,5.0,513.0,Back Bay
1998,Beacon Hill,1173750.0,209500.0,2107709.5,376200.0,38.0,244.0,Beacon Hill
1998,Brighton,215500.0,102650.0,386974.5,184329.5,50.0,482.0,Brighton
1998,Charlestown,263000.0,199900.0,472270.5,358962.0,72.0,360.0,Charlestown
1998,Chinatown,,233375.0,,419073.0,0.0,15.0,Chinatown
1998,Dorchester,127000.0,65500.0,228055.0,117619.0,261.0,132.0,Dorchester
1998,Downtown,,274000.0,,492023.5,0.0,198.0,Downtown
1998,East Boston,95000.0,59500.0,170592.0,106844.5,51.0,38.0,East Boston
1998,Fenway,627500.0,143500.0,1126805.5,257684.0,2.0,382.0,Fenway
1998,Hyde Park,133000.0,89450.0,238829.0,160626.0,242.0,38.0,Hyde Park
1998,Jamaica Plain,237250.0,125000.0,426031.0,224463.0,92.0,296.0,Jamaica Plain
1998,Longwood,,101600.0,,182444.0,0.0,11.0,Longwood
1998,Mattapan,115000.0,124500.0,206506.0,223565.0,65.0,25.0,Mattapan
1998,Mission Hill,121500.0,96000.0,218178.5,172388.0,2.0,25.0,Mission Hill
1998,North End,375000.0,175000.0,673390.0,314248.0,5.0,181.0,North End
1998,Roslindale,159000.0,109950.0,285517.0,197438.0,179.0,54.0,Roslindale
1998,Roxbury,95000.0,91000.0,170592.0,163409.0,46.0,53.0,Roxbury
1998,South Boston,145000.0,135000.0,260377.0,242420.0,81.0,207.0,South Boston
1998,South Boston Waterfront,195000.0,279311.0,350163.0,501560.0,1.0,17.0,South Boston Waterfront
1998,South End,538125.0,221000.0,966314.0,396851.0,16.0,525.0,South End
1998,West End,,164000.0,,294496.0,0.0,73.0,West End
1998,West Roxbury,200250.0,112250.0,359590.0,201568.0,311.0,136.0,West Roxbury
1999,Allston,238000.0,117000.0,418143.0,205558.0,24.0,161.0,Allston
1999,Back Bay,1415000.0,302500.0,2486017.0,531463.0,7.0,529.0,Back Bay
1999,Beacon Hill,1300000.0,236500.0,2283974.0,415507.5,26.0,256.0,Beacon Hill
1999,Brighton,265000.0,115000.0,465579.0,202044.0,73.0,569.0,Brighton
1999,Charlestown,300000.0,235500.0,527071.0,413750.5,74.0,272.0,Charlestown
1999,Chinatown,,137500.0,,241574.0,0.0,1.0,Chinatown
1999,Dorchester,144000.0,79900.0,252994.0,140377.0,273.0,205.0,Dorchester
1999,Downtown,,305000.0,,535855.0,0.0,169.0,Downtown
1999,East Boston,115000.0,76500.0,202044.0,134403.0,62.0,53.0,East Boston
1999,Fenway,570000.0,142800.0,1001435.0,250885.5,3.0,382.0,Fenway
1999,Hyde Park,158000.0,95000.0,277591.0,166906.0,269.0,45.0,Hyde Park
1999,Jamaica Plain,244000.0,135625.0,428684.0,238280.0,103.0,276.0,Jamaica Plain
1999,Longwood,,119450.0,,209862.0,0.0,16.0,Longwood
1999,Mattapan,139500.0,150750.0,245088.0,264853.0,71.0,32.0,Mattapan
1999,Mission Hill,195000.0,118000.0,342596.0,207315.0,3.0,35.0,Mission Hill
1999,North End,128800.0,223500.0,226289.0,392668.0,1.0,173.0,North End
1999,Roslindale,186750.0,124000.0,328101.5,217856.0,178.0,65.0,Roslindale
1999,Roxbury,100000.0,124000.0,175690.0,217856.0,59.0,85.0,Roxbury
1999,South Boston,202000.0,154950.0,354894.5,272232.0,56.0,210.0,South Boston
1999,South Boston Waterfront,,318500.0,,559574.0,0.0,17.0,South Boston Waterfront
1999,South End,675000.0,270275.0,1185909.0,474847.0,26.0,472.0,South End
1999,West End,,191500.0,,336447.0,0.0,76.0,West End
1999,West Roxbury,229000.0,125000.0,402331.0,219613.0,335.0,142.0,West Roxbury
2000,Allston,260000.0,145000.0,441940.0,246466.0,15.0,121.0,Allston
2000,Back Bay,1800000.0,479000.0,3059582.0,814189.0,5.0,604.0,Back Bay
2000,Beacon Hill,1537500.0,311000.0,2613393.0,528628.0,20.0,223.0,Beacon Hill
2000,Brighton,290000.0,140000.0,492933.0,237967.0,39.0,516.0,Brighton
2000,Charlestown,395000.0,310500.0,671408.0,527778.0,57.0,259.0,Charlestown
2000,Chinatown,,459000.0,,780193.0,0.0,3.0,Chinatown
2000,Dorchester,170000.0,119500.0,288961.0,203122.0,201.0,202.0,Dorchester
2000,Downtown,,395000.0,,671408.0,0.0,188.0,Downtown
2000,East Boston,138500.0,92000.0,235418.0,156379.0,46.0,49.0,East Boston
2000,Fenway,,195000.0,,331455.0,0.0,306.0,Fenway
2000,Hyde Park,187000.0,105000.0,317857.0,178476.0,193.0,39.0,Hyde Park
2000,Jamaica Plain,338500.0,195000.0,575371.5,331455.0,88.0,373.0,Jamaica Plain
2000,Longwood,,129000.0,,219270.0,0.0,19.0,Longwood
2000,Mattapan,160000.0,145000.0,271963.0,246466.5,73.0,20.0,Mattapan
2000,Mission Hill,220000.0,155000.0,373949.0,263464.0,5.0,53.0,Mission Hill
2000,North End,517250.0,269750.0,879205.0,458512.5,2.0,186.0,North End
2000,Roslindale,221250.0,147000.0,376073.5,249866.0,144.0,73.0,Roslindale
2000,Roxbury,130000.0,155000.0,220970.0,263464.0,51.0,71.0,Roxbury
2000,South Boston,237500.0,223000.0,403694.5,379048.0,70.0,350.0,South Boston
2000,South Boston Waterfront,,321500.0,,546475.5,0.0,90.0,South Boston Waterfront
2000,South End,765000.0,325000.0,1300322.0,552425.0,15.0,681.0,South End
2000,West End,,285000.0,,484434.0,0.0,65.0,West End
2000,West Roxbury,264600.0,135000.0,449758.5,229469.0,278.0,158.0,West Roxbury
2001,Allston,324750.0,172500.0,536726.5,285097.0,10.0,135.0,Allston
2001,Back Bay,2468750.0,452500.0,4080198.5,747864.0,6.0,333.0,Back Bay
2001,Beacon Hill,1875000.0,328500.0,3098885.0,542925.0,23.0,191.0,Beacon Hill
2001,Brighton,330000.0,182000.0,545404.0,300798.0,41.0,413.0,Brighton
2001,Charlestown,437000.0,375500.0,722246.5,620603.5,60.0,260.0,Charlestown
2001,Chinatown,,375000.0,,619777.0,0.0,1.0,Chinatown
2001,Dorchester,200000.0,145000.0,330548.0,239647.0,194.0,157.0,Dorchester
2001,Downtown,,510937.5,,844446.5,0.0,106.0,Downtown
2001,East Boston,170000.0,119000.0,280966.0,196676.0,45.0,63.0,East Boston
2001,Fenway,,247500.0,,409053.0,0.0,215.0,Fenway
2001,Hyde Park,225000.0,105000.0,371866.0,173538.0,172.0,37.0,Hyde Park
2001,Jamaica Plain,448500.0,219000.0,741253.0,361950.0,94.0,236.0,Jamaica Plain
2001,Longwood,,154350.0,,255100.5,0.0,10.0,Longwood
2001,Mattapan,189950.0,135000.0,313937.5,223120.0,74.0,16.0,Mattapan
2001,Mission Hill,140000.0,250000.0,231383.0,413185.0,4.0,52.0,Mission Hill
2001,North End,440000.0,366000.0,727205.0,604902.0,1.0,103.0,North End
2001,Roslindale,252000.0,165000.0,416490.0,272702.0,137.0,75.0,Roslindale
2001,Roxbury,145000.0,132000.0,239647.0,218161.0,32.0,75.0,Roxbury
2001,South Boston,233500.0,229000.0,385914.5,378477.0,68.0,223.0,South Boston
2001,South Boston Waterfront,,330000.0,,545404.0,0.0,41.0,South Boston Waterfront
2001,South End,829000.0,372500.0,1370120.0,615645.0,21.0,411.0,South End
2001,West End,,310000.0,,512349.0,0.0,39.0,West End
2001,West Roxbury,296000.0,168000.0,489211.0,277660.0,264.0,114.0,West Roxbury
2002,Allston,341000.0,194000.0,554812.0,315641.0,18.0,125.0,Allston
2002,Back Bay,1845000.0,436000.0,3001843.0,709379.0,7.0,422.0,Back Bay
2002,Beacon Hill,1500000.0,345000.0,2440523.0,561320.0,22.0,215.0,Beacon Hill
2002,Brighton,365000.0,209500.0,593860.0,340859.5,47.0,416.0,Brighton
2002,Charlestown,442400.0,367950.0,719791.0,598660.5,79.0,290.0,Charlestown
2002,Chinatown,355000.0,422500.0,577590.0,687413.5,2.0,2.0,Chinatown
2002,Dorchester,249900.0,180000.0,406591.0,292863.0,219.0,129.0,Dorchester
2002,Downtown,,490000.0,,797237.0,0.0,119.0,Downtown
2002,East Boston,186250.0,159500.0,303031.5,259508.5,48.0,50.0,East Boston
2002,Fenway,867500.0,260500.0,1411436.0,423837.5,1.0,268.0,Fenway
2002,Hyde Park,250000.0,117450.0,406754.0,191093.0,251.0,38.0,Hyde Park
2002,Jamaica Plain,395000.0,250000.0,642671.0,406754.0,97.0,232.0,Jamaica Plain
2002,Longwood,,206600.0,,336141.0,0.0,14.0,Longwood
2002,Mattapan,208000.0,221810.0,338419.0,360888.5,64.0,14.0,Mattapan
2002,Mission Hill,343750.0,300000.0,559286.5,488105.0,10.0,57.0,Mission Hill
2002,North End,725000.0,327500.0,1179586.0,532847.5,1.0,124.0,North End
2002,Roslindale,298200.0,209825.0,485176.0,341388.5,122.0,66.0,Roslindale
2002,Roxbury,204000.0,234000.0,331911.0,380722.0,44.0,65.0,Roxbury
2002,South Boston,335000.0,256500.0,545050.0,417329.5,69.0,220.0,South Boston
2002,South Boston Waterfront,,411130.0,,668914.5,0.0,16.0,South Boston Waterfront
2002,South End,935000.0,384000.0,1521259.0,624774.0,25.0,492.0,South End
2002,West End,34000.0,321000.0,55319.0,522272.0,1.0,67.0,West End
2002,West Roxbury,342400.0,179000.0,557090.0,291236.0,305.0,107.0,West Roxbury
2003,Allston,349500.0,224500.0,555971.0,357125.5,14.0,140.0,Allston
2003,Back Bay,2460000.0,470000.0,3913272.0,747657.5,9.0,416.0,Back Bay
2003,Beacon Hill,1765000.0,350000.0,2807693.0,556766.0,23.0,143.0,Beacon Hill
2003,Brighton,374000.0,236000.0,594944.5,375419.5,56.0,442.0,Brighton
2003,Charlestown,467000.0,375000.0,742885.5,596535.0,62.0,217.0,Charlestown
2003,Chinatown,,360000.0,,572674.0,0.0,1.0,Chinatown
2003,Dorchester,309500.0,196000.0,492340.5,311789.0,198.0,157.0,Dorchester
2003,Downtown,,573500.0,,912301.5,0.0,140.0,Downtown
2003,East Boston,235900.0,172750.0,375260.0,274804.0,39.0,49.0,East Boston
2003,Fenway,,276250.0,,439447.5,0.0,258.0,Fenway
2003,Hyde Park,293000.0,230000.0,466093.0,365875.0,179.0,49.0,Hyde Park
2003,Jamaica Plain,487000.0,288500.0,774700.5,458934.5,80.0,232.0,Jamaica Plain
2003,Longwood,,188750.0,,300256.5,0.0,12.0,Longwood
2003,Mattapan,259000.0,266000.0,412007.0,423142.0,65.0,11.0,Mattapan
2003,Mission Hill,332500.0,325000.0,528928.0,516997.0,2.0,55.0,Mission Hill
2003,North End,470000.0,404000.0,747658.0,642667.0,1.0,117.0,North End
2003,Roslindale,330000.0,247000.0,524951.0,392918.0,153.0,47.0,Roslindale
2003,Roxbury,220000.0,276000.0,349967.0,439050.0,35.0,49.0,Roxbury
2003,South Boston,325000.0,299000.0,516997.0,475638.0,56.0,248.0,South Boston
2003,South Boston Waterfront,,400000.0,,636304.0,0.0,25.0,South Boston Waterfront
2003,South End,975000.0,415750.0,1550992.0,661359.0,21.0,502.0,South End
2003,West End,,325000.0,,516997.0,0.0,53.0,West End
2003,West Roxbury,360000.0,217000.0,572674.0,345195.0,243.0,113.0,West Roxbury
2004,Allston,397500.0,229500.0,615925.0,355609.5,18.0,170.0,Allston
2004,Back Bay,3335000.0,510000.0,5167573.0,790244.0,7.0,530.0,Back Bay
2004,Beacon Hill,1750000.0,439000.0,2711620.0,680229.0,27.0,248.0,Beacon Hill
2004,Brighton,448900.0,246500.0,695569.5,381951.0,68.0,612.0,Brighton
2004,Charlestown,564250.0,421000.0,874303.5,652338.0,68.0,357.0,Charlestown
2004,Chinatown,,382500.0,,592683.0,0.0,3.0,Chinatown
2004,Dorchester,334000.0,218500.0,517532.0,338565.0,253.0,240.0,Dorchester
2004,Downtown,750500.0,688500.0,1162897.5,1066829.0,2.0,217.0,Downtown
2004,East Boston,280000.0,188000.0,433859.0,291305.5,62.0,58.0,East Boston
2004,Fenway,929000.0,307250.0,1439482.5,476083.0,6.0,372.0,Fenway
2004,Hyde Park,325000.0,257000.0,503587.0,398221.0,305.0,41.0,Hyde Park
2004,Jamaica Plain,487500.0,310000.0,755380.0,480344.0,108.0,318.0,Jamaica Plain
2004,Longwood,,256500.0,,397446.0,0.0,21.0,Longwood
2004,Mattapan,295000.0,263000.0,457102.0,407518.0,99.0,23.0,Mattapan
2004,Mission Hill,385486.0,310500.0,597309.0,481119.0,6.0,50.0,Mission Hill
2004,North End,625000.0,393250.0,968436.0,609340.0,1.0,195.0,North End
2004,Roslindale,369000.0,288000.0,571764.0,446255.0,189.0,100.0,Roslindale
2004,Roxbury,310000.0,297000.0,480344.0,460201.0,47.0,101.0,Roxbury
2004,South Boston,399000.0,329000.0,618249.0,509785.0,93.0,379.0,South Boston
2004,South Boston Waterfront,,465000.0,,720516.0,0.0,27.0,South Boston Waterfront
2004,South End,1067500.0,475000.0,1654088.0,736011.0,38.0,718.0,South End
2004,West End,,377000.0,,584160.0,0.0,85.0,West End
2004,West Roxbury,418500.0,240000.0,648464.5,371879.0,342.0,151.0,West Roxbury
2005,Allston,420000.0,300000.0,629462.0,449616.0,15.0,227.0,Allston
2005,Back Bay,2160000.0,600000.0,3237235.0,899232.0,8.0,422.0,Back Bay
2005,Beacon Hill,2075000.0,450000.0,3109844.0,674424.0,27.0,205.0,Beacon Hill
2005,Brighton,484500.0,263000.0,726130.0,394163.0,58.0,499.0,Brighton
2005,Charlestown,562500.0,451000.0,843030.0,675922.5,70.0,236.0,Charlestown
2005,Chinatown,965000.0,525000.0,1446265.0,786828.0,1.0,5.0,Chinatown
2005,Dorchester,349900.0,253500.0,524402.0,379925.5,225.0,218.0,Dorchester
2005,Downtown,,800000.0,,1198976.0,0.0,196.0,Downtown
2005,East Boston,329000.0,269000.0,493079.0,403156.0,53.0,160.0,East Boston
2005,Fenway,1250250.0,325000.0,1873774.5,487084.0,2.0,311.0,Fenway
2005,Hyde Park,350000.0,270000.0,524552.0,404654.0,288.0,47.0,Hyde Park
2005,Jamaica Plain,510000.0,315000.0,764347.0,472097.0,94.0,343.0,Jamaica Plain
2005,Longwood,,265000.0,,397161.0,0.0,20.0,Longwood
2005,Mattapan,330000.0,203000.0,494578.0,304240.0,103.0,31.0,Mattapan
2005,Mission Hill,602000.0,262500.0,902229.5,393414.0,6.0,26.0,Mission Hill
2005,North End,577000.0,480000.0,864761.0,719386.0,1.0,169.0,North End
2005,Roslindale,375000.0,299000.0,562020.0,448117.0,168.0,109.0,Roslindale
2005,Roxbury,285000.0,295000.0,427135.0,442122.0,55.0,85.0,Roxbury
2005,South Boston,400000.0,361250.0,599488.0,541412.5,65.0,312.0,South Boston
2005,South Boston Waterfront,,538000.0,,806311.0,0.0,33.0,South Boston Waterfront
2005,South End,1176500.0,518000.0,1763244.0,776337.0,40.0,557.0,South End
2005,West End,,401000.0,,600987.0,0.0,66.0,West End
2005,West Roxbury,438375.0,252500.0,657001.5,378427.0,292.0,132.0,West Roxbury
2006,Allston,394500.0,307933.5,572768.5,447084.0,8.0,166.0,Allston
2006,Back Bay,3325000.0,599000.0,4827517.0,869679.0,7.0,383.0,Back Bay
2006,Beacon Hill,1900000.0,450000.0,2758581.0,653348.0,23.0,172.0,Beacon Hill
2006,Brighton,445000.0,257000.0,646089.0,373134.0,41.0,367.0,Brighton
2006,Charlestown,619125.0,429900.0,898898.0,624165.0,41.0,271.0,Charlestown
2006,Chinatown,,353750.0,,513604.0,0.0,8.0,Chinatown
2006,Dorchester,342500.0,267000.0,497270.5,387653.0,200.0,289.0,Dorchester
2006,Downtown,,825000.0,,1197805.0,0.0,211.0,Downtown
2006,East Boston,312000.0,240000.0,452988.0,348452.0,36.0,91.0,East Boston
2006,Fenway,2687500.0,335000.0,3901941.0,486381.0,2.0,267.0,Fenway
2006,Hyde Park,340000.0,280500.0,493641.0,407254.0,238.0,48.0,Hyde Park
2006,Jamaica Plain,498950.0,315800.0,724418.0,458505.5,84.0,292.0,Jamaica Plain
2006,Longwood,,276200.0,,401010.5,0.0,16.0,Longwood
2006,Mattapan,328000.0,305000.0,476218.0,442825.0,73.0,39.0,Mattapan
2006,Mission Hill,470000.0,291000.0,682386.0,422498.5,5.0,36.0,Mission Hill
2006,North End,681250.0,494500.0,989097.0,717957.0,1.0,143.0,North End
2006,Roslindale,370000.0,270000.0,537197.0,392009.0,132.0,107.0,Roslindale
2006,Roxbury,267500.0,266500.0,388379.5,386927.0,54.0,75.0,Roxbury
2006,South Boston,382000.0,331250.0,554620.0,480937.0,69.0,352.0,South Boston
2006,South Boston Waterfront,,634000.0,,920495.0,0.0,31.0,South Boston Waterfront
2006,South End,1395000.0,495000.0,2025379.0,718683.0,25.0,590.0,South End
2006,West End,,403000.0,,585110.0,0.0,67.0,West End
2006,West Roxbury,400000.0,241500.0,580754.0,350630.0,288.0,76.0,West Roxbury
2007,Allston,440000.0,277500.0,621264.0,391820.0,8.0,128.0,Allston
2007,Back Bay,3100500.0,630000.0,4377792.5,889537.0,12.0,466.0,Back Bay
2007,Beacon Hill,2136000.0,490000.0,3015954.0,691862.0,21.0,170.0,Beacon Hill
2007,Brighton,465000.0,259500.0,656563.0,366404.5,43.0,482.0,Brighton
2007,Charlestown,629000.0,435000.0,888125.0,614204.0,63.0,354.0,Charlestown
2007,Chinatown,,417500.0,,589495.0,0.0,13.0,Chinatown
2007,Dorchester,330000.0,270000.0,465948.0,381230.0,194.0,625.0,Dorchester
2007,Downtown,,812500.0,,1147220.0,0.0,204.0,Downtown
2007,East Boston,267500.0,270000.0,377700.0,381230.0,38.0,168.0,East Boston
2007,Fenway,,315000.0,,444768.0,0.0,308.0,Fenway
2007,Hyde Park,320000.0,230000.0,451828.0,324752.0,179.0,86.0,Hyde Park
2007,Jamaica Plain,467500.0,325550.0,660093.0,459664.5,93.0,450.0,Jamaica Plain
2007,Longwood,,250000.0,,352991.0,0.0,17.0,Longwood
2007,Mattapan,290000.0,269900.0,409469.0,381089.0,45.0,55.0,Mattapan
2007,Mission Hill,690000.0,310000.0,974254.5,437709.0,4.0,47.0,Mission Hill
2007,North End,1100000.0,471000.0,1553160.0,665035.0,1.0,186.0,North End
2007,Roslindale,369900.0,295000.0,522285.0,416529.0,123.0,125.0,Roslindale
2007,Roxbury,259000.0,285500.0,365699.0,403116.0,44.0,194.0,Roxbury
2007,South Boston,392000.0,363000.0,553490.0,512543.0,67.0,655.0,South Boston
2007,South Boston Waterfront,,600000.0,,847178.0,0.0,44.0,South Boston Waterfront
2007,South End,1530000.0,554425.0,2160304.0,782828.0,27.0,694.0,South End
2007,West End,,370000.0,,522426.5,0.0,60.0,West End
2007,West Roxbury,407500.0,240500.0,575375.0,339577.0,290.0,94.0,West Roxbury
2008,Allston,210000.0,255000.0,285495.0,346672.0,12.0,77.0,Allston
2008,Back Bay,2250000.0,746000.0,3058871.5,1014186.0,4.0,392.0,Back Bay
2008,Beacon Hill,2012500.0,475000.0,2735990.5,645762.0,18.0,185.0,Beacon Hill
2008,Brighton,458000.0,273700.0,622650.0,372094.5,33.0,330.0,Brighton
2008,Charlestown,590000.0,415000.0,802104.0,564192.0,59.0,266.0,Charlestown
2008,Chinatown,,535000.0,,727332.0,0.0,8.0,Chinatown
2008,Dorchester,272500.0,220750.0,370463.5,300109.5,166.0,550.0,Dorchester
2008,Downtown,,602500.0,,819098.0,0.0,190.0,Downtown
2008,East Boston,210000.0,230000.0,285495.0,312685.0,45.0,117.0,East Boston
2008,Fenway,1157500.0,365000.0,1573619.0,496217.0,2.0,239.0,Fenway
2008,Hyde Park,273300.0,227500.0,371551.0,309286.0,140.0,52.0,Hyde Park
2008,Jamaica Plain,490000.0,329000.0,666154.0,447275.0,65.0,355.0,Jamaica Plain
2008,Longwood,,250000.0,,339875.0,0.0,7.0,Longwood
2008,Mattapan,233000.0,157000.0,316763.0,213441.0,42.0,37.0,Mattapan
2008,Mission Hill,650000.0,341650.0,883674.0,464472.5,2.0,56.0,Mission Hill
2008,North End,657500.0,592500.0,893870.5,805503.0,2.0,205.0,North End
2008,Roslindale,380000.0,275000.0,516609.0,373862.0,91.0,105.0,Roslindale
2008,Roxbury,252000.0,260000.0,342594.0,353470.0,31.0,158.0,Roxbury
2008,South Boston,397500.0,362750.0,540400.5,493158.0,50.0,508.0,South Boston
2008,South Boston Waterfront,,527878.0,,717649.0,0.0,30.0,South Boston Waterfront
2008,South End,1427500.0,569000.0,1940684.0,773554.5,23.0,732.0,South End
2008,West End,,356500.0,,484661.0,0.0,76.0,West End
2008,West Roxbury,365000.0,262500.0,496217.0,356868.5,220.0,80.0,West Roxbury
2009,Allston,390000.0,277000.0,532182.0,377986.0,8.0,89.0,Allston
2009,Back Bay,3975000.0,659531.0,5424161.0,899975.5,2.0,304.0,Back Bay
2009,Beacon Hill,2600000.0,525000.0,3547879.0,716399.0,19.0,153.0,Beacon Hill
2009,Brighton,422000.0,258500.0,575848.0,352741.0,30.0,292.0,Brighton
2009,Charlestown,520000.0,402200.0,709576.0,548830.0,55.0,245.0,Charlestown
2009,Chinatown,,385000.0,,525359.0,0.0,23.0,Chinatown
2009,Dorchester,274500.0,118000.0,374574.0,161019.0,162.0,513.0,Dorchester
2009,Downtown,,599750.0,,818400.0,0.0,158.0,Downtown
2009,East Boston,187500.0,218700.0,255856.5,298431.5,44.0,116.0,East Boston
2009,Fenway,587500.0,362000.0,801684.0,493974.0,2.0,177.0,Fenway
2009,Hyde Park,252500.0,160750.0,344554.0,219354.5,145.0,48.0,Hyde Park
2009,Jamaica Plain,530000.0,315000.0,723221.0,429839.0,67.0,361.0,Jamaica Plain
2009,Longwood,,230050.0,,313919.0,0.0,8.0,Longwood
2009,Mattapan,161000.0,70000.0,219696.0,95520.0,45.0,45.0,Mattapan
2009,Mission Hill,650000.0,270000.0,886970.0,368434.0,5.0,43.0,Mission Hill
2009,North End,825000.0,475000.0,1125769.0,648170.0,1.0,123.0,North End
2009,Roslindale,340000.0,265000.0,463953.0,361611.0,95.0,144.0,Roslindale
2009,Roxbury,135000.0,143450.0,184217.0,195747.0,23.0,106.0,Roxbury
2009,South Boston,355000.0,341000.0,484422.0,465318.0,45.0,519.0,South Boston
2009,South Boston Waterfront,,426640.0,,582180.0,0.0,41.0,South Boston Waterfront
2009,South End,1390000.0,547000.0,1896750.5,746419.0,24.0,583.0,South End
2009,West End,,353750.0,,482716.0,0.0,60.0,West End
2009,West Roxbury,383000.0,294000.0,522630.0,401183.0,211.0,103.0,West Roxbury
2010,Allston,431250.0,240724.0,578757.0,323062.5,8.0,96.0,Allston
2010,Back Bay,2656000.0,770000.0,3564471.0,1033375.0,7.0,399.0,Back Bay
2010,Beacon Hill,2400000.0,494750.0,3220908.0,663976.5,28.0,144.0,Beacon Hill
2010,Brighton,399000.0,255000.0,535476.0,342221.0,35.0,302.0,Brighton
2010,Charlestown,679000.0,420000.0,911249.0,563659.0,59.0,247.0,Charlestown
2010,Chinatown,,380000.0,,509977.0,0.0,15.0,Chinatown
2010,Dorchester,277000.0,155000.0,371746.0,208017.0,141.0,453.0,Dorchester
2010,Downtown,,650000.0,,872329.0,0.0,179.0,Downtown
2010,East Boston,231000.0,212500.0,310012.0,285185.0,25.0,77.0,East Boston
2010,Fenway,,372000.0,,499241.0,0.0,171.0,Fenway
2010,Hyde Park,273000.0,175000.0,366378.0,234858.0,136.0,59.0,Hyde Park
2010,Jamaica Plain,499500.0,323000.0,670351.0,433481.0,67.0,341.0,Jamaica Plain
2010,Longwood,,298500.0,,400600.0,0.0,10.0,Longwood
2010,Mattapan,210000.0,76500.0,281829.0,102666.0,47.0,37.0,Mattapan
2010,Mission Hill,745000.0,319000.0,999823.5,428112.5,2.0,56.0,Mission Hill
2010,North End,650000.0,446500.0,872329.0,599223.0,1.0,136.0,North End
2010,Roslindale,347500.0,268750.0,466361.0,360674.5,107.0,108.0,Roslindale
2010,Roxbury,150000.0,143000.0,201307.0,191912.0,46.0,109.0,Roxbury
2010,South Boston,442500.0,359000.0,593855.0,481794.0,48.0,562.0,South Boston
2010,South Boston Waterfront,,530000.0,,711284.0,0.0,50.0,South Boston Waterfront
2010,South End,1650000.0,583000.0,2214374.0,782412.0,25.0,555.0,South End
2010,West End,,387750.0,,520378.0,0.0,34.0,West End
2010,West Roxbury,412500.0,260000.0,553594.0,348932.0,225.0,69.0,West Roxbury
2011,Allston,369900.0,222450.0,481412.5,289511.5,16.0,110.0,Allston
2011,Back Bay,3725000.0,775000.0,4847966.0,1008637.0,10.0,361.0,Back Bay
2011,Beacon Hill,2150000.0,479500.0,2798154.5,624054.0,26.0,163.0,Beacon Hill
2011,Brighton,350000.0,244500.0,455514.0,318209.0,45.0,333.0,Brighton
2011,Charlestown,648500.0,422875.0,844001.5,550358.0,56.0,252.0,Charlestown
2011,Chinatown,,385000.0,,501065.0,0.0,11.0,Chinatown
2011,Dorchester,214200.0,113000.0,278774.0,147066.0,189.0,430.0,Dorchester
2011,Downtown,,772500.0,,1005383.5,0.0,202.0,Downtown
2011,East Boston,185000.0,222500.0,240771.0,289576.5,35.0,60.0,East Boston
2011,Fenway,1125000.0,330000.0,1464151.0,429484.0,3.0,189.0,Fenway
2011,Hyde Park,199900.0,140000.0,260163.0,182205.0,180.0,75.0,Hyde Park
2011,Jamaica Plain,466000.0,308500.0,606484.0,401502.5,65.0,306.0,Jamaica Plain
2011,Longwood,,305000.0,,396948.0,0.0,7.0,Longwood
2011,Mattapan,119950.0,74500.0,156111.0,96959.5,62.0,54.0,Mattapan
2011,Mission Hill,,290000.0,,377426.0,0.0,33.0,Mission Hill
2011,North End,792000.0,485000.0,1030762.0,631212.0,4.0,127.0,North End
2011,Roslindale,320000.0,235000.0,416470.0,305845.0,109.0,115.0,Roslindale
2011,Roxbury,167000.0,240000.0,217345.0,312352.0,29.0,116.0,Roxbury
2011,South Boston,372500.0,365625.0,484796.5,475849.0,66.0,514.0,South Boston
2011,South Boston Waterfront,,565000.0,,735329.0,0.0,48.0,South Boston Waterfront
2011,South End,1812500.0,590000.0,2358909.5,767866.0,40.0,522.0,South End
2011,West End,,366250.0,,476662.5,0.0,52.0,West End
2011,West Roxbury,365000.0,260000.0,475036.0,338382.0,243.0,76.0,West Roxbury
2012,Allston,391000.0,225000.0,498457.0,286836.0,12.0,95.0,Allston
2012,Back Bay,3575000.0,755000.0,4557502.0,962493.0,11.0,465.0,Back Bay
2012,Beacon Hill,1950000.0,512000.0,2485910.0,652711.0,29.0,189.0,Beacon Hill
2012,Brighton,425000.0,261000.0,541801.0,332730.0,45.0,337.0,Brighton
2012,Charlestown,638062.5,440875.0,813418.5,562038.5,88.0,344.0,Charlestown
2012,Chinatown,,552500.0,,704341.0,0.0,16.0,Chinatown
2012,Dorchester,295000.0,218500.0,376074.0,278549.0,157.0,351.0,Dorchester
2012,Downtown,,780000.0,,994364.0,0.0,289.0,Downtown
2012,East Boston,255000.0,187500.0,325081.0,239030.0,29.0,112.0,East Boston
2012,Fenway,2250000.0,383500.0,2868358.0,488895.5,1.0,228.0,Fenway
2012,Hyde Park,265000.0,150000.0,337829.0,191224.0,179.0,49.0,Hyde Park
2012,Jamaica Plain,531000.0,343000.0,676932.0,437265.0,81.0,373.0,Jamaica Plain
2012,Longwood,,260000.0,,331455.0,0.0,11.0,Longwood
2012,Mattapan,210000.0,224500.0,267713.0,286198.0,42.0,25.0,Mattapan
2012,Mission Hill,678250.0,317500.0,864651.0,404757.0,2.0,40.0,Mission Hill
2012,North End,2105000.0,517500.0,2683508.5,659722.0,2.0,182.0,North End
2012,Roslindale,323000.0,243450.0,411769.0,310356.5,126.0,102.0,Roslindale
2012,Roxbury,227000.0,210000.0,289385.0,267713.0,29.0,87.0,Roxbury
2012,South Boston,440000.0,399000.0,560923.0,508655.0,77.0,705.0,South Boston
2012,South Boston Waterfront,,677500.0,,863694.5,0.0,52.0,South Boston Waterfront
2012,South End,1689550.0,615950.0,2153882.0,785229.0,35.0,616.0,South End
2012,West End,,403000.0,,513755.0,0.0,55.0,West End
2012,West Roxbury,390500.0,279500.0,497819.5,356314.0,272.0,113.0,West Roxbury
2013,Allston,600000.0,280000.0,753734.0,351742.0,11.0,109.0,Allston
2013,Back Bay,6475000.0,800500.0,8134045.0,1005607.0,7.0,384.0,Back Bay
2013,Beacon Hill,2190000.0,557500.0,2751129.0,700344.5,32.0,156.0,Beacon Hill
2013,Brighton,453750.0,300000.0,570011.0,376867.0,58.0,437.0,Brighton
2013,Charlestown,710000.0,495000.0,891918.0,621830.0,79.0,421.0,Charlestown
2013,Chinatown,,436250.0,,548027.5,0.0,12.0,Chinatown
2013,Dorchester,310000.0,279250.0,389429.0,350800.0,151.0,406.0,Dorchester
2013,Downtown,869000.0,925000.0,1091658.0,1162006.0,1.0,418.0,Downtown
2013,East Boston,298500.0,294000.0,374982.5,369330.0,50.0,93.0,East Boston
2013,Fenway,,378250.0,,475166.5,0.0,306.0,Fenway
2013,Hyde Park,304500.0,169000.0,382520.0,212302.0,166.0,49.0,Hyde Park
2013,Jamaica Plain,610000.0,362000.0,766296.0,454753.0,91.0,397.0,Jamaica Plain
2013,Longwood,,305250.0,,383462.0,0.0,10.0,Longwood
2013,Mattapan,261000.0,263000.0,327874.0,330387.0,46.0,35.0,Mattapan
2013,Mission Hill,582000.0,317000.0,731122.0,398222.5,1.0,40.0,Mission Hill
2013,North End,,495000.0,,621830.0,0.0,187.0,North End
2013,Roslindale,398000.0,287500.0,499976.5,361164.0,152.0,131.0,Roslindale
2013,Roxbury,155000.0,277000.0,194714.5,347974.0,50.0,111.0,Roxbury
2013,South Boston,504750.0,442250.0,634079.0,555565.0,76.0,734.0,South Boston
2013,South Boston Waterfront,,608000.0,,763784.0,0.0,32.0,South Boston Waterfront
2013,South End,1760000.0,665750.0,2210953.0,836330.5,43.0,664.0,South End
2013,West End,,439000.0,,551482.0,0.0,55.0,West End
2013,West Roxbury,413000.0,236500.0,518820.0,297097.0,297.0,104.0,West Roxbury
2014,Allston,545000.0,310000.0,673939.5,383342.0,12.0,91.0,Allston
2014,Back Bay,5272500.0,865000.0,6519902.0,1069647.0,8.0,345.0,Back Bay
2014,Beacon Hill,2950000.0,622000.0,3647930.0,769156.5,30.0,154.0,Beacon Hill
2014,Brighton,517001.0,325000.0,639316.0,401891.0,45.0,349.0,Brighton
2014,Charlestown,675000.0,521000.0,834696.0,644261.5,71.0,282.0,Charlestown
2014,Chinatown,,651000.0,,805017.5,0.0,6.0,Chinatown
2014,Dorchester,356000.0,280000.0,440225.0,346244.0,193.0,404.0,Dorchester
2014,Downtown,,1060000.0,,1310782.0,0.0,351.0,Downtown
2014,East Boston,340000.0,306350.0,420439.0,378828.5,38.0,140.0,East Boston
2014,Fenway,,510875.0,,631741.0,0.0,220.0,Fenway
2014,Hyde Park,330000.0,179000.0,408074.0,221349.0,163.0,41.0,Hyde Park
2014,Jamaica Plain,682800.0,396000.0,844341.0,489688.0,74.0,361.0,Jamaica Plain
2014,Longwood,,370000.0,,457537.0,0.0,5.0,Longwood
2014,Mattapan,250000.0,412500.0,309147.0,510091.5,35.0,50.0,Mattapan
2014,Mission Hill,510000.0,375000.0,630659.0,463720.0,5.0,49.0,Mission Hill
2014,North End,2355500.0,605000.0,2912779.0,748135.0,3.0,171.0,North End
2014,Roslindale,437000.0,310000.0,540388.0,383342.0,129.0,133.0,Roslindale
2014,Roxbury,305000.0,356250.0,377159.0,440534.0,28.0,87.0,Roxbury
2014,South Boston,540000.0,455000.0,667757.0,562647.0,83.0,589.0,South Boston
2014,South Boston Waterfront,,790000.0,,976903.0,0.0,53.0,South Boston Waterfront
2014,South End,2574500.0,716500.0,3183591.5,886014.0,26.0,573.0,South End
2014,West End,,448500.0,,554609.0,0.0,44.0,West End
2014,West Roxbury,450000.0,269900.0,556464.0,333755.0,234.0,95.0,West Roxbury
2015,Allston,761500.0,375000.0,940468.5,463133.0,2.0,106.0,Allston
2015,Back Bay,5850000.0,945000.0,7224873.0,1167095.0,7.0,331.0,Back Bay
2015,Beacon Hill,2500000.0,625000.0,3087553.0,771888.0,25.0,174.0,Beacon Hill
2015,Brighton,596500.0,345000.0,736690.5,426082.0,46.0,319.0,Brighton
2015,Charlestown,870000.0,589500.0,1074468.0,728044.5,77.0,330.0,Charlestown
2015,Chinatown,,550000.0,,679262.0,0.0,15.0,Chinatown
2015,Dorchester,391500.0,325000.0,483510.5,401382.0,198.0,381.0,Dorchester
2015,Downtown,880500.0,910000.0,1087436.5,1123869.0,2.0,264.0,Downtown
2015,East Boston,369000.0,326500.0,455723.0,403234.5,42.0,124.0,East Boston
2015,Fenway,2112500.0,510000.0,2608982.0,629861.0,2.0,159.0,Fenway
2015,Hyde Park,350000.0,192500.0,432257.0,237741.5,184.0,44.0,Hyde Park
2015,Jamaica Plain,815000.0,430000.0,1006542.0,531059.0,79.0,413.0,Jamaica Plain
2015,Longwood,,290000.0,,358156.0,0.0,1.0,Longwood
2015,Mattapan,297000.0,450000.0,366801.0,555759.0,52.0,39.0,Mattapan
2015,Mission Hill,600000.0,430500.0,741013.0,531676.5,1.0,36.0,Mission Hill
2015,North End,1750000.0,605500.0,2161287.0,747805.5,1.0,162.0,North End
2015,Roslindale,450000.0,338500.0,555759.0,418054.5,140.0,146.0,Roslindale
2015,Roxbury,395000.0,415500.0,487833.0,513151.0,35.0,84.0,Roxbury
2015,South Boston,575000.0,517750.0,710137.0,639432.0,68.0,560.0,South Boston
2015,South Boston Waterfront,,820000.0,,1012717.5,0.0,38.0,South Boston Waterfront
2015,South End,2235000.0,800000.0,2760272.5,988017.0,30.0,582.0,South End
2015,West End,,527000.0,,650856.0,0.0,56.0,West End
2015,West Roxbury,460000.0,317500.0,568110.0,392119.5,287.0,114.0,West Roxbury
2016,Allston,723000.0,417500.0,881759.0,509176.0,10.0,80.0,Allston
2016,Back Bay,4750000.0,882500.0,5793021.0,1076282.0,7.0,421.0,Back Bay
2016,Beacon Hill,3350000.0,710000.0,4085604.0,865904.0,22.0,144.0,Beacon Hill
2016,Brighton,638000.0,399500.0,778094.0,487223.5,43.0,310.0,Brighton
2016,Charlestown,1150000.0,587500.0,1402521.0,716505.0,67.0,316.0,Charlestown
2016,Chinatown,1195000.0,665000.0,1457402.0,811023.0,1.0,4.0,Chinatown
2016,Dorchester,400000.0,350000.0,487833.0,426854.0,215.0,384.0,Dorchester
2016,Downtown,,999500.0,,1218973.5,0.0,244.0,Downtown
2016,East Boston,410000.0,410000.0,500029.0,500029.0,40.0,164.0,East Boston
2016,Fenway,2360000.0,537750.0,2878217.0,655831.0,1.0,170.0,Fenway
2016,Hyde Park,373000.0,245000.0,454905.0,298798.0,197.0,69.0,Hyde Park
2016,Jamaica Plain,797500.0,477500.0,972618.0,582351.0,94.0,380.0,Jamaica Plain
2016,Longwood,,347550.0,,423866.0,0.0,4.0,Longwood
2016,Mattapan,310000.0,348000.0,378071.0,424415.0,59.0,55.0,Mattapan
2016,Mission Hill,817500.0,542400.0,997009.0,661502.0,3.0,66.0,Mission Hill
2016,North End,688000.0,650000.0,839073.5,792729.0,2.0,173.0,North End
2016,Roslindale,512500.0,359500.0,625036.0,438440.0,115.0,156.0,Roslindale
2016,Roxbury,448500.0,385000.0,546983.0,469540.0,36.0,105.0,Roxbury
2016,South Boston,670000.0,582000.0,817121.0,709798.0,89.0,537.0,South Boston
2016,South Boston Waterfront,,970000.0,,1182996.0,0.0,33.0,South Boston Waterfront
2016,South End,2750000.0,853250.0,3353854.0,1040609.5,29.0,562.0,South End
2016,West End,18000000.0,539750.0,21952500.0,658270.0,1.0,50.0,West End
2016,West Roxbury,516500.0,320000.0,629914.5,390267.0,304.0,107.0,West Roxbury
2017,Allston,776000.0,425000.0,926704.5,507538.0,12.0,79.0,Allston
2017,Back Bay,5175000.0,1077500.0,6180018.5,1286757.5,10.0,344.0,Back Bay
2017,Beacon Hill,3339371.0,825000.0,3987898.0,985220.0,23.0,156.0,Beacon Hill
2017,Brighton,650500.0,420500.0,776831.0,502164.0,42.0,302.0,Brighton
2017,Charlestown,955000.0,649950.0,1140467.0,776174.5,74.0,292.0,Charlestown
2017,Chinatown,,617800.0,,737780.5,0.0,14.0,Chinatown
2017,Dorchester,470000.0,411000.0,561277.0,490819.0,178.0,402.0,Dorchester
2017,Downtown,,1052500.0,,1256902.5,0.0,228.0,Downtown
2017,East Boston,440500.0,425000.0,526048.0,507538.0,65.0,131.0,East Boston
2017,Fenway,3081250.0,638000.0,3679648.5,761904.0,2.0,205.0,Fenway
2017,Hyde Park,399000.0,245000.0,476488.0,292581.0,181.0,58.0,Hyde Park
2017,Jamaica Plain,871000.0,504000.0,1040154.0,601880.0,73.0,375.0,Jamaica Plain
2017,Longwood,,540750.0,,645767.0,0.0,6.0,Longwood
2017,Mattapan,376000.0,402500.0,449022.0,480668.0,63.0,40.0,Mattapan
2017,Mission Hill,848000.0,245700.0,1012687.0,293417.0,4.0,76.0,Mission Hill
2017,North End,1025000.0,729000.0,1224062.0,870576.0,3.0,143.0,North End
2017,Roslindale,550000.0,411213.0,656814.0,491073.5,113.0,136.0,Roslindale
2017,Roxbury,500000.0,457500.0,597103.0,546349.5,39.0,88.0,Roxbury
2017,South Boston,790000.0,610000.0,943423.0,728466.0,81.0,577.0,South Boston
2017,South Boston Waterfront,,907500.0,,1083742.5,0.0,40.0,South Boston Waterfront
2017,South End,2600000.0,915250.0,3104937.0,1092997.5,29.0,544.0,South End
2017,West End,,725000.0,,865800.0,0.0,79.0,West End
2017,West Roxbury,576600.0,360000.0,688579.0,429914.0,301.0,117.0,West Roxbury
2018,Allston,695000.0,489500.0,810141.5,570596.0,10.0,66.0,Allston
2018,Back Bay,5000000.0,1200000.0,5828355.0,1398805.0,7.0,339.0,Back Bay
2018,Beacon Hill,2843250.0,787500.0,3314294.5,917966.0,22.0,136.0,Beacon Hill
2018,Brighton,698000.0,434000.0,813638.0,505901.5,45.0,274.0,Brighton
2018,Charlestown,990500.0,713281.0,1154597.0,831451.0,69.0,273.0,Charlestown
2018,Chinatown,,699000.0,,814804.0,0.0,12.0,Chinatown
2018,Dorchester,531600.0,450000.0,619670.5,524552.0,186.0,347.0,Dorchester
2018,Downtown,,959000.0,,1117879.0,0.0,307.0,Downtown
2018,East Boston,560000.0,450000.0,652776.0,524552.0,59.0,131.0,East Boston
2018,Fenway,,700000.0,,815970.0,0.0,154.0,Fenway
2018,Hyde Park,440000.0,275000.0,512895.0,320560.0,209.0,89.0,Hyde Park
2018,Jamaica Plain,950000.0,583750.0,1107387.0,680460.5,81.0,350.0,Jamaica Plain
2018,Longwood,,469750.0,,547573.5,0.0,8.0,Longwood
2018,Mattapan,405000.0,450000.0,472096.5,524552.0,62.0,53.0,Mattapan
2018,Mission Hill,795000.0,585000.0,926708.0,681918.0,1.0,25.0,Mission Hill
2018,North End,,687500.0,,801399.0,0.0,145.0,North End
2018,Roslindale,609000.0,445000.0,709894.0,518724.0,121.0,155.0,Roslindale
2018,Roxbury,447500.0,477400.0,521638.0,556491.0,50.0,117.0,Roxbury
2018,South Boston,818750.0,700000.0,954393.0,815970.0,80.0,667.0,South Boston
2018,South Boston Waterfront,,1062500.0,,1238525.5,0.0,42.0,South Boston Waterfront
2018,South End,2600000.0,1030000.0,3030745.0,1200641.0,36.0,545.0,South End
2018,West End,,720061.5,,839355.0,0.0,102.0,West End
2018,West Roxbury,573250.0,385000.0,668221.0,448783.0,280.0,92.0,West Roxbury
2019,Allston,777000.0,442750.0,889433.0,506816.5,19.0,54.0,Allston
2019,Back Bay,5727617.5,1255000.0,6556408.5,1436599.5,6.0,348.0,Back Bay
2019,Beacon Hill,2728750.0,879550.0,3123602.5,1006821.5,24.0,166.0,Beacon Hill
2019,Brighton,749000.0,460000.0,857381.0,526562.0,47.0,253.0,Brighton
2019,Charlestown,1200000.0,705000.0,1373641.0,807014.0,75.0,309.0,Charlestown
2019,Chinatown,,2000000.0,,2289402.0,0.0,14.0,Chinatown
2019,Dorchester,550000.0,470000.0,629585.0,538009.0,189.0,443.0,Dorchester
2019,Downtown,,1200000.0,,1373641.0,0.0,231.0,Downtown
2019,East Boston,625000.0,530000.0,715438.0,606691.0,49.0,180.0,East Boston
2019,Fenway,,445000.0,,509392.0,0.0,226.0,Fenway
2019,Hyde Park,455000.0,341250.0,520839.0,390629.5,167.0,76.0,Hyde Park
2019,Jamaica Plain,835500.0,590000.0,956397.5,675373.0,78.0,328.0,Jamaica Plain
2019,Longwood,,612500.0,,701129.5,0.0,2.0,Longwood
2019,Mattapan,412500.0,462500.0,472189.0,529424.0,66.0,43.0,Mattapan
2019,Mission Hill,639000.0,581000.0,731464.0,665071.0,2.0,35.0,Mission Hill
2019,North End,3500000.0,729900.0,4006453.0,835517.0,1.0,115.0,North End
2019,Roslindale,600000.0,469250.0,686820.0,537151.0,116.0,160.0,Roslindale
2019,Roxbury,550000.0,437000.0,629585.0,500234.5,45.0,88.0,Roxbury
2019,South Boston,831000.0,702000.0,951246.5,803580.0,82.0,563.0,South Boston
2019,South Boston Waterfront,,1250000.0,,1430876.0,0.0,53.0,South Boston Waterfront
2019,South End,3000000.0,1020000.0,3434102.0,1167595.0,30.0,478.0,South End
2019,West End,,795250.0,,910323.5,0.0,78.0,West End
2019,West Roxbury,602500.0,375000.0,689682.0,429263.0,238.0,108.0,West Roxbury
2020,Allston,818300.0,518500.0,925488.0,586417.5,7.0,64.0,Allston
2020,Back Bay,7000000.0,1525000.0,7916924.5,1724759.0,6.0,336.0,Back Bay
2020,Beacon Hill,2750000.0,970000.0,3110220.0,1097060.0,23.0,153.0,Beacon Hill
2020,Brighton,739950.0,482450.0,836875.5,545646.0,42.0,258.0,Brighton
2020,Charlestown,1176000.0,740000.0,1330043.5,836932.0,64.0,356.0,Charlestown
2020,Chinatown,,715000.0,,808657.5,0.0,6.0,Chinatown
2020,Dorchester,600000.0,512500.0,678594.0,579632.0,152.0,567.0,Dorchester
2020,Downtown,,980000.0,,1108369.0,0.0,185.0,Downtown
2020,East Boston,535000.0,563500.0,605079.0,637312.5,61.0,316.0,East Boston
2020,Fenway,1960000.0,735000.0,2216739.0,831277.0,3.0,116.0,Fenway
2020,Hyde Park,509000.0,400000.0,575673.5,452396.0,162.0,83.0,Hyde Park
2020,Jamaica Plain,962500.0,650000.0,1088577.0,735143.0,79.0,559.0,Jamaica Plain
2020,Mattapan,435000.0,462000.0,491980.0,522517.0,35.0,39.0,Mattapan
2020,Mission Hill,1000000.0,595000.0,1130989.0,672939.0,3.0,33.0,Mission Hill
2020,North End,1075000.0,716250.0,1215813.0,810071.0,1.0,152.0,North End
2020,Roslindale,628750.0,485000.0,711109.5,548530.0,122.0,235.0,Roslindale
2020,Roxbury,583000.0,498000.0,659367.0,563233.0,36.0,130.0,Roxbury
2020,South Boston,864168.0,730000.0,977365.0,825622.0,79.0,682.0,South Boston
2020,South Boston Waterfront,,1361155.0,,1539452.0,0.0,217.0,South Boston Waterfront
2020,South End,2887500.0,1067500.0,3265731.5,1207330.5,24.0,514.0,South End
2020,West End,,605000.0,,684248.0,0.0,56.0,West End
2020,West Roxbury,665000.0,450000.0,752108.0,508945.0,249.0,118.0,West Roxbury
2021,Allston,929000.0,505000.0,1003389.0,545437.0,6.0,103.0,Allston
2021,Back Bay,5175000.0,1475000.0,5589382.0,1593109.0,8.0,409.0,Back Bay
2021,Beacon Hill,3350000.0,860000.0,3618247.0,928863.0,23.0,207.0,Beacon Hill
2021,Brighton,871000.0,500000.0,940744.0,540037.0,47.0,437.0,Brighton
2021,Charlestown,1230000.0,742500.0,1328491.0,801955.0,91.0,418.0,Charlestown
2021,Chinatown,1050000.0,660000.0,1134077.0,712849.0,1.0,15.0,Chinatown
2021,Dorchester,665000.0,561500.0,718249.0,606461.0,196.0,674.0,Dorchester
2021,Downtown,,1220000.0,,1317690.0,0.0,256.0,Downtown
2021,East Boston,687000.0,630000.0,742011.0,680446.0,62.0,633.0,East Boston
2021,Fenway,,690000.0,,745251.0,0.0,243.0,Fenway
2021,Hyde Park,576750.0,429000.0,622933.0,463352.0,190.0,99.0,Hyde Park
2021,Jamaica Plain,985000.0,665000.0,1063872.5,718249.0,86.0,551.0,Jamaica Plain
2021,Longwood,,658500.0,,711228.5,0.0,6.0,Longwood
2021,Mattapan,520000.0,601000.0,561638.0,649124.0,53.0,71.0,Mattapan
2021,Mission Hill,800000.0,593625.0,864059.0,641159.0,3.0,46.0,Mission Hill
2021,North End,1300000.0,743750.0,1404096.0,803305.0,3.0,200.0,North End
2021,Roslindale,730000.0,555000.0,788454.0,599441.0,155.0,265.0,Roslindale
2021,Roxbury,600000.0,525000.0,648044.0,567039.0,43.0,177.0,Roxbury
2021,South Boston,940000.0,765000.0,1015269.0,826256.0,97.0,971.0,South Boston
2021,South Boston Waterfront,,1561500.0,,1686535.0,0.0,233.0,South Boston Waterfront
2021,South End,3300000.0,995000.0,3564244.0,1074673.0,39.0,772.0,South End
2021,West End,,696000.0,,751731.5,0.0,74.0,West End
2021,West Roxbury,725000.0,450000.0,783054.0,486033.0,286.0,146.0,West Roxbury
2022,Allston,830000.0,500000.0,830000.0,500000.0,15.0,75.0,Allston
2022,Back Bay,5730000.0,1310000.0,5730000.0,1310000.0,2.0,314.0,Back Bay
2022,Beacon Hill,3562500.0,1065000.0,3562500.0,1065000.0,30.0,167.0,Beacon Hill
2022,Brighton,832500.0,494400.0,832500.0,494400.0,34.0,280.0,Brighton
2022,Charlestown,1415000.0,830000.0,1415000.0,830000.0,61.0,318.0,Charlestown
2022,Chinatown,,699000.0,,699000.0,0.0,59.0,Chinatown
2022,Dorchester,700000.0,550000.0,700000.0,550000.0,168.0,482.0,Dorchester
2022,Downtown,788000.0,1355000.0,788000.0,1355000.0,1.0,244.0,Downtown
2022,East Boston,690000.0,619500.0,690000.0,619500.0,45.0,472.0,East Boston
2022,Fenway,3000000.0,649000.0,3000000.0,649000.0,1.0,149.0,Fenway
2022,Hyde Park,600000.0,450000.0,600000.0,450000.0,164.0,58.0,Hyde Park
2022,Jamaica Plain,1175000.0,689000.0,1175000.0,689000.0,69.0,401.0,Jamaica Plain
2022,Longwood,,425000.0,,425000.0,0.0,3.0,Longwood
2022,Mattapan,520000.0,650000.0,520000.0,650000.0,47.0,38.0,Mattapan
2022,Mission Hill,675000.0,652500.0,675000.0,652500.0,3.0,32.0,Mission Hill
2022,North End,2570000.0,755500.0,2570000.0,755500.0,1.0,128.0,North End
2022,Roslindale,750000.0,606500.0,750000.0,606500.0,109.0,198.0,Roslindale
2022,Roxbury,622500.0,577000.0,622500.0,577000.0,26.0,178.0,Roxbury
2022,South Boston,1000000.0,793000.0,1000000.0,793000.0,73.0,604.0,South Boston
2022,South Boston Waterfront,,1361500.0,,1361500.0,0.0,178.0,South Boston Waterfront
2022,South End,3550000.0,1107000.0,3550000.0,1107000.0,21.0,641.0,South End
2022,West End,,690000.0,,690000.0,0.0,60.0,West End
2022,West Roxbury,765000.0,475000.0,765000.0,475000.0,241.0,135.0,West Roxbury
